ISO-10303-21;
HEADER;
FILE_DESCRIPTION(('ViewDefinition[DesignTransferView]'),'2;1');
FILE_NAME('s05-activity.ifc','2026-10-07T15:14:33+08:00',(''),(''),'IfcOpenShell 0.8.5-post1','Bonsai 0.8.5-post1','Nobody');
FILE_SCHEMA(('IFC4'));
ENDSEC;
DATA;
#1=IFCPROJECT('2D0pUhyRPAMBA5auQcDShf',$,'My Project',$,$,$,$,(#10,#22),#5);
#2=IFCSIUNIT(*,.LENGTHUNIT.,$,.METRE.);
#3=IFCSIUNIT(*,.AREAUNIT.,$,.SQUARE_METRE.);
#4=IFCSIUNIT(*,.VOLUMEUNIT.,$,.CUBIC_METRE.);
#5=IFCUNITASSIGNMENT((#4,#2,#3));
#6=IFCCARTESIANPOINT((0.,0.,0.));
#7=IFCDIRECTION((0.,0.,1.));
#8=IFCDIRECTION((1.,0.,0.));
#9=IFCAXIS2PLACEMENT3D(#6,#7,#8);
#10=IFCGEOMETRICREPRESENTATIONCONTEXT($,'Model',3,1.0000000000000001E-05,#9,$);
#11=IFCGEOMETRICREPRESENTATIONSUBCONTEXT('Body','Model',*,*,*,*,#10,$,.MODEL_VIEW.,$);
#12=IFCGEOMETRICREPRESENTATIONSUBCONTEXT('Axis','Model',*,*,*,*,#10,$,.GRAPH_VIEW.,$);
#13=IFCGEOMETRICREPRESENTATIONSUBCONTEXT('Box','Model',*,*,*,*,#10,$,.MODEL_VIEW.,$);
#14=IFCGEOMETRICREPRESENTATIONSUBCONTEXT('Annotation','Model',*,*,*,*,#10,$,.SECTION_VIEW.,$);
#15=IFCGEOMETRICREPRESENTATIONSUBCONTEXT('Annotation','Model',*,*,*,*,#10,$,.ELEVATION_VIEW.,$);
#16=IFCGEOMETRICREPRESENTATIONSUBCONTEXT('Annotation','Model',*,*,*,*,#10,$,.MODEL_VIEW.,$);
#17=IFCGEOMETRICREPRESENTATIONSUBCONTEXT('Annotation','Model',*,*,*,*,#10,$,.PLAN_VIEW.,$);
#18=IFCGEOMETRICREPRESENTATIONSUBCONTEXT('Profile','Model',*,*,*,*,#10,$,.ELEVATION_VIEW.,$);
#19=IFCCARTESIANPOINT((0.,0.));
#20=IFCDIRECTION((1.,0.));
#21=IFCAXIS2PLACEMENT2D(#19,#20);
#22=IFCGEOMETRICREPRESENTATIONCONTEXT($,'Plan',2,1.0000000000000001E-05,#21,$);
#23=IFCGEOMETRICREPRESENTATIONSUBCONTEXT('Axis','Plan',*,*,*,*,#22,$,.GRAPH_VIEW.,$);
#24=IFCGEOMETRICREPRESENTATIONSUBCONTEXT('Body','Plan',*,*,*,*,#22,$,.PLAN_VIEW.,$);
#25=IFCGEOMETRICREPRESENTATIONSUBCONTEXT('Annotation','Plan',*,*,*,*,#22,$,.PLAN_VIEW.,$);
#26=IFCGEOMETRICREPRESENTATIONSUBCONTEXT('Annotation','Plan',*,*,*,*,#22,$,.REFLECTED_PLAN_VIEW.,$);
#27=IFCSITE('2WbmeVMrb6bhuE7e5Z2XGQ',$,'My Site',$,$,#50,$,$,$,$,$,$,$,$);
#33=IFCBUILDING('1qSbJOtLD5ogtUyvA8xQWq',$,'My Building',$,$,#56,$,$,$,$,$,$);
#39=IFCBUILDINGSTOREY('2sRv_W9K56H9bz4J64Ja_E',$,'2F',$,$,#16749,$,$,$,$);
#45=IFCRELAGGREGATES('3A2dzuQejDTQWIeitRP4uW',$,$,$,#1,(#27));
#46=IFCCARTESIANPOINT((0.,0.,0.));
#47=IFCDIRECTION((0.,0.,1.));
#48=IFCDIRECTION((1.,0.,0.));
#49=IFCAXIS2PLACEMENT3D(#46,#47,#48);
#50=IFCLOCALPLACEMENT($,#49);
#51=IFCRELAGGREGATES('3Vte7Rczb028AHRbKdr_GN',$,$,$,#27,(#33));
#52=IFCCARTESIANPOINT((0.,0.,0.));
#53=IFCDIRECTION((0.,0.,1.));
#54=IFCDIRECTION((1.,0.,0.));
#55=IFCAXIS2PLACEMENT3D(#52,#53,#54);
#56=IFCLOCALPLACEMENT(#50,#55);
#57=IFCRELAGGREGATES('0MXmhoVZHDgBRw8q8rs54l',$,$,$,#33,(#39,#63,#17892));
#63=IFCBUILDINGSTOREY('33xWEPdkf0_wiEsI6kF4rI',$,'GF',$,$,#79,$,$,$,$);
#75=IFCCARTESIANPOINT((0.,0.,0.));
#76=IFCDIRECTION((0.,0.,1.));
#77=IFCDIRECTION((1.,0.,0.));
#78=IFCAXIS2PLACEMENT3D(#75,#76,#77);
#79=IFCLOCALPLACEMENT(#56,#78);
#80=IFCWALLTYPE('09sCGD9rTCdPD8SfthCp1K',$,'Wall-2F',$,$,(#85),$,$,$,.SOLIDWALL.);
#81=IFCMATERIAL('Unknown',$,$);
#82=IFCMATERIALLAYERSET((#84),$,$);
#83=IFCRELASSOCIATESMATERIAL('2ElAj2J0P1EvFU9DV_MzMu',$,$,$,(#80),#82);
#84=IFCMATERIALLAYER(#81,0.10000000149011612,$,$,$,$,$);
#85=IFCPROPERTYSET('3Vxyar87fBchrrpErw10eD',$,'EPset_Parametric',$,(#86));
#86=IFCPROPERTYSINGLEVALUE('LayerSetDirection',$,IFCLABEL('AXIS2'),$);
#87=IFCWALL('3bxr84M$XEoQXP3AMyMXOw',$,'Wall',$,$,#1411,#95,$,$);
#88=IFCRELCONTAINEDINSPATIALSTRUCTURE('2aGlrYiS58CBxbsQRLFJCe',$,$,$,(#202,#17094,#16680,#127,#18049,#17072,#17050,#252,#3261,#3723,#16935,#16957,#17023,#4394,#87,#16913,#177,#16979,#17001,#791,#1145,#17148,#1504,#1942,#14881,#16054,#16659,#227,#1050,#18072,#152,#18094,#18138,#4138,#16890,#18160,#2890,#15389,#816,#18248,#15673,#15926,#14786,#15457,#16410,#2249,#1120,#18204,#277,#1635,#18285,#17121,#11165,#18914),#63);
#89=IFCRELDEFINESBYTYPE('2K0k4$01z7d9_pxtcbOxiM',$,$,$,(#127,#6863,#6939,#6174,#227,#1050,#6349,#152,#6274,#6199,#252,#6825,#6299,#6124,#6901,#87,#177,#791,#1120,#6224,#277,#6149,#202,#816,#6324,#1145,#6249),#80);
#90=IFCMATERIALLAYERSETUSAGE(#82,.AXIS2.,.POSITIVE.,0.,$);
#91=IFCRELASSOCIATESMATERIAL('1ldzAPCIv7Xf3W3zlwIDL$',$,$,$,(#87),#90);
#95=IFCPRODUCTDEFINITIONSHAPE($,$,(#17559,#17556));
#111=IFCPROPERTYSET('16SFQxU398ywqSZsiouOxY',$,'EPset_Parametric',$,(#113));
#112=IFCRELDEFINESBYPROPERTIES('0cDGtMEzvE1Qv65$wIZR5V',$,$,$,(#87),#111);
#113=IFCPROPERTYSINGLEVALUE('Engine',$,IFCLABEL('Bonsai.DumbLayer2'),$);
#127=IFCWALL('37pMsu2Z527BoZb3ivQ6gd',$,'Wall',$,$,#138,#133,$,$);
#128=IFCMATERIALLAYERSETUSAGE(#82,.AXIS2.,.POSITIVE.,0.,$);
#129=IFCRELASSOCIATESMATERIAL('2MPCeFc_5D1RjLPeOz2zMx',$,$,$,(#127),#128);
#133=IFCPRODUCTDEFINITIONSHAPE($,$,(#17858,#17855));
#134=IFCCARTESIANPOINT((4.2274765968322754,-2.6000680923461914,0.));
#135=IFCDIRECTION((0.,0.,1.));
#136=IFCDIRECTION((7.5497901264043109E-08,0.99999999999999711,0.));
#137=IFCAXIS2PLACEMENT3D(#134,#135,#136);
#138=IFCLOCALPLACEMENT(#79,#137);
#149=IFCPROPERTYSET('0zDt0rXMv4P98RFWbjC5y5',$,'EPset_Parametric',$,(#151));
#150=IFCRELDEFINESBYPROPERTIES('1yyVu8K_L14eJc0ebsUxfI',$,$,$,(#127),#149);
#151=IFCPROPERTYSINGLEVALUE('Engine',$,IFCLABEL('Bonsai.DumbLayer2'),$);
#152=IFCWALL('32ZFv0pBHFku7Q5ARJjfsg',$,'Wall',$,$,#411,#158,$,$);
#153=IFCMATERIALLAYERSETUSAGE(#82,.AXIS2.,.POSITIVE.,0.,$);
#154=IFCRELASSOCIATESMATERIAL('0WNCx6OcXEpeBfcchbnGP7',$,$,$,(#152),#153);
#158=IFCPRODUCTDEFINITIONSHAPE($,$,(#17546,#17543));
#174=IFCPROPERTYSET('1e6rVjGF51RhL1bmFkiNi5',$,'EPset_Parametric',$,(#176));
#175=IFCRELDEFINESBYPROPERTIES('0xz33A66D8zRCIC6MDZJ7a',$,$,$,(#152),#174);
#176=IFCPROPERTYSINGLEVALUE('Engine',$,IFCLABEL('Bonsai.DumbLayer2'),$);
#177=IFCWALL('1JbPfLD0L2FxvB3o6wtxFE',$,'Wall',$,$,#443,#183,$,$);
#178=IFCMATERIALLAYERSETUSAGE(#82,.AXIS2.,.POSITIVE.,0.,$);
#179=IFCRELASSOCIATESMATERIAL('0W$cRH1Xr7WwjG0qc6Nt8w',$,$,$,(#177),#178);
#183=IFCPRODUCTDEFINITIONSHAPE($,$,(#17715,#17712));
#199=IFCPROPERTYSET('23JKc6dmj2LwQhM4nLM0J7',$,'EPset_Parametric',$,(#201));
#200=IFCRELDEFINESBYPROPERTIES('1YTtB_hIT5EgNyiCUJb1xp',$,$,$,(#177),#199);
#201=IFCPROPERTYSINGLEVALUE('Engine',$,IFCLABEL('Bonsai.DumbLayer2'),$);
#202=IFCWALL('1GaJ_V3zr68Ot01YnG_UgR',$,'Wall',$,$,#213,#208,$,$);
#203=IFCMATERIALLAYERSETUSAGE(#82,.AXIS2.,.POSITIVE.,0.,$);
#204=IFCRELASSOCIATESMATERIAL('0Q2BuA_cr6DRkvgriB9dvJ',$,$,$,(#202),#203);
#208=IFCPRODUCTDEFINITIONSHAPE($,$,(#17754,#17751));
#209=IFCCARTESIANPOINT((0.76747715473175049,5.0499310493469238,0.));
#210=IFCDIRECTION((0.,0.,1.));
#211=IFCDIRECTION((-0.99999999999992428,3.8941436741876494E-07,0.));
#212=IFCAXIS2PLACEMENT3D(#209,#210,#211);
#213=IFCLOCALPLACEMENT(#79,#212);
#224=IFCPROPERTYSET('04zehZUI56WBukR4HbVRYJ',$,'EPset_Parametric',$,(#226));
#225=IFCRELDEFINESBYPROPERTIES('1_mBdVj8T9I8RWTScjc2Q5',$,$,$,(#202),#224);
#226=IFCPROPERTYSINGLEVALUE('Engine',$,IFCLABEL('Bonsai.DumbLayer2'),$);
#227=IFCWALL('2zXEZUxEDF7gjFGvB7rJ_B',$,'Wall',$,$,#502,#233,$,$);
#228=IFCMATERIALLAYERSETUSAGE(#82,.AXIS2.,.POSITIVE.,0.,$);
#229=IFCRELASSOCIATESMATERIAL('2J4r3NgSH9fxY3BBwPEiM_',$,$,$,(#227),#228);
#233=IFCPRODUCTDEFINITIONSHAPE($,$,(#17793,#17790));
#249=IFCPROPERTYSET('12Iyc9khT4xut6GinZbJB1',$,'EPset_Parametric',$,(#251));
#250=IFCRELDEFINESBYPROPERTIES('3XWVpMQMD0j9FgqkeiBRo7',$,$,$,(#227),#249);
#251=IFCPROPERTYSINGLEVALUE('Engine',$,IFCLABEL('Bonsai.DumbLayer2'),$);
#252=IFCWALL('1HasStk4vEqOXp83rmNNge',$,'Wall',$,$,#534,#258,$,$);
#253=IFCMATERIALLAYERSETUSAGE(#82,.AXIS2.,.POSITIVE.,0.,$);
#254=IFCRELASSOCIATESMATERIAL('06DPszzw9EuhH$P3Qycaut',$,$,$,(#252),#253);
#258=IFCPRODUCTDEFINITIONSHAPE($,$,(#17611,#17608));
#274=IFCPROPERTYSET('3nbnHKPsv2BRcien3buahg',$,'EPset_Parametric',$,(#276));
#275=IFCRELDEFINESBYPROPERTIES('2M9U84WdvECQZ618dkEHnx',$,$,$,(#252),#274);
#276=IFCPROPERTYSINGLEVALUE('Engine',$,IFCLABEL('Bonsai.DumbLayer2'),$);
#277=IFCWALL('2vzKk0qrn8YPOTd27PhW7z',$,'Wall',$,$,#566,#283,$,$);
#278=IFCMATERIALLAYERSETUSAGE(#82,.AXIS2.,.POSITIVE.,0.,$);
#279=IFCRELASSOCIATESMATERIAL('0$VQd0qaT798kgHuoi_maZ',$,$,$,(#277),#278);
#283=IFCPRODUCTDEFINITIONSHAPE($,$,(#17832,#17829));
#299=IFCPROPERTYSET('0wHtgFGbD8dfhevdtPS6qB',$,'EPset_Parametric',$,(#301));
#300=IFCRELDEFINESBYPROPERTIES('1kv1aBOb94nBUJwwXRl4ID',$,$,$,(#277),#299);
#301=IFCPROPERTYSINGLEVALUE('Engine',$,IFCLABEL('Bonsai.DumbLayer2'),$);
#393=IFCRELCONNECTSPATHELEMENTS('0l1NERmKL49hFLSESWuvVW',$,$,$,$,#152,#127,(),(),.ATEND.,.ATSTART.);
#407=IFCCARTESIANPOINT((4.2274772846181303,6.5099315643310867,0.));
#408=IFCDIRECTION((0.,0.,1.));
#409=IFCDIRECTION((-0.99999999999998868,-1.5099580252808492E-07,0.));
#410=IFCAXIS2PLACEMENT3D(#407,#408,#409);
#411=IFCLOCALPLACEMENT(#79,#410);
#425=IFCRELCONNECTSPATHELEMENTS('1Lw_P4qmr2te9ZkQE5SsKr',$,$,$,$,#177,#152,(),(),.ATEND.,.ATSTART.);
#439=IFCCARTESIANPOINT((0.76747703552246438,6.5099310418855731,0.));
#440=IFCDIRECTION((0.,0.,1.));
#441=IFCDIRECTION((7.5497901264043123E-08,-0.99999999999999722,0.));
#442=IFCAXIS2PLACEMENT3D(#439,#440,#441);
#443=IFCLOCALPLACEMENT(#79,#442);
#457=IFCRELCONNECTSPATHELEMENTS('2nq01oJPz6pODzu8AkYyP2',$,$,$,$,#202,#177,(),(),.ATEND.,.ATSTART.);
#484=IFCRELCONNECTSPATHELEMENTS('2ala3397D4Eveeh8O1TXDo',$,$,$,$,#227,#202,(),(),.ATEND.,.ATSTART.);
#498=IFCCARTESIANPOINT((-2.7825226783753125,5.0499324317678642,0.));
#499=IFCDIRECTION((0.,0.,1.));
#500=IFCDIRECTION((7.5497901264043123E-08,-0.99999999999999722,0.));
#501=IFCAXIS2PLACEMENT3D(#498,#499,#500);
#502=IFCLOCALPLACEMENT(#79,#501);
#516=IFCRELCONNECTSPATHELEMENTS('0A9O9oMpbDAgxKtuC4YKin',$,$,$,$,#252,#227,(),(),.ATEND.,.ATSTART.);
#530=IFCCARTESIANPOINT((-2.7825222895610455,-0.10006856918334961,0.));
#531=IFCDIRECTION((0.,0.,1.));
#532=IFCDIRECTION((1.,0.,0.));
#533=IFCAXIS2PLACEMENT3D(#530,#531,#532);
#534=IFCLOCALPLACEMENT(#79,#533);
#548=IFCRELCONNECTSPATHELEMENTS('1cppRAlR1Cgv2$qbLwb7c6',$,$,$,$,#277,#252,(),(),.ATEND.,.ATSTART.);
#562=IFCCARTESIANPOINT((0.21747779935588726,-0.10006856918334962,0.));
#563=IFCDIRECTION((0.,0.,1.));
#564=IFCDIRECTION((0.0039995363467321427,-0.99999200182252024,0.));
#565=IFCAXIS2PLACEMENT3D(#562,#563,#564);
#566=IFCLOCALPLACEMENT(#79,#565);
#791=IFCWALL('1oPxQ7QX15zg5tJvfFTWU1',$,'Wall',$,$,#802,#797,$,$);
#792=IFCMATERIALLAYERSETUSAGE(#82,.AXIS2.,.POSITIVE.,0.,$);
#793=IFCRELASSOCIATESMATERIAL('1KHZNAvZX4QfsePcA$PrKZ',$,$,$,(#791),#792);
#797=IFCPRODUCTDEFINITIONSHAPE($,$,(#17533,#17530));
#798=IFCCARTESIANPOINT((0.31707862019538879,-6.8556750193238258E-05,0.));
#799=IFCDIRECTION((0.,0.,1.));
#800=IFCDIRECTION((7.5497901264043109E-08,0.99999999999999711,0.));
#801=IFCAXIS2PLACEMENT3D(#798,#799,#800);
#802=IFCLOCALPLACEMENT(#79,#801);
#813=IFCPROPERTYSET('3zlQojbu95aAh1lSHDbJHC',$,'EPset_Parametric',$,(#815));
#814=IFCRELDEFINESBYPROPERTIES('2xThblrcDAcuBGOrlY8jFa',$,$,$,(#791),#813);
#815=IFCPROPERTYSINGLEVALUE('Engine',$,IFCLABEL('Bonsai.DumbLayer2'),$);
#816=IFCWALL('1bQJq1h95DzwwJPmulAA15',$,'Wall',$,$,#885,#822,$,$);
#817=IFCMATERIALLAYERSETUSAGE(#82,.AXIS2.,.POSITIVE.,0.,$);
#818=IFCRELASSOCIATESMATERIAL('0iMgKhqGr7JBUGmL6oI_qF',$,$,$,(#816),#817);
#822=IFCPRODUCTDEFINITIONSHAPE($,$,(#17637,#17634));
#838=IFCPROPERTYSET('0EkYFgrnj8wwfc5Ihejajx',$,'EPset_Parametric',$,(#840));
#839=IFCRELDEFINESBYPROPERTIES('1dfz_pvcr0FhMe1yleD$AI',$,$,$,(#816),#838);
#840=IFCPROPERTYSINGLEVALUE('Engine',$,IFCLABEL('Bonsai.DumbLayer2'),$);
#867=IFCRELCONNECTSPATHELEMENTS('3oEbH5Mt53s900bo5SSUcN',$,$,$,$,#816,#791,(),(),.ATEND.,.ATSTART.);
#881=IFCCARTESIANPOINT((0.31707881648991676,2.5999312400817853,0.));
#882=IFCDIRECTION((0.,0.,1.));
#883=IFCDIRECTION((-0.99999999999998868,-1.5099580252808492E-07,0.));
#884=IFCAXIS2PLACEMENT3D(#881,#882,#883);
#885=IFCLOCALPLACEMENT(#79,#884);
#1023=IFCRELCONNECTSPATHELEMENTS('1UcyCoexnF8g0ocDbIrHXm',$,$,$,$,#816,#227,(),(),.ATPATH.,.ATEND.);
#1050=IFCWALL('0x0NZqplbFIuAxFTVVV_7d',$,'Wall',$,$,#1092,#1056,$,$);
#1051=IFCMATERIALLAYERSETUSAGE(#82,.AXIS2.,.POSITIVE.,0.,$);
#1052=IFCRELASSOCIATESMATERIAL('3Q$sHzDeHDy9mvamP4eF2M',$,$,$,(#1050),#1051);
#1056=IFCPRODUCTDEFINITIONSHAPE($,$,(#17676,#17673));
#1072=IFCPROPERTYSET('1QzWPZkfDDTgduGesl_8eP',$,'EPset_Parametric',$,(#1074));
#1073=IFCRELDEFINESBYPROPERTIES('3uR2Mo0LLAd9GanP22bQqq',$,$,$,(#1050),#1072);
#1074=IFCPROPERTYSINGLEVALUE('Engine',$,IFCLABEL('Bonsai.DumbLayer2'),$);
#1088=IFCCARTESIANPOINT((-1.1811661720275879,2.5999312400817871,0.));
#1089=IFCDIRECTION((0.,0.,1.));
#1090=IFCDIRECTION((1.9470718370939353E-07,0.99999999999998113,0.));
#1091=IFCAXIS2PLACEMENT3D(#1088,#1089,#1090);
#1092=IFCLOCALPLACEMENT(#79,#1091);
#1093=IFCRELCONNECTSPATHELEMENTS('2$m$pURA5AsxsRL2L8f3Rq',$,$,$,$,#1050,#202,(),(),.ATPATH.,.ATEND.);
#1120=IFCWALL('3$OX2ftAbEqv57gn0KDeed',$,'Wall',$,$,#1306,#1126,$,$);
#1121=IFCMATERIALLAYERSETUSAGE(#82,.AXIS2.,.POSITIVE.,0.,$);
#1122=IFCRELASSOCIATESMATERIAL('2NQOOpe41Ei9KmVN68uAF4',$,$,$,(#1120),#1121);
#1126=IFCPRODUCTDEFINITIONSHAPE($,$,(#17728,#17725));
#1142=IFCPROPERTYSET('3tTKgcpjn86wov96TWj9bj',$,'EPset_Parametric',$,(#1144));
#1143=IFCRELDEFINESBYPROPERTIES('08NJ$faY5EKgdAW2UxUN9g',$,$,$,(#1120),#1142);
#1144=IFCPROPERTYSINGLEVALUE('Engine',$,IFCLABEL('Bonsai.DumbLayer2'),$);
#1145=IFCWALL('3QS3GPDV9FT9m6G36Pf0_4',$,'Wall',$,$,#1392,#1151,$,$);
#1146=IFCMATERIALLAYERSETUSAGE(#82,.AXIS2.,.POSITIVE.,0.,$);
#1147=IFCRELASSOCIATESMATERIAL('3CQrXgocz4rAb3bP0pHLB9',$,$,$,(#1145),#1146);
#1151=IFCPRODUCTDEFINITIONSHAPE($,$,(#17819,#17816));
#1167=IFCPROPERTYSET('2mXVCT3wvAgQI7XrTmadhj',$,'EPset_Parametric',$,(#1169));
#1168=IFCRELDEFINESBYPROPERTIES('3NKdCIwu13nwqDhqkW3VZN',$,$,$,(#1145),#1167);
#1169=IFCPROPERTYSINGLEVALUE('Engine',$,IFCLABEL('Bonsai.DumbLayer2'),$);
#1270=IFCRELCONNECTSPATHELEMENTS('0uYGqoZxjDjfj6O8FpgKVt',$,$,$,$,#1145,#1050,(),(),.ATPATH.,.ATEND.);
#1302=IFCCARTESIANPOINT((0.76747715473175049,5.0499310493469238,0.));
#1303=IFCDIRECTION((0.,0.,1.));
#1304=IFCDIRECTION((1.9470718370939353E-07,-0.99999999999998113,0.));
#1305=IFCAXIS2PLACEMENT3D(#1302,#1303,#1304);
#1306=IFCLOCALPLACEMENT(#79,#1305);
#1334=IFCRELCONNECTSPATHELEMENTS('0V1n0V4Nv7GP4uiWTXDcM$',$,$,$,$,#1120,#202,(),(),.ATPATH.,.ATSTART.);
#1361=IFCRELCONNECTSPATHELEMENTS('0Os26sBFz0lR9OuyDMKFXK',$,$,$,$,#1120,#1145,(),(),.ATSTART.,.ATEND.);
#1388=IFCCARTESIANPOINT((0.76747744484545599,3.5599310398101141,0.));
#1389=IFCDIRECTION((0.,0.,1.));
#1390=IFCDIRECTION((-0.99999999999992428,3.8941436741876494E-07,0.));
#1391=IFCAXIS2PLACEMENT3D(#1388,#1389,#1390);
#1392=IFCLOCALPLACEMENT(#79,#1391);
#1393=IFCRELCONNECTSPATHELEMENTS('3fQ6JMULb8NuhxT_AkP_a7',$,$,$,$,#87,#277,(),(),.ATEND.,.ATSTART.);
#1407=IFCCARTESIANPOINT((0.22747671828871829,-2.6000680923461914,0.));
#1408=IFCDIRECTION((0.,0.,1.));
#1409=IFCDIRECTION((1.,0.,0.));
#1410=IFCAXIS2PLACEMENT3D(#1407,#1408,#1409);
#1411=IFCLOCALPLACEMENT(#79,#1410);
#1425=IFCRELCONNECTSPATHELEMENTS('2fiyQ38hHBJQ6U81Wci0Yl',$,$,$,$,#87,#127,(),(),.ATSTART.,.ATEND.);
#1452=IFCSLABTYPE('3LF7CQ8qz8Hfa4IuoB$dqL',$,'Slab-2F',$,$,(#1456),$,$,$,.FLOOR.);
#1453=IFCMATERIALLAYERSET((#1455),$,$);
#1454=IFCRELASSOCIATESMATERIAL('3wi8L8XEj1bQUqfusIzfAn',$,$,$,(#1452),#1453);
#1455=IFCMATERIALLAYER(#81,0.10000000000000001,$,$,$,$,$);
#1456=IFCPROPERTYSET('0SN3tnGTLEwOcNKWSSbcaG',$,'EPset_Parametric',$,(#1457));
#1457=IFCPROPERTYSINGLEVALUE('LayerSetDirection',$,IFCLABEL('AXIS3'),$);
#1504=IFCSLAB('1E8zEFSSDEFAHt_nMyHibm',$,'Slab',$,$,#1512,#1519,$,$);
#1505=IFCRELDEFINESBYTYPE('3$OCd5VyH6PPTnapVkY2lR',$,$,$,(#1504,#6102,#4574),#1452);
#1506=IFCMATERIALLAYERSETUSAGE(#1453,.AXIS3.,.POSITIVE.,-0.10000000149011612,$);
#1507=IFCRELASSOCIATESMATERIAL('0p7GbbVWT6BRaguakingdc',$,$,$,(#1504),#1506);
#1508=IFCCARTESIANPOINT((4.2274765968322754,-2.6000680923461914,0.));
#1509=IFCDIRECTION((0.,0.,1.));
#1510=IFCDIRECTION((1.,0.,0.));
#1511=IFCAXIS2PLACEMENT3D(#1508,#1509,#1510);
#1512=IFCLOCALPLACEMENT(#79,#1511);
#1513=IFCCARTESIANPOINTLIST2D(((0.,0.),(-0.0013899803161621094,9.108607292175293),(-3.4599995613098145,9.1099987030029297),(-3.4599993228912354,7.6837868690490723),(-7.0099992752075195,7.6500005722045898),(-7.0099987983703613,2.4999995231628418),(-4.0099987983703613,2.4999995231628418),(-4.,0.),(0.,0.)));
#1514=IFCINDEXEDPOLYCURVE(#1513,$,$);
#1515=IFCDIRECTION((0.,0.,1.));
#1516=IFCARBITRARYCLOSEDPROFILEDEF(.AREA.,$,#1514);
#1517=IFCEXTRUDEDAREASOLID(#1516,#1526,#1515,0.10000000000000001);
#1518=IFCSHAPEREPRESENTATION(#11,'Body','SweptSolid',(#1517));
#1519=IFCPRODUCTDEFINITIONSHAPE($,$,(#1518));
#1520=IFCPROPERTYSET('3yxYQMswj2cQzruv1PLiPu',$,'EPset_Parametric',$,(#1522));
#1521=IFCRELDEFINESBYPROPERTIES('2fQlp2Kr9EqAVqE9EqdGJA',$,$,$,(#1504),#1520);
#1522=IFCPROPERTYSINGLEVALUE('Engine',$,IFCLABEL('Bonsai.DumbLayer3'),$);
#1523=IFCCARTESIANPOINT((-0.,-0.,-0.10000000149011612));
#1524=IFCDIRECTION((0.,0.,1.));
#1525=IFCDIRECTION((1.,0.,0.));
#1526=IFCAXIS2PLACEMENT3D(#1523,#1524,#1525);
#1527=IFCDOORTYPE('3TJBi_tmz8E8Hq9oEWFryx',$,'Main-GF',$,$,(#1528),(#1537,#1615,#1634),$,$,.DOOR.,.SINGLE_SWING_LEFT.,$,$);
#1528=IFCPROPERTYSET('2caNy$eZD7UQ$XKm_qbn$i',$,'BBIM_Door',$,(#1529));
#1529=IFCPROPERTYSINGLEVALUE('Data',$,IFCTEXT('{"door_type": "SINGLE_SWING_LEFT", "overall_height": 2.0, "overall_width": 0.8999999761581421, "lining_properties": {"lining_depth": 0.05000000074505806, "lining_thickness": 0.05000000074505806, "lining_offset": 0.0, "lining_to_panel_offset_x": 0.02500000037252903, "lining_to_panel_offset_y": 0.02500000037252903, "transom_thickness": 0.0, "casing_thickness": 0.07500000298023224, "casing_depth": 0.004999999888241291, "threshold_thickness": 0.02500000037252903, "threshold_depth": 0.10000000149011612, "threshold_offset": 0.0}, "panel_properties": {"panel_depth": 0.03500000014901161, "panel_width_ratio": 1.0}}'),$);
#1533=IFCCARTESIANPOINT((0.,0.,0.));
#1534=IFCDIRECTION((1.,0.,0.));
#1535=IFCDIRECTION((0.,0.,1.));
#1536=IFCAXIS2PLACEMENT3D(#1533,#1535,#1534);
#1537=IFCREPRESENTATIONMAP(#1536,#1717);
#1611=IFCCARTESIANPOINT((0.,0.,0.));
#1612=IFCDIRECTION((1.,0.,0.));
#1613=IFCDIRECTION((0.,0.,1.));
#1614=IFCAXIS2PLACEMENT3D(#1611,#1613,#1612);
#1615=IFCREPRESENTATIONMAP(#1614,#1790);
#1630=IFCCARTESIANPOINT((0.,0.,0.));
#1631=IFCDIRECTION((1.,0.,0.));
#1632=IFCDIRECTION((0.,0.,1.));
#1633=IFCAXIS2PLACEMENT3D(#1630,#1632,#1631);
#1634=IFCREPRESENTATIONMAP(#1633,#1808);
#1635=IFCDOOR('2Ng3jTiS9Aif_MPG2hY$6M',$,'Door',$,$,#1833,#1644,$,2.,0.89999997615814209,$,.SINGLE_SWING_LEFT.,$);
#1636=IFCRELDEFINESBYTYPE('0Z_Jwzq710vfAGa71LWb3H',$,$,$,(#1635),#1527);
#1637=IFCCARTESIANPOINT((0.,0.,0.));
#1638=IFCDIRECTION((1.,0.,0.));
#1639=IFCDIRECTION((0.,1.,0.));
#1640=IFCDIRECTION((0.,0.,1.));
#1641=IFCCARTESIANTRANSFORMATIONOPERATOR3D(#1638,#1639,#1637,1.,#1640);
#1642=IFCMAPPEDITEM(#1537,#1641);
#1643=IFCSHAPEREPRESENTATION(#18,'Profile','MappedRepresentation',(#1642));
#1644=IFCPRODUCTDEFINITIONSHAPE($,$,(#1643,#1651,#1658));
#1645=IFCCARTESIANPOINT((0.,0.,0.));
#1646=IFCDIRECTION((1.,0.,0.));
#1647=IFCDIRECTION((0.,1.,0.));
#1648=IFCDIRECTION((0.,0.,1.));
#1649=IFCCARTESIANTRANSFORMATIONOPERATOR3D(#1646,#1647,#1645,1.,#1648);
#1650=IFCMAPPEDITEM(#1615,#1649);
#1651=IFCSHAPEREPRESENTATION(#11,'Body','MappedRepresentation',(#1650));
#1652=IFCCARTESIANPOINT((0.,0.,0.));
#1653=IFCDIRECTION((1.,0.,0.));
#1654=IFCDIRECTION((0.,1.,0.));
#1655=IFCDIRECTION((0.,0.,1.));
#1656=IFCCARTESIANTRANSFORMATIONOPERATOR3D(#1653,#1654,#1652,1.,#1655);
#1657=IFCMAPPEDITEM(#1634,#1656);
#1658=IFCSHAPEREPRESENTATION(#24,'Body','MappedRepresentation',(#1657));
#1659=IFCOPENINGELEMENT('1kCoXs7Xn5U9JZAd8gC0o_',$,'Opening',$,$,#1828,#1687,$,.OPENING.);
#1675=IFCCARTESIANPOINT((0.,0.,0.));
#1676=IFCDIRECTION((1.,0.,0.));
#1677=IFCDIRECTION((0.,0.,1.));
#1678=IFCAXIS2PLACEMENT3D(#1675,#1677,#1676);
#1679=IFCREPRESENTATIONMAP(#1678,#1818);
#1680=IFCCARTESIANPOINT((0.,0.,0.));
#1681=IFCDIRECTION((1.,0.,0.));
#1682=IFCDIRECTION((0.,1.,0.));
#1683=IFCDIRECTION((0.,0.,1.));
#1684=IFCCARTESIANTRANSFORMATIONOPERATOR3D(#1681,#1682,#1680,1.,#1683);
#1685=IFCMAPPEDITEM(#1679,#1684);
#1686=IFCSHAPEREPRESENTATION(#11,'Body','MappedRepresentation',(#1685));
#1687=IFCPRODUCTDEFINITIONSHAPE($,$,(#1686));
#1688=IFCRELVOIDSELEMENT('20O8Nf9$f74x4m6bnGkN$Z',$,$,$,#87,#1659);
#1694=IFCRELFILLSELEMENT('2g_RMgF9f31A3o$Gk6aPFP',$,$,$,#1659,#1635);
#1715=IFCCARTESIANPOINTLIST3D(((0.,0.,0.),(0.89999997615814209,0.,0.),(0.89999997615814209,0.,2.),(0.,0.,2.)));
#1716=IFCINDEXEDPOLYCURVE(#1715,(IFCLINEINDEX((1,2,3,4,1))),$);
#1717=IFCSHAPEREPRESENTATION(#18,'Profile','Curve3D',(#1716));
#1718=IFCCARTESIANPOINTLIST2D(((0.,0.),(0.,2.),(0.89999997615814209,2.),(0.89999997615814209,0.),(0.87499997578561306,0.),(0.87499997578561306,1.974999999627471),(0.02500000037252903,1.974999999627471),(0.02500000037252903,0.)));
#1719=IFCINDEXEDPOLYCURVE(#1718,(IFCLINEINDEX((1,2,3,4,5,6,7,8,1))),$);
#1720=IFCARBITRARYCLOSEDPROFILEDEF(.AREA.,$,#1719);
#1721=IFCCARTESIANPOINT((0.,0.02500000037252903,0.));
#1722=IFCDIRECTION((0.,-1.,0.));
#1723=IFCDIRECTION((1.,0.,0.));
#1724=IFCAXIS2PLACEMENT3D(#1721,#1722,#1723);
#1725=IFCDIRECTION((0.,0.,-1.));
#1726=IFCEXTRUDEDAREASOLID(#1720,#1724,#1725,0.02500000037252903);
#1727=IFCCARTESIANPOINTLIST2D(((0.,0.),(0.,2.),(0.89999997615814209,2.),(0.89999997615814209,0.),(0.84999997541308403,0.),(0.84999997541308403,1.9499999992549419),(0.05000000074505806,1.9499999992549419),(0.05000000074505806,0.)));
#1728=IFCINDEXEDPOLYCURVE(#1727,(IFCLINEINDEX((1,2,3,4,5,6,7,8,1))),$);
#1729=IFCARBITRARYCLOSEDPROFILEDEF(.AREA.,$,#1728);
#1730=IFCCARTESIANPOINT((0.,0.,0.));
#1731=IFCDIRECTION((0.,-1.,0.));
#1732=IFCDIRECTION((1.,0.,0.));
#1733=IFCAXIS2PLACEMENT3D(#1730,#1731,#1732);
#1734=IFCDIRECTION((0.,0.,-1.));
#1735=IFCEXTRUDEDAREASOLID(#1729,#1733,#1734,0.02500000037252903);
#1736=IFCCARTESIANPOINTLIST2D(((0.,0.),(0.79999997466802597,0.),(0.79999997466802597,0.10000000149011612),(0.,0.10000000149011612)));
#1737=IFCINDEXEDPOLYCURVE(#1736,(IFCLINEINDEX((1,2,3,4,1))),$);
#1738=IFCARBITRARYCLOSEDPROFILEDEF(.AREA.,$,#1737);
#1739=IFCCARTESIANPOINT((0.05000000074505806,0.,0.));
#1740=IFCDIRECTION((0.,0.,1.));
#1741=IFCDIRECTION((1.,0.,0.));
#1742=IFCAXIS2PLACEMENT3D(#1739,#1740,#1741);
#1743=IFCDIRECTION((0.,0.,1.));
#1744=IFCEXTRUDEDAREASOLID(#1738,#1742,#1743,0.02500000037252903);
#1745=IFCCARTESIANPOINTLIST2D(((0.,0.),(0.,2.0250000022351742),(0.94999998062849045,2.0250000022351742),(0.94999998062849045,0.),(0.87499997764825821,0.),(0.87499997764825821,1.9499999992549419),(0.075000002980232239,1.9499999992549419),(0.075000002980232239,0.)));
#1746=IFCINDEXEDPOLYCURVE(#1745,(IFCLINEINDEX((1,2,3,4,5,6,7,8,1))),$);
#1747=IFCARBITRARYCLOSEDPROFILEDEF(.AREA.,$,#1746);
#1748=IFCCARTESIANPOINT((-0.025000002235174179,-0.004999999888241291,0.));
#1749=IFCDIRECTION((0.,-1.,0.));
#1750=IFCDIRECTION((1.,0.,0.));
#1751=IFCAXIS2PLACEMENT3D(#1748,#1749,#1750);
#1752=IFCDIRECTION((0.,0.,-1.));
#1753=IFCEXTRUDEDAREASOLID(#1747,#1751,#1752,0.004999999888241291);
#1754=IFCCARTESIANPOINTLIST2D(((0.,0.),(0.,2.0250000022351742),(0.94999998062849045,2.0250000022351742),(0.94999998062849045,0.),(0.89999997802078724,0.),(0.89999997802078724,1.974999999627471),(0.050000002607703209,1.974999999627471),(0.050000002607703209,0.)));
#1755=IFCINDEXEDPOLYCURVE(#1754,(IFCLINEINDEX((1,2,3,4,5,6,7,8,1))),$);
#1756=IFCARBITRARYCLOSEDPROFILEDEF(.AREA.,$,#1755);
#1757=IFCCARTESIANPOINT((-0.025000002235174179,0.05000000074505806,0.));
#1758=IFCDIRECTION((0.,-1.,0.));
#1759=IFCDIRECTION((1.,0.,0.));
#1760=IFCAXIS2PLACEMENT3D(#1757,#1758,#1759);
#1761=IFCDIRECTION((0.,0.,-1.));
#1762=IFCEXTRUDEDAREASOLID(#1756,#1760,#1761,0.004999999888241291);
#1763=IFCCARTESIANPOINTLIST2D(((0.,0.),(0.84999997541308403,0.),(0.84999997541308403,0.035000000149011612),(0.,0.035000000149011612)));
#1764=IFCINDEXEDPOLYCURVE(#1763,(IFCLINEINDEX((1,2,3,4,1))),$);
#1765=IFCARBITRARYCLOSEDPROFILEDEF(.AREA.,$,#1764);
#1766=IFCCARTESIANPOINT((0.02500000037252903,0.02500000037252903,0.02500000037252903));
#1767=IFCDIRECTION((0.,0.,1.));
#1768=IFCDIRECTION((1.,0.,0.));
#1769=IFCAXIS2PLACEMENT3D(#1766,#1767,#1768);
#1770=IFCDIRECTION((0.,0.,1.));
#1771=IFCEXTRUDEDAREASOLID(#1765,#1769,#1770,1.9499999992549419);
#1772=IFCCARTESIANPOINTLIST2D(((0.,0.),(0.,-0.040000000000000001),(-0.11999999999999988,-0.040000000000000001),(-0.11999999999999988,-0.02),(-0.020000000000000018,-0.02),(-0.020000000000000018,0.)));
#1773=IFCINDEXEDPOLYCURVE(#1772,(IFCLINEINDEX((1,2,3,4,5,6,1))),$);
#1774=IFCARBITRARYCLOSEDPROFILEDEF(.AREA.,$,#1773);
#1775=IFCCARTESIANPOINT((0.82499997578561302,0.02500000037252903,1.015000000372529));
#1776=IFCDIRECTION((0.,0.,1.));
#1777=IFCDIRECTION((1.,0.,0.));
#1778=IFCAXIS2PLACEMENT3D(#1775,#1776,#1777);
#1779=IFCDIRECTION((0.,0.,1.));
#1780=IFCEXTRUDEDAREASOLID(#1774,#1778,#1779,0.02);
#1781=IFCEXTRUDEDAREASOLID(#1782,#1785,#1789,0.02);
#1782=IFCARBITRARYCLOSEDPROFILEDEF(.AREA.,$,#1783);
#1783=IFCINDEXEDPOLYCURVE(#1784,(IFCLINEINDEX((1,2,3,4,5,6,1))),$);
#1784=IFCCARTESIANPOINTLIST2D(((0.,0.),(0.,0.040000000000000008),(-0.11999999999999988,0.040000000000000008),(-0.11999999999999988,0.020000000000000004),(-0.020000000000000018,0.020000000000000004),(-0.020000000000000018,0.)));
#1785=IFCAXIS2PLACEMENT3D(#1786,#1787,#1788);
#1786=IFCCARTESIANPOINT((0.82499997578561302,0.060000000521540642,1.015000000372529));
#1787=IFCDIRECTION((0.,0.,1.));
#1788=IFCDIRECTION((1.,0.,0.));
#1789=IFCDIRECTION((0.,0.,1.));
#1790=IFCSHAPEREPRESENTATION(#11,'Body','SweptSolid',(#1726,#1735,#1771,#1780,#1781,#1744,#1753,#1762));
#1791=IFCSHAPEREPRESENTATION(#11,'Body','SweptSolid',(#1726,#1735,#1744,#1753,#1762));
#1792=IFCSHAPEASPECT((#1791),'Lining',$,.T.,#1644);
#1793=IFCSHAPEREPRESENTATION(#11,'Body','SweptSolid',(#1771,#1780,#1781));
#1794=IFCSHAPEASPECT((#1793),'Framing',$,.T.,#1644);
#1795=IFCCARTESIANPOINTLIST2D(((0.,0.),(0.,0.05000000074505806),(0.02500000037252903,0.05000000074505806),(0.02500000037252903,0.02500000037252903),(0.05000000074505806,0.02500000037252903),(0.05000000074505806,0.)));
#1796=IFCINDEXEDPOLYCURVE(#1795,(IFCLINEINDEX((1,2,3,4,5,6,1))),$);
#1797=IFCINDEXEDPOLYCURVE(#1798,(IFCLINEINDEX((1,2,3,4,5,6,1))),$);
#1798=IFCCARTESIANPOINTLIST2D(((0.89999997615814209,0.),(0.89999997615814209,0.05000000074505806),(0.87499997578561306,0.05000000074505806),(0.87499997578561306,0.02500000037252903),(0.84999997541308403,0.02500000037252903),(0.84999997541308403,0.)));
#1799=IFCDIRECTION((1.,0.));
#1800=IFCCARTESIANPOINT((0.060000000521540642,0.05000000074505806));
#1801=IFCAXIS2PLACEMENT2D(#1800,#1799);
#1802=IFCELLIPSE(#1801,0.81499997526407242,0.84999997541308403);
#1803=IFCCARTESIANPOINT((0.87499997578561306,0.05000000074505806));
#1804=IFCCARTESIANPOINT((0.060000000521540642,0.89999997615814209));
#1805=IFCTRIMMEDCURVE(#1802,(#1803),(#1804),.T.,.CARTESIAN.);
#1806=IFCCARTESIANPOINTLIST2D(((0.02500000037252903,0.05000000074505806),(0.060000000521540642,0.05000000074505806),(0.060000000521540642,0.89999997615814209),(0.02500000037252903,0.89999997615814209)));
#1807=IFCINDEXEDPOLYCURVE(#1806,(IFCLINEINDEX((1,2,3,4,1))),$);
#1808=IFCSHAPEREPRESENTATION(#24,'Body','Curve2D',(#1796,#1797,#1805,#1807));
#1809=IFCCARTESIANPOINTLIST2D(((0.,0.),(0.89999997615814209,0.),(0.89999997615814209,2.),(0.,2.)));
#1810=IFCINDEXEDPOLYCURVE(#1809,(IFCLINEINDEX((1,2,3,4,1))),$);
#1811=IFCARBITRARYCLOSEDPROFILEDEF(.AREA.,$,#1810);
#1812=IFCCARTESIANPOINT((0.,-0.60000002384185791,0.));
#1813=IFCDIRECTION((0.,-1.,0.));
#1814=IFCDIRECTION((1.,0.,0.));
#1815=IFCAXIS2PLACEMENT3D(#1812,#1813,#1814);
#1816=IFCDIRECTION((0.,0.,-1.));
#1817=IFCEXTRUDEDAREASOLID(#1811,#1815,#1816,1.2);
#1818=IFCSHAPEREPRESENTATION(#11,'Body','SweptSolid',(#1817));
#1824=IFCCARTESIANPOINT((0.32701062931412594,4.76837158203125E-07,0.));
#1825=IFCDIRECTION((0.,0.,1.));
#1826=IFCDIRECTION((0.99999999999997158,-2.3841857910155572E-07,0.));
#1827=IFCAXIS2PLACEMENT3D(#1824,#1825,#1826);
#1828=IFCLOCALPLACEMENT(#1411,#1827);
#1829=IFCCARTESIANPOINT((0.,0.,0.));
#1830=IFCDIRECTION((0.,0.,1.));
#1831=IFCDIRECTION((1.,0.,0.));
#1832=IFCAXIS2PLACEMENT3D(#1829,#1830,#1831);
#1833=IFCLOCALPLACEMENT(#1828,#1832);
#1834=IFCDOORTYPE('0b5GXwhV56tPi3brEDQDoR',$,'Guest-GF',$,$,(#1835),(#1837,#1845,#1923),$,$,.DOOR.,.SINGLE_SWING_LEFT.,$,$);
#1835=IFCPROPERTYSET('3vuu_kO9jF6Q4VXQuohF6E',$,'BBIM_Door',$,(#1836));
#1836=IFCPROPERTYSINGLEVALUE('Data',$,IFCTEXT('{"door_type": "SINGLE_SWING_RIGHT", "overall_height": 2.0, "overall_width": 0.8999999761581421, "lining_properties": {"lining_depth": 0.05000000074505806, "lining_thickness": 0.05000000074505806, "lining_offset": 0.0, "lining_to_panel_offset_x": 0.02500000037252903, "lining_to_panel_offset_y": 0.02500000037252903, "transom_thickness": 0.0, "casing_thickness": 0.07500000298023224, "casing_depth": 0.004999999888241291, "threshold_thickness": 0.02500000037252903, "threshold_depth": 0.10000000149011612, "threshold_offset": 0.0}, "panel_properties": {"panel_depth": 0.03500000014901161, "panel_width_ratio": 1.0}}'),$);
#1837=IFCREPRESENTATIONMAP(#1838,#2024);
#1838=IFCAXIS2PLACEMENT3D(#1839,#1840,#1841);
#1839=IFCCARTESIANPOINT((0.,0.,0.));
#1840=IFCDIRECTION((0.,0.,1.));
#1841=IFCDIRECTION((1.,0.,0.));
#1845=IFCREPRESENTATIONMAP(#1846,#2097);
#1846=IFCAXIS2PLACEMENT3D(#1847,#1848,#1849);
#1847=IFCCARTESIANPOINT((0.,0.,0.));
#1848=IFCDIRECTION((0.,0.,1.));
#1849=IFCDIRECTION((1.,0.,0.));
#1923=IFCREPRESENTATIONMAP(#1924,#2115);
#1924=IFCAXIS2PLACEMENT3D(#1925,#1926,#1927);
#1925=IFCCARTESIANPOINT((0.,0.,0.));
#1926=IFCDIRECTION((0.,0.,1.));
#1927=IFCDIRECTION((1.,0.,0.));
#1942=IFCDOOR('1VC_jQsVb4kPHEvkBC91$G',$,'Door',$,$,#2140,#1951,$,2.,0.89999997615814209,$,.SINGLE_SWING_RIGHT.,$);
#1943=IFCRELDEFINESBYTYPE('1YFM109YfFwgnv3ZwQKMUT',$,$,$,(#1942),#1834);
#1944=IFCCARTESIANPOINT((0.,0.,0.));
#1945=IFCDIRECTION((1.,0.,0.));
#1946=IFCDIRECTION((0.,1.,0.));
#1947=IFCDIRECTION((0.,0.,1.));
#1948=IFCCARTESIANTRANSFORMATIONOPERATOR3D(#1945,#1946,#1944,1.,#1947);
#1949=IFCMAPPEDITEM(#1837,#1948);
#1950=IFCSHAPEREPRESENTATION(#18,'Profile','MappedRepresentation',(#1949));
#1951=IFCPRODUCTDEFINITIONSHAPE($,$,(#1950,#1958,#1965));
#1952=IFCCARTESIANPOINT((0.,0.,0.));
#1953=IFCDIRECTION((1.,0.,0.));
#1954=IFCDIRECTION((0.,1.,0.));
#1955=IFCDIRECTION((0.,0.,1.));
#1956=IFCCARTESIANTRANSFORMATIONOPERATOR3D(#1953,#1954,#1952,1.,#1955);
#1957=IFCMAPPEDITEM(#1845,#1956);
#1958=IFCSHAPEREPRESENTATION(#11,'Body','MappedRepresentation',(#1957));
#1959=IFCCARTESIANPOINT((0.,0.,0.));
#1960=IFCDIRECTION((1.,0.,0.));
#1961=IFCDIRECTION((0.,1.,0.));
#1962=IFCDIRECTION((0.,0.,1.));
#1963=IFCCARTESIANTRANSFORMATIONOPERATOR3D(#1960,#1961,#1959,1.,#1962);
#1964=IFCMAPPEDITEM(#1923,#1963);
#1965=IFCSHAPEREPRESENTATION(#24,'Body','MappedRepresentation',(#1964));
#1966=IFCOPENINGELEMENT('1an8BXHNz9wejlFfojV1yb',$,'Opening',$,$,#2135,#1994,$,.OPENING.);
#1982=IFCCARTESIANPOINT((0.,0.,0.));
#1983=IFCDIRECTION((1.,0.,0.));
#1984=IFCDIRECTION((0.,0.,1.));
#1985=IFCAXIS2PLACEMENT3D(#1982,#1984,#1983);
#1986=IFCREPRESENTATIONMAP(#1985,#2125);
#1987=IFCCARTESIANPOINT((0.,0.,0.));
#1988=IFCDIRECTION((1.,0.,0.));
#1989=IFCDIRECTION((0.,1.,0.));
#1990=IFCDIRECTION((0.,0.,1.));
#1991=IFCCARTESIANTRANSFORMATIONOPERATOR3D(#1988,#1989,#1987,1.,#1990);
#1992=IFCMAPPEDITEM(#1986,#1991);
#1993=IFCSHAPEREPRESENTATION(#11,'Body','MappedRepresentation',(#1992));
#1994=IFCPRODUCTDEFINITIONSHAPE($,$,(#1993));
#1995=IFCRELVOIDSELEMENT('19SVYHtsjEOR$XTc4wskmH',$,$,$,#791,#1966);
#2001=IFCRELFILLSELEMENT('062TszVXPD28V$MYfDtGY1',$,$,$,#1966,#1942);
#2022=IFCCARTESIANPOINTLIST3D(((0.,0.,0.),(0.89999997615814209,0.,0.),(0.89999997615814209,0.,2.),(0.,0.,2.)));
#2023=IFCINDEXEDPOLYCURVE(#2022,(IFCLINEINDEX((1,2,3,4,1))),$);
#2024=IFCSHAPEREPRESENTATION(#18,'Profile','Curve3D',(#2023));
#2025=IFCCARTESIANPOINTLIST2D(((0.,0.),(0.,2.),(0.89999997615814209,2.),(0.89999997615814209,0.),(0.87499997578561306,0.),(0.87499997578561306,1.974999999627471),(0.02500000037252903,1.974999999627471),(0.02500000037252903,0.)));
#2026=IFCINDEXEDPOLYCURVE(#2025,(IFCLINEINDEX((1,2,3,4,5,6,7,8,1))),$);
#2027=IFCARBITRARYCLOSEDPROFILEDEF(.AREA.,$,#2026);
#2028=IFCCARTESIANPOINT((0.,0.02500000037252903,0.));
#2029=IFCDIRECTION((0.,-1.,0.));
#2030=IFCDIRECTION((1.,0.,0.));
#2031=IFCAXIS2PLACEMENT3D(#2028,#2029,#2030);
#2032=IFCDIRECTION((0.,0.,-1.));
#2033=IFCEXTRUDEDAREASOLID(#2027,#2031,#2032,0.02500000037252903);
#2034=IFCCARTESIANPOINTLIST2D(((0.,0.),(0.,2.),(0.89999997615814209,2.),(0.89999997615814209,0.),(0.84999997541308403,0.),(0.84999997541308403,1.9499999992549419),(0.05000000074505806,1.9499999992549419),(0.05000000074505806,0.)));
#2035=IFCINDEXEDPOLYCURVE(#2034,(IFCLINEINDEX((1,2,3,4,5,6,7,8,1))),$);
#2036=IFCARBITRARYCLOSEDPROFILEDEF(.AREA.,$,#2035);
#2037=IFCCARTESIANPOINT((0.,0.,0.));
#2038=IFCDIRECTION((0.,-1.,0.));
#2039=IFCDIRECTION((1.,0.,0.));
#2040=IFCAXIS2PLACEMENT3D(#2037,#2038,#2039);
#2041=IFCDIRECTION((0.,0.,-1.));
#2042=IFCEXTRUDEDAREASOLID(#2036,#2040,#2041,0.02500000037252903);
#2043=IFCCARTESIANPOINTLIST2D(((0.,0.),(0.79999997466802597,0.),(0.79999997466802597,0.10000000149011612),(0.,0.10000000149011612)));
#2044=IFCINDEXEDPOLYCURVE(#2043,(IFCLINEINDEX((1,2,3,4,1))),$);
#2045=IFCARBITRARYCLOSEDPROFILEDEF(.AREA.,$,#2044);
#2046=IFCCARTESIANPOINT((0.05000000074505806,0.,0.));
#2047=IFCDIRECTION((0.,0.,1.));
#2048=IFCDIRECTION((1.,0.,0.));
#2049=IFCAXIS2PLACEMENT3D(#2046,#2047,#2048);
#2050=IFCDIRECTION((0.,0.,1.));
#2051=IFCEXTRUDEDAREASOLID(#2045,#2049,#2050,0.02500000037252903);
#2052=IFCCARTESIANPOINTLIST2D(((0.,0.),(0.,2.0250000022351742),(0.94999998062849045,2.0250000022351742),(0.94999998062849045,0.),(0.87499997764825821,0.),(0.87499997764825821,1.9499999992549419),(0.075000002980232239,1.9499999992549419),(0.075000002980232239,0.)));
#2053=IFCINDEXEDPOLYCURVE(#2052,(IFCLINEINDEX((1,2,3,4,5,6,7,8,1))),$);
#2054=IFCARBITRARYCLOSEDPROFILEDEF(.AREA.,$,#2053);
#2055=IFCCARTESIANPOINT((-0.025000002235174179,-0.004999999888241291,0.));
#2056=IFCDIRECTION((0.,-1.,0.));
#2057=IFCDIRECTION((1.,0.,0.));
#2058=IFCAXIS2PLACEMENT3D(#2055,#2056,#2057);
#2059=IFCDIRECTION((0.,0.,-1.));
#2060=IFCEXTRUDEDAREASOLID(#2054,#2058,#2059,0.004999999888241291);
#2061=IFCCARTESIANPOINTLIST2D(((0.,0.),(0.,2.0250000022351742),(0.94999998062849045,2.0250000022351742),(0.94999998062849045,0.),(0.89999997802078724,0.),(0.89999997802078724,1.974999999627471),(0.050000002607703209,1.974999999627471),(0.050000002607703209,0.)));
#2062=IFCINDEXEDPOLYCURVE(#2061,(IFCLINEINDEX((1,2,3,4,5,6,7,8,1))),$);
#2063=IFCARBITRARYCLOSEDPROFILEDEF(.AREA.,$,#2062);
#2064=IFCCARTESIANPOINT((-0.025000002235174179,0.05000000074505806,0.));
#2065=IFCDIRECTION((0.,-1.,0.));
#2066=IFCDIRECTION((1.,0.,0.));
#2067=IFCAXIS2PLACEMENT3D(#2064,#2065,#2066);
#2068=IFCDIRECTION((0.,0.,-1.));
#2069=IFCEXTRUDEDAREASOLID(#2063,#2067,#2068,0.004999999888241291);
#2070=IFCCARTESIANPOINTLIST2D(((0.,0.),(0.84999997541308403,0.),(0.84999997541308403,0.035000000149011612),(0.,0.035000000149011612)));
#2071=IFCINDEXEDPOLYCURVE(#2070,(IFCLINEINDEX((1,2,3,4,1))),$);
#2072=IFCARBITRARYCLOSEDPROFILEDEF(.AREA.,$,#2071);
#2073=IFCCARTESIANPOINT((0.02500000037252903,0.02500000037252903,0.02500000037252903));
#2074=IFCDIRECTION((0.,0.,1.));
#2075=IFCDIRECTION((1.,0.,0.));
#2076=IFCAXIS2PLACEMENT3D(#2073,#2074,#2075);
#2077=IFCDIRECTION((0.,0.,1.));
#2078=IFCEXTRUDEDAREASOLID(#2072,#2076,#2077,1.9499999992549419);
#2079=IFCCARTESIANPOINTLIST2D(((0.,0.),(0.,-0.040000000000000001),(0.12,-0.040000000000000001),(0.12,-0.02),(0.02,-0.02),(0.02,0.)));
#2080=IFCINDEXEDPOLYCURVE(#2079,(IFCLINEINDEX((1,2,3,4,5,6,1))),$);
#2081=IFCARBITRARYCLOSEDPROFILEDEF(.AREA.,$,#2080);
#2082=IFCCARTESIANPOINT((0.075000000372529033,0.02500000037252903,1.015000000372529));
#2083=IFCDIRECTION((0.,0.,1.));
#2084=IFCDIRECTION((1.,0.,0.));
#2085=IFCAXIS2PLACEMENT3D(#2082,#2083,#2084);
#2086=IFCDIRECTION((0.,0.,1.));
#2087=IFCEXTRUDEDAREASOLID(#2081,#2085,#2086,0.02);
#2088=IFCEXTRUDEDAREASOLID(#2089,#2092,#2096,0.02);
#2089=IFCARBITRARYCLOSEDPROFILEDEF(.AREA.,$,#2090);
#2090=IFCINDEXEDPOLYCURVE(#2091,(IFCLINEINDEX((1,2,3,4,5,6,1))),$);
#2091=IFCCARTESIANPOINTLIST2D(((0.,0.),(0.,0.040000000000000008),(0.11999999999999998,0.040000000000000008),(0.11999999999999998,0.020000000000000004),(0.020000000000000004,0.020000000000000004),(0.020000000000000004,0.)));
#2092=IFCAXIS2PLACEMENT3D(#2093,#2094,#2095);
#2093=IFCCARTESIANPOINT((0.075000000372529033,0.060000000521540642,1.015000000372529));
#2094=IFCDIRECTION((0.,0.,1.));
#2095=IFCDIRECTION((1.,0.,0.));
#2096=IFCDIRECTION((0.,0.,1.));
#2097=IFCSHAPEREPRESENTATION(#11,'Body','SweptSolid',(#2033,#2042,#2078,#2087,#2088,#2051,#2060,#2069));
#2098=IFCSHAPEREPRESENTATION(#11,'Body','SweptSolid',(#2033,#2042,#2051,#2060,#2069));
#2099=IFCSHAPEASPECT((#2098),'Lining',$,.T.,#1951);
#2100=IFCSHAPEREPRESENTATION(#11,'Body','SweptSolid',(#2078,#2087,#2088));
#2101=IFCSHAPEASPECT((#2100),'Framing',$,.T.,#1951);
#2102=IFCCARTESIANPOINTLIST2D(((0.,0.),(0.,0.05000000074505806),(0.02500000037252903,0.05000000074505806),(0.02500000037252903,0.02500000037252903),(0.05000000074505806,0.02500000037252903),(0.05000000074505806,0.)));
#2103=IFCINDEXEDPOLYCURVE(#2102,(IFCLINEINDEX((1,2,3,4,5,6,1))),$);
#2104=IFCINDEXEDPOLYCURVE(#2105,(IFCLINEINDEX((1,2,3,4,5,6,1))),$);
#2105=IFCCARTESIANPOINTLIST2D(((0.89999997615814209,0.),(0.89999997615814209,0.05000000074505806),(0.87499997578561306,0.05000000074505806),(0.87499997578561306,0.02500000037252903),(0.84999997541308403,0.02500000037252903),(0.84999997541308403,0.)));
#2106=IFCDIRECTION((1.,0.));
#2107=IFCCARTESIANPOINT((0.83999997563660145,0.05000000074505806));
#2108=IFCAXIS2PLACEMENT2D(#2107,#2106);
#2109=IFCELLIPSE(#2108,0.81499997526407242,0.84999997541308403);
#2110=IFCCARTESIANPOINT((0.83999997563660145,0.89999997615814209));
#2111=IFCCARTESIANPOINT((0.02500000037252903,0.05000000074505806));
#2112=IFCTRIMMEDCURVE(#2109,(#2110),(#2111),.T.,.CARTESIAN.);
#2113=IFCCARTESIANPOINTLIST2D(((0.87499997578561306,0.05000000074505806),(0.83999997563660145,0.05000000074505806),(0.83999997563660145,0.89999997615814209),(0.87499997578561306,0.89999997615814209)));
#2114=IFCINDEXEDPOLYCURVE(#2113,(IFCLINEINDEX((1,2,3,4,1))),$);
#2115=IFCSHAPEREPRESENTATION(#24,'Body','Curve2D',(#2103,#2104,#2112,#2114));
#2116=IFCCARTESIANPOINTLIST2D(((0.,0.),(0.89999997615814209,0.),(0.89999997615814209,2.),(0.,2.)));
#2117=IFCINDEXEDPOLYCURVE(#2116,(IFCLINEINDEX((1,2,3,4,1))),$);
#2118=IFCARBITRARYCLOSEDPROFILEDEF(.AREA.,$,#2117);
#2119=IFCCARTESIANPOINT((0.,-0.60000002384185791,0.));
#2120=IFCDIRECTION((0.,-1.,0.));
#2121=IFCDIRECTION((1.,0.,0.));
#2122=IFCAXIS2PLACEMENT3D(#2119,#2120,#2121);
#2123=IFCDIRECTION((0.,0.,-1.));
#2124=IFCEXTRUDEDAREASOLID(#2118,#2122,#2123,1.2);
#2125=IFCSHAPEREPRESENTATION(#11,'Body','SweptSolid',(#2124));
#2131=IFCCARTESIANPOINT((1.5643516893032985,-1.1040201530754246E-09,0.));
#2132=IFCDIRECTION((0.,0.,1.));
#2133=IFCDIRECTION((0.99999999999997147,-2.384185719961227E-07,0.));
#2134=IFCAXIS2PLACEMENT3D(#2131,#2132,#2133);
#2135=IFCLOCALPLACEMENT(#802,#2134);
#2136=IFCCARTESIANPOINT((2.2204460492503131E-16,0.,0.));
#2137=IFCDIRECTION((0.,0.,1.));
#2138=IFCDIRECTION((1.,5.2939559203393771E-23,0.));
#2139=IFCAXIS2PLACEMENT3D(#2136,#2137,#2138);
#2140=IFCLOCALPLACEMENT(#2135,#2139);
#2141=IFCDOORTYPE('2WWRoLhq16ywglmV2SW3Hx',$,'Bathroom-GF',$,$,(#2142),(#2144,#2152,#2230),$,$,.DOOR.,.SINGLE_SWING_LEFT.,$,$);
#2142=IFCPROPERTYSET('34oB3HB$L6F8gh$m3eTgqy',$,'BBIM_Door',$,(#2143));
#2143=IFCPROPERTYSINGLEVALUE('Data',$,IFCTEXT('{"door_type": "SINGLE_SWING_LEFT", "overall_height": 2.0, "overall_width": 0.8181763291358948, "lining_properties": {"lining_depth": 0.05000000074505806, "lining_thickness": 0.05000000074505806, "lining_offset": 0.0, "lining_to_panel_offset_x": 0.02500000037252903, "lining_to_panel_offset_y": 0.02500000037252903, "transom_thickness": 0.0, "casing_thickness": 0.07500000298023224, "casing_depth": 0.004999999888241291, "threshold_thickness": 0.02500000037252903, "threshold_depth": 0.10000000149011612, "threshold_offset": 0.0}, "panel_properties": {"panel_depth": 0.03500000014901161, "panel_width_ratio": 1.0}}'),$);
#2144=IFCREPRESENTATIONMAP(#2145,#2665);
#2145=IFCAXIS2PLACEMENT3D(#2146,#2147,#2148);
#2146=IFCCARTESIANPOINT((0.,0.,0.));
#2147=IFCDIRECTION((0.,0.,1.));
#2148=IFCDIRECTION((1.,0.,0.));
#2152=IFCREPRESENTATIONMAP(#2153,#2738);
#2153=IFCAXIS2PLACEMENT3D(#2154,#2155,#2156);
#2154=IFCCARTESIANPOINT((0.,0.,0.));
#2155=IFCDIRECTION((0.,0.,1.));
#2156=IFCDIRECTION((1.,0.,0.));
#2230=IFCREPRESENTATIONMAP(#2231,#2756);
#2231=IFCAXIS2PLACEMENT3D(#2232,#2233,#2234);
#2232=IFCCARTESIANPOINT((0.,0.,0.));
#2233=IFCDIRECTION((0.,0.,1.));
#2234=IFCDIRECTION((1.,0.,0.));
#2249=IFCDOOR('0Sjg30L819KOEALEv1FYkn',$,'Door',$,$,#2781,#2258,$,2.,0.81817632913589478,$,.SINGLE_SWING_LEFT.,$);
#2250=IFCRELDEFINESBYTYPE('3Cux0lzBX8qwt5786GsUUZ',$,$,$,(#2249),#2141);
#2251=IFCCARTESIANPOINT((0.,0.,0.));
#2252=IFCDIRECTION((1.,0.,0.));
#2253=IFCDIRECTION((0.,1.,0.));
#2254=IFCDIRECTION((0.,0.,1.));
#2255=IFCCARTESIANTRANSFORMATIONOPERATOR3D(#2252,#2253,#2251,1.,#2254);
#2256=IFCMAPPEDITEM(#2144,#2255);
#2257=IFCSHAPEREPRESENTATION(#18,'Profile','MappedRepresentation',(#2256));
#2258=IFCPRODUCTDEFINITIONSHAPE($,$,(#2257,#2265,#2272));
#2259=IFCCARTESIANPOINT((0.,0.,0.));
#2260=IFCDIRECTION((1.,0.,0.));
#2261=IFCDIRECTION((0.,1.,0.));
#2262=IFCDIRECTION((0.,0.,1.));
#2263=IFCCARTESIANTRANSFORMATIONOPERATOR3D(#2260,#2261,#2259,1.,#2262);
#2264=IFCMAPPEDITEM(#2152,#2263);
#2265=IFCSHAPEREPRESENTATION(#11,'Body','MappedRepresentation',(#2264));
#2266=IFCCARTESIANPOINT((0.,0.,0.));
#2267=IFCDIRECTION((1.,0.,0.));
#2268=IFCDIRECTION((0.,1.,0.));
#2269=IFCDIRECTION((0.,0.,1.));
#2270=IFCCARTESIANTRANSFORMATIONOPERATOR3D(#2267,#2268,#2266,1.,#2269);
#2271=IFCMAPPEDITEM(#2230,#2270);
#2272=IFCSHAPEREPRESENTATION(#24,'Body','MappedRepresentation',(#2271));
#2273=IFCOPENINGELEMENT('0NrwDxJH13FuwmcKuJG$md',$,'Opening',$,$,#2776,#2301,$,.OPENING.);
#2289=IFCCARTESIANPOINT((0.,0.,0.));
#2290=IFCDIRECTION((1.,0.,0.));
#2291=IFCDIRECTION((0.,0.,1.));
#2292=IFCAXIS2PLACEMENT3D(#2289,#2291,#2290);
#2293=IFCREPRESENTATIONMAP(#2292,#2766);
#2294=IFCCARTESIANPOINT((0.,0.,0.));
#2295=IFCDIRECTION((1.,0.,0.));
#2296=IFCDIRECTION((0.,1.,0.));
#2297=IFCDIRECTION((0.,0.,1.));
#2298=IFCCARTESIANTRANSFORMATIONOPERATOR3D(#2295,#2296,#2294,1.,#2297);
#2299=IFCMAPPEDITEM(#2293,#2298);
#2300=IFCSHAPEREPRESENTATION(#11,'Body','MappedRepresentation',(#2299));
#2301=IFCPRODUCTDEFINITIONSHAPE($,$,(#2300));
#2302=IFCRELVOIDSELEMENT('3Xj$tcc7j17fmjroeNike2',$,$,$,#1050,#2273);
#2308=IFCRELFILLSELEMENT('3eMTsEtCT4Z957xBg_tHfB',$,$,$,#2273,#2249);
#2663=IFCCARTESIANPOINTLIST3D(((0.,0.,0.),(0.81817632913589478,0.,0.),(0.81817632913589478,0.,2.),(0.,0.,2.)));
#2664=IFCINDEXEDPOLYCURVE(#2663,(IFCLINEINDEX((1,2,3,4,1))),$);
#2665=IFCSHAPEREPRESENTATION(#18,'Profile','Curve3D',(#2664));
#2666=IFCCARTESIANPOINTLIST2D(((0.,0.),(0.,2.),(0.81817632913589478,2.),(0.81817632913589478,0.),(0.79317632876336575,0.),(0.79317632876336575,1.974999999627471),(0.02500000037252903,1.974999999627471),(0.02500000037252903,0.)));
#2667=IFCINDEXEDPOLYCURVE(#2666,(IFCLINEINDEX((1,2,3,4,5,6,7,8,1))),$);
#2668=IFCARBITRARYCLOSEDPROFILEDEF(.AREA.,$,#2667);
#2669=IFCCARTESIANPOINT((0.,0.02500000037252903,0.));
#2670=IFCDIRECTION((0.,-1.,0.));
#2671=IFCDIRECTION((1.,0.,0.));
#2672=IFCAXIS2PLACEMENT3D(#2669,#2670,#2671);
#2673=IFCDIRECTION((0.,0.,-1.));
#2674=IFCEXTRUDEDAREASOLID(#2668,#2672,#2673,0.02500000037252903);
#2675=IFCCARTESIANPOINTLIST2D(((0.,0.),(0.,2.),(0.81817632913589478,2.),(0.81817632913589478,0.),(0.76817632839083672,0.),(0.76817632839083672,1.9499999992549419),(0.05000000074505806,1.9499999992549419),(0.05000000074505806,0.)));
#2676=IFCINDEXEDPOLYCURVE(#2675,(IFCLINEINDEX((1,2,3,4,5,6,7,8,1))),$);
#2677=IFCARBITRARYCLOSEDPROFILEDEF(.AREA.,$,#2676);
#2678=IFCCARTESIANPOINT((0.,0.,0.));
#2679=IFCDIRECTION((0.,-1.,0.));
#2680=IFCDIRECTION((1.,0.,0.));
#2681=IFCAXIS2PLACEMENT3D(#2678,#2679,#2680);
#2682=IFCDIRECTION((0.,0.,-1.));
#2683=IFCEXTRUDEDAREASOLID(#2677,#2681,#2682,0.02500000037252903);
#2684=IFCCARTESIANPOINTLIST2D(((0.,0.),(0.71817632764577866,0.),(0.71817632764577866,0.10000000149011612),(0.,0.10000000149011612)));
#2685=IFCINDEXEDPOLYCURVE(#2684,(IFCLINEINDEX((1,2,3,4,1))),$);
#2686=IFCARBITRARYCLOSEDPROFILEDEF(.AREA.,$,#2685);
#2687=IFCCARTESIANPOINT((0.05000000074505806,0.,0.));
#2688=IFCDIRECTION((0.,0.,1.));
#2689=IFCDIRECTION((1.,0.,0.));
#2690=IFCAXIS2PLACEMENT3D(#2687,#2688,#2689);
#2691=IFCDIRECTION((0.,0.,1.));
#2692=IFCEXTRUDEDAREASOLID(#2686,#2690,#2691,0.02500000037252903);
#2693=IFCCARTESIANPOINTLIST2D(((0.,0.),(0.,2.0250000022351742),(0.86817633360624313,2.0250000022351742),(0.86817633360624313,0.),(0.79317633062601089,0.),(0.79317633062601089,1.9499999992549419),(0.075000002980232239,1.9499999992549419),(0.075000002980232239,0.)));
#2694=IFCINDEXEDPOLYCURVE(#2693,(IFCLINEINDEX((1,2,3,4,5,6,7,8,1))),$);
#2695=IFCARBITRARYCLOSEDPROFILEDEF(.AREA.,$,#2694);
#2696=IFCCARTESIANPOINT((-0.025000002235174179,-0.004999999888241291,0.));
#2697=IFCDIRECTION((0.,-1.,0.));
#2698=IFCDIRECTION((1.,0.,0.));
#2699=IFCAXIS2PLACEMENT3D(#2696,#2697,#2698);
#2700=IFCDIRECTION((0.,0.,-1.));
#2701=IFCEXTRUDEDAREASOLID(#2695,#2699,#2700,0.004999999888241291);
#2702=IFCCARTESIANPOINTLIST2D(((0.,0.),(0.,2.0250000022351742),(0.86817633360624313,2.0250000022351742),(0.86817633360624313,0.),(0.81817633099853992,0.),(0.81817633099853992,1.974999999627471),(0.050000002607703209,1.974999999627471),(0.050000002607703209,0.)));
#2703=IFCINDEXEDPOLYCURVE(#2702,(IFCLINEINDEX((1,2,3,4,5,6,7,8,1))),$);
#2704=IFCARBITRARYCLOSEDPROFILEDEF(.AREA.,$,#2703);
#2705=IFCCARTESIANPOINT((-0.025000002235174179,0.05000000074505806,0.));
#2706=IFCDIRECTION((0.,-1.,0.));
#2707=IFCDIRECTION((1.,0.,0.));
#2708=IFCAXIS2PLACEMENT3D(#2705,#2706,#2707);
#2709=IFCDIRECTION((0.,0.,-1.));
#2710=IFCEXTRUDEDAREASOLID(#2704,#2708,#2709,0.004999999888241291);
#2711=IFCCARTESIANPOINTLIST2D(((0.,0.),(0.76817632839083672,0.),(0.76817632839083672,0.035000000149011612),(0.,0.035000000149011612)));
#2712=IFCINDEXEDPOLYCURVE(#2711,(IFCLINEINDEX((1,2,3,4,1))),$);
#2713=IFCARBITRARYCLOSEDPROFILEDEF(.AREA.,$,#2712);
#2714=IFCCARTESIANPOINT((0.02500000037252903,0.02500000037252903,0.02500000037252903));
#2715=IFCDIRECTION((0.,0.,1.));
#2716=IFCDIRECTION((1.,0.,0.));
#2717=IFCAXIS2PLACEMENT3D(#2714,#2715,#2716);
#2718=IFCDIRECTION((0.,0.,1.));
#2719=IFCEXTRUDEDAREASOLID(#2713,#2717,#2718,1.9499999992549419);
#2720=IFCCARTESIANPOINTLIST2D(((0.,0.),(0.,-0.040000000000000001),(-0.11999999999999988,-0.040000000000000001),(-0.11999999999999988,-0.02),(-0.020000000000000018,-0.02),(-0.020000000000000018,0.)));
#2721=IFCINDEXEDPOLYCURVE(#2720,(IFCLINEINDEX((1,2,3,4,5,6,1))),$);
#2722=IFCARBITRARYCLOSEDPROFILEDEF(.AREA.,$,#2721);
#2723=IFCCARTESIANPOINT((0.7431763287633657,0.02500000037252903,1.015000000372529));
#2724=IFCDIRECTION((0.,0.,1.));
#2725=IFCDIRECTION((1.,0.,0.));
#2726=IFCAXIS2PLACEMENT3D(#2723,#2724,#2725);
#2727=IFCDIRECTION((0.,0.,1.));
#2728=IFCEXTRUDEDAREASOLID(#2722,#2726,#2727,0.02);
#2729=IFCEXTRUDEDAREASOLID(#2730,#2733,#2737,0.02);
#2730=IFCARBITRARYCLOSEDPROFILEDEF(.AREA.,$,#2731);
#2731=IFCINDEXEDPOLYCURVE(#2732,(IFCLINEINDEX((1,2,3,4,5,6,1))),$);
#2732=IFCCARTESIANPOINTLIST2D(((0.,0.),(0.,0.040000000000000008),(-0.11999999999999988,0.040000000000000008),(-0.11999999999999988,0.020000000000000004),(-0.020000000000000018,0.020000000000000004),(-0.020000000000000018,0.)));
#2733=IFCAXIS2PLACEMENT3D(#2734,#2735,#2736);
#2734=IFCCARTESIANPOINT((0.7431763287633657,0.060000000521540642,1.015000000372529));
#2735=IFCDIRECTION((0.,0.,1.));
#2736=IFCDIRECTION((1.,0.,0.));
#2737=IFCDIRECTION((0.,0.,1.));
#2738=IFCSHAPEREPRESENTATION(#11,'Body','SweptSolid',(#2674,#2683,#2719,#2728,#2729,#2692,#2701,#2710));
#2739=IFCSHAPEREPRESENTATION(#11,'Body','SweptSolid',(#2674,#2683,#2692,#2701,#2710));
#2740=IFCSHAPEASPECT((#2739),'Lining',$,.T.,#2258);
#2741=IFCSHAPEREPRESENTATION(#11,'Body','SweptSolid',(#2719,#2728,#2729));
#2742=IFCSHAPEASPECT((#2741),'Framing',$,.T.,#2258);
#2743=IFCCARTESIANPOINTLIST2D(((0.,0.),(0.,0.05000000074505806),(0.02500000037252903,0.05000000074505806),(0.02500000037252903,0.02500000037252903),(0.05000000074505806,0.02500000037252903),(0.05000000074505806,0.)));
#2744=IFCINDEXEDPOLYCURVE(#2743,(IFCLINEINDEX((1,2,3,4,5,6,1))),$);
#2745=IFCINDEXEDPOLYCURVE(#2746,(IFCLINEINDEX((1,2,3,4,5,6,1))),$);
#2746=IFCCARTESIANPOINTLIST2D(((0.81817632913589478,0.),(0.81817632913589478,0.05000000074505806),(0.79317632876336575,0.05000000074505806),(0.79317632876336575,0.02500000037252903),(0.76817632839083672,0.02500000037252903),(0.76817632839083672,0.)));
#2747=IFCDIRECTION((1.,0.));
#2748=IFCCARTESIANPOINT((0.060000000521540642,0.05000000074505806));
#2749=IFCAXIS2PLACEMENT2D(#2748,#2747);
#2750=IFCELLIPSE(#2749,0.7331763282418251,0.76817632839083672);
#2751=IFCCARTESIANPOINT((0.79317632876336575,0.05000000074505806));
#2752=IFCCARTESIANPOINT((0.060000000521540642,0.81817632913589478));
#2753=IFCTRIMMEDCURVE(#2750,(#2751),(#2752),.T.,.CARTESIAN.);
#2754=IFCCARTESIANPOINTLIST2D(((0.02500000037252903,0.05000000074505806),(0.060000000521540642,0.05000000074505806),(0.060000000521540642,0.81817632913589478),(0.02500000037252903,0.81817632913589478)));
#2755=IFCINDEXEDPOLYCURVE(#2754,(IFCLINEINDEX((1,2,3,4,1))),$);
#2756=IFCSHAPEREPRESENTATION(#24,'Body','Curve2D',(#2744,#2745,#2753,#2755));
#2757=IFCCARTESIANPOINTLIST2D(((0.,0.),(0.81817632913589478,0.),(0.81817632913589478,2.),(0.,2.)));
#2758=IFCINDEXEDPOLYCURVE(#2757,(IFCLINEINDEX((1,2,3,4,1))),$);
#2759=IFCARBITRARYCLOSEDPROFILEDEF(.AREA.,$,#2758);
#2760=IFCCARTESIANPOINT((0.,-0.60000002384185791,0.));
#2761=IFCDIRECTION((0.,-1.,0.));
#2762=IFCDIRECTION((1.,0.,0.));
#2763=IFCAXIS2PLACEMENT3D(#2760,#2761,#2762);
#2764=IFCDIRECTION((0.,0.,-1.));
#2765=IFCEXTRUDEDAREASOLID(#2759,#2763,#2764,1.2);
#2766=IFCSHAPEREPRESENTATION(#11,'Body','SweptSolid',(#2765));
#2772=IFCCARTESIANPOINT((0.017930504739283926,0.015000108395373246,0.));
#2773=IFCDIRECTION((0.,0.,1.));
#2774=IFCDIRECTION((0.99999999999999289,-1.1920928955077312E-07,0.));
#2775=IFCAXIS2PLACEMENT3D(#2772,#2773,#2774);
#2776=IFCLOCALPLACEMENT(#1092,#2775);
#2777=IFCCARTESIANPOINT((-4.4408920985006262E-16,0.,0.));
#2778=IFCDIRECTION((0.,0.,1.));
#2779=IFCDIRECTION((0.99999999999999989,0.,0.));
#2780=IFCAXIS2PLACEMENT3D(#2777,#2778,#2779);
#2781=IFCLOCALPLACEMENT(#2776,#2780);
#2782=IFCDOORTYPE('1yReNlon56DBYws$YJfz7t',$,'Maids-GF',$,$,(#2783),(#2785,#2793,#2871,#3043),$,$,.DOOR.,.SINGLE_SWING_LEFT.,$,$);
#2783=IFCPROPERTYSET('1JAcQDv1z0retrJj5kdXYy',$,'BBIM_Door',$,(#2784));
#2784=IFCPROPERTYSINGLEVALUE('Data',$,IFCTEXT('{"door_type": "SLIDING_TO_RIGHT", "overall_height": 2.0, "overall_width": 1.3404158353805542, "lining_properties": {"lining_depth": 0.05000000074505806, "lining_thickness": 0.05000000074505806, "lining_offset": 0.0, "transom_thickness": 0.0, "casing_thickness": 0.07500000298023224, "casing_depth": 0.004999999888241291, "threshold_thickness": 0.02500000037252903, "threshold_depth": 0.10000000149011612, "threshold_offset": 0.0}, "panel_properties": {"panel_depth": 0.03500000014901161, "panel_width_ratio": 1.0}}'),$);
#2785=IFCREPRESENTATIONMAP(#2786,#3078);
#2786=IFCAXIS2PLACEMENT3D(#2787,#2788,#2789);
#2787=IFCCARTESIANPOINT((0.,0.,0.));
#2788=IFCDIRECTION((0.,0.,1.));
#2789=IFCDIRECTION((1.,0.,0.));
#2793=IFCREPRESENTATIONMAP(#2794,#3142);
#2794=IFCAXIS2PLACEMENT3D(#2795,#2796,#2797);
#2795=IFCCARTESIANPOINT((0.,0.,0.));
#2796=IFCDIRECTION((0.,0.,1.));
#2797=IFCDIRECTION((1.,0.,0.));
#2871=IFCREPRESENTATIONMAP(#2872,#3149);
#2872=IFCAXIS2PLACEMENT3D(#2873,#2874,#2875);
#2873=IFCCARTESIANPOINT((0.,0.,0.));
#2874=IFCDIRECTION((0.,0.,1.));
#2875=IFCDIRECTION((1.,0.,0.));
#2890=IFCDOOR('2kfFunpeH3jOY8Gd1HyPFe',$,'Door',$,$,#3179,#2900,$,2.,1.3404158353805542,$,.SLIDING_TO_RIGHT.,$);
#2892=IFCRELDEFINESBYTYPE('1QjtuQU7L5uPRrY7qWpMUo',$,$,$,(#2890),#2782);
#2893=IFCCARTESIANPOINT((0.,0.,0.));
#2894=IFCDIRECTION((1.,0.,0.));
#2895=IFCDIRECTION((0.,1.,0.));
#2896=IFCDIRECTION((0.,0.,1.));
#2897=IFCCARTESIANTRANSFORMATIONOPERATOR3D(#2894,#2895,#2893,1.,#2896);
#2898=IFCMAPPEDITEM(#2785,#2897);
#2899=IFCSHAPEREPRESENTATION(#18,'Profile','MappedRepresentation',(#2898));
#2900=IFCPRODUCTDEFINITIONSHAPE($,$,(#2899,#2907,#2914,#3050));
#2901=IFCCARTESIANPOINT((0.,0.,0.));
#2902=IFCDIRECTION((1.,0.,0.));
#2903=IFCDIRECTION((0.,1.,0.));
#2904=IFCDIRECTION((0.,0.,1.));
#2905=IFCCARTESIANTRANSFORMATIONOPERATOR3D(#2902,#2903,#2901,1.,#2904);
#2906=IFCMAPPEDITEM(#2793,#2905);
#2907=IFCSHAPEREPRESENTATION(#11,'Body','MappedRepresentation',(#2906));
#2908=IFCCARTESIANPOINT((0.,0.,0.));
#2909=IFCDIRECTION((1.,0.,0.));
#2910=IFCDIRECTION((0.,1.,0.));
#2911=IFCDIRECTION((0.,0.,1.));
#2912=IFCCARTESIANTRANSFORMATIONOPERATOR3D(#2909,#2910,#2908,1.,#2911);
#2913=IFCMAPPEDITEM(#2871,#2912);
#2914=IFCSHAPEREPRESENTATION(#24,'Body','MappedRepresentation',(#2913));
#2915=IFCOPENINGELEMENT('0EWaBbWOD2BODqVVlb8vZl',$,'Opening',$,$,#3174,#2943,$,.OPENING.);
#2931=IFCCARTESIANPOINT((0.,0.,0.));
#2932=IFCDIRECTION((1.,0.,0.));
#2933=IFCDIRECTION((0.,0.,1.));
#2934=IFCAXIS2PLACEMENT3D(#2931,#2933,#2932);
#2935=IFCREPRESENTATIONMAP(#2934,#3164);
#2936=IFCCARTESIANPOINT((0.,0.,0.));
#2937=IFCDIRECTION((1.,0.,0.));
#2938=IFCDIRECTION((0.,1.,0.));
#2939=IFCDIRECTION((0.,0.,1.));
#2940=IFCCARTESIANTRANSFORMATIONOPERATOR3D(#2937,#2938,#2936,1.,#2939);
#2941=IFCMAPPEDITEM(#2935,#2940);
#2942=IFCSHAPEREPRESENTATION(#11,'Body','MappedRepresentation',(#2941));
#2943=IFCPRODUCTDEFINITIONSHAPE($,$,(#2942));
#2944=IFCRELVOIDSELEMENT('2eT_skRT13nxa_vL3v6avI',$,$,$,#1145,#2915);
#2950=IFCRELFILLSELEMENT('2qm_6PsSv56Qx8DhfgMbn4',$,$,$,#2915,#2890);
#2959=IFCCARTESIANPOINTLIST2D(((0.,0.),(0.,2.),(1.3404158353805542,2.),(1.3404158353805542,0.),(1.2904158346354961,0.),(1.2904158346354961,1.9499999992549419),(0.05000000074505806,1.9499999992549419),(0.05000000074505806,0.)));
#2960=IFCINDEXEDPOLYCURVE(#2959,(IFCLINEINDEX((1,2,3,4,5,6,7,8,1))),$);
#2961=IFCARBITRARYCLOSEDPROFILEDEF(.AREA.,$,#2960);
#2962=IFCCARTESIANPOINT((0.,0.,0.));
#2963=IFCDIRECTION((0.,-1.,0.));
#2964=IFCDIRECTION((1.,0.,0.));
#2965=IFCAXIS2PLACEMENT3D(#2962,#2963,#2964);
#2966=IFCDIRECTION((0.,0.,-1.));
#2967=IFCEXTRUDEDAREASOLID(#2961,#2965,#2966,0.05000000074505806);
#2968=IFCCARTESIANPOINTLIST2D(((0.,0.),(1.2404158338904381,0.),(1.2404158338904381,0.10000000149011612),(0.,0.10000000149011612)));
#2969=IFCINDEXEDPOLYCURVE(#2968,(IFCLINEINDEX((1,2,3,4,1))),$);
#2970=IFCARBITRARYCLOSEDPROFILEDEF(.AREA.,$,#2969);
#2971=IFCCARTESIANPOINT((0.05000000074505806,0.,0.));
#2972=IFCDIRECTION((0.,0.,1.));
#2973=IFCDIRECTION((1.,0.,0.));
#2974=IFCAXIS2PLACEMENT3D(#2971,#2972,#2973);
#2975=IFCDIRECTION((0.,0.,1.));
#2976=IFCEXTRUDEDAREASOLID(#2970,#2974,#2975,0.02500000037252903);
#2977=IFCCARTESIANPOINTLIST2D(((0.,0.),(0.,2.0250000022351742),(1.3904158398509026,2.0250000022351742),(1.3904158398509026,0.),(1.3154158368706703,0.),(1.3154158368706703,1.9499999992549419),(0.075000002980232239,1.9499999992549419),(0.075000002980232239,0.)));
#2978=IFCINDEXEDPOLYCURVE(#2977,(IFCLINEINDEX((1,2,3,4,5,6,7,8,1))),$);
#2979=IFCARBITRARYCLOSEDPROFILEDEF(.AREA.,$,#2978);
#2980=IFCCARTESIANPOINT((-0.025000002235174179,-0.004999999888241291,0.));
#2981=IFCDIRECTION((0.,-1.,0.));
#2982=IFCDIRECTION((1.,0.,0.));
#2983=IFCAXIS2PLACEMENT3D(#2980,#2981,#2982);
#2984=IFCDIRECTION((0.,0.,-1.));
#2985=IFCEXTRUDEDAREASOLID(#2979,#2983,#2984,0.004999999888241291);
#2986=IFCCARTESIANPOINTLIST2D(((0.,0.),(0.,2.0250000022351742),(1.3904158398509026,2.0250000022351742),(1.3904158398509026,0.),(1.3154158368706703,0.),(1.3154158368706703,1.9499999992549419),(0.075000002980232239,1.9499999992549419),(0.075000002980232239,0.)));
#2987=IFCINDEXEDPOLYCURVE(#2986,(IFCLINEINDEX((1,2,3,4,5,6,7,8,1))),$);
#2988=IFCARBITRARYCLOSEDPROFILEDEF(.AREA.,$,#2987);
#2989=IFCCARTESIANPOINT((-0.025000002235174179,0.05000000074505806,0.));
#2990=IFCDIRECTION((0.,-1.,0.));
#2991=IFCDIRECTION((1.,0.,0.));
#2992=IFCAXIS2PLACEMENT3D(#2989,#2990,#2991);
#2993=IFCDIRECTION((0.,0.,-1.));
#2994=IFCEXTRUDEDAREASOLID(#2988,#2992,#2993,0.004999999888241291);
#2995=IFCCARTESIANPOINTLIST2D(((0.,0.),(1.2404158338904381,0.),(1.2404158338904381,0.035000000149011612),(0.,0.035000000149011612)));
#2996=IFCINDEXEDPOLYCURVE(#2995,(IFCLINEINDEX((1,2,3,4,1))),$);
#2997=IFCARBITRARYCLOSEDPROFILEDEF(.AREA.,$,#2996);
#2998=IFCCARTESIANPOINT((0.05000000074505806,-0.035000000149011612,0.02500000037252903));
#2999=IFCDIRECTION((0.,0.,1.));
#3000=IFCDIRECTION((1.,0.,0.));
#3001=IFCAXIS2PLACEMENT3D(#2998,#2999,#3000);
#3002=IFCDIRECTION((0.,0.,1.));
#3003=IFCEXTRUDEDAREASOLID(#2997,#3001,#3002,1.9249999988824129);
#3004=IFCCARTESIANPOINTLIST2D(((0.,0.),(0.,-0.040000000000000001),(0.12,-0.040000000000000001),(0.12,-0.02),(0.02,-0.02),(0.02,0.)));
#3005=IFCINDEXEDPOLYCURVE(#3004,(IFCLINEINDEX((1,2,3,4,5,6,1))),$);
#3006=IFCARBITRARYCLOSEDPROFILEDEF(.AREA.,$,#3005);
#3007=IFCCARTESIANPOINT((0.10000000074505806,-0.035000000149011612,1.015000000372529));
#3008=IFCDIRECTION((0.,0.,1.));
#3009=IFCDIRECTION((1.,0.,0.));
#3010=IFCAXIS2PLACEMENT3D(#3007,#3008,#3009);
#3011=IFCDIRECTION((0.,0.,1.));
#3012=IFCEXTRUDEDAREASOLID(#3006,#3010,#3011,0.02);
#3013=IFCEXTRUDEDAREASOLID(#3014,#3017,#3021,0.02);
#3014=IFCARBITRARYCLOSEDPROFILEDEF(.AREA.,$,#3015);
#3015=IFCINDEXEDPOLYCURVE(#3016,(IFCLINEINDEX((1,2,3,4,5,6,1))),$);
#3016=IFCCARTESIANPOINTLIST2D(((0.,0.),(0.,0.040000000000000008),(0.11999999999999998,0.040000000000000008),(0.11999999999999998,0.020000000000000004),(0.020000000000000004,0.020000000000000004),(0.020000000000000004,0.)));
#3017=IFCAXIS2PLACEMENT3D(#3018,#3019,#3020);
#3018=IFCCARTESIANPOINT((0.10000000074505806,0.,1.015000000372529));
#3019=IFCDIRECTION((0.,0.,1.));
#3020=IFCDIRECTION((1.,0.,0.));
#3021=IFCDIRECTION((0.,0.,1.));
#3023=IFCSHAPEREPRESENTATION(#11,'Body','SweptSolid',(#3087,#2967,#2994,#3114,#2985,#3105,#2976,#3096));
#3024=IFCSHAPEASPECT((#3023),'Lining',$,.T.,#2900);
#3025=IFCSHAPEREPRESENTATION(#11,'Body','SweptSolid',(#3123,#3012,#3132,#3013,#3133,#3003));
#3026=IFCSHAPEASPECT((#3025),'Framing',$,.T.,#2900);
#3039=IFCCARTESIANPOINT((0.,0.,0.));
#3040=IFCDIRECTION((1.,0.,0.));
#3041=IFCDIRECTION((0.,0.,1.));
#3042=IFCAXIS2PLACEMENT3D(#3039,#3041,#3040);
#3043=IFCREPRESENTATIONMAP(#3042,#3154);
#3044=IFCCARTESIANPOINT((0.,0.,0.));
#3045=IFCDIRECTION((1.,0.,0.));
#3046=IFCDIRECTION((0.,1.,0.));
#3047=IFCDIRECTION((0.,0.,1.));
#3048=IFCCARTESIANTRANSFORMATIONOPERATOR3D(#3045,#3046,#3044,1.,#3047);
#3049=IFCMAPPEDITEM(#3043,#3048);
#3050=IFCSHAPEREPRESENTATION(#25,'Annotation','MappedRepresentation',(#3049));
#3076=IFCCARTESIANPOINTLIST3D(((0.,0.,0.),(1.3404158353805542,0.,0.),(1.3404158353805542,0.,2.),(0.,0.,2.)));
#3077=IFCINDEXEDPOLYCURVE(#3076,(IFCLINEINDEX((1,2,3,4,1))),$);
#3078=IFCSHAPEREPRESENTATION(#18,'Profile','Curve3D',(#3077));
#3079=IFCCARTESIANPOINTLIST2D(((0.,0.),(0.,2.),(1.3404158353805542,2.),(1.3404158353805542,0.),(1.2904158346354961,0.),(1.2904158346354961,1.9499999992549419),(0.05000000074505806,1.9499999992549419),(0.05000000074505806,0.)));
#3080=IFCINDEXEDPOLYCURVE(#3079,(IFCLINEINDEX((1,2,3,4,5,6,7,8,1))),$);
#3081=IFCARBITRARYCLOSEDPROFILEDEF(.AREA.,$,#3080);
#3082=IFCCARTESIANPOINT((0.,0.,0.));
#3083=IFCDIRECTION((0.,-1.,0.));
#3084=IFCDIRECTION((1.,0.,0.));
#3085=IFCAXIS2PLACEMENT3D(#3082,#3083,#3084);
#3086=IFCDIRECTION((0.,0.,-1.));
#3087=IFCEXTRUDEDAREASOLID(#3081,#3085,#3086,0.05000000074505806);
#3088=IFCCARTESIANPOINTLIST2D(((0.,0.),(1.2404158338904381,0.),(1.2404158338904381,0.10000000149011612),(0.,0.10000000149011612)));
#3089=IFCINDEXEDPOLYCURVE(#3088,(IFCLINEINDEX((1,2,3,4,1))),$);
#3090=IFCARBITRARYCLOSEDPROFILEDEF(.AREA.,$,#3089);
#3091=IFCCARTESIANPOINT((0.05000000074505806,0.,0.));
#3092=IFCDIRECTION((0.,0.,1.));
#3093=IFCDIRECTION((1.,0.,0.));
#3094=IFCAXIS2PLACEMENT3D(#3091,#3092,#3093);
#3095=IFCDIRECTION((0.,0.,1.));
#3096=IFCEXTRUDEDAREASOLID(#3090,#3094,#3095,0.02500000037252903);
#3097=IFCCARTESIANPOINTLIST2D(((0.,0.),(0.,2.0250000022351742),(1.3904158398509026,2.0250000022351742),(1.3904158398509026,0.),(1.3154158368706703,0.),(1.3154158368706703,1.9499999992549419),(0.075000002980232239,1.9499999992549419),(0.075000002980232239,0.)));
#3098=IFCINDEXEDPOLYCURVE(#3097,(IFCLINEINDEX((1,2,3,4,5,6,7,8,1))),$);
#3099=IFCARBITRARYCLOSEDPROFILEDEF(.AREA.,$,#3098);
#3100=IFCCARTESIANPOINT((-0.025000002235174179,-0.004999999888241291,0.));
#3101=IFCDIRECTION((0.,-1.,0.));
#3102=IFCDIRECTION((1.,0.,0.));
#3103=IFCAXIS2PLACEMENT3D(#3100,#3101,#3102);
#3104=IFCDIRECTION((0.,0.,-1.));
#3105=IFCEXTRUDEDAREASOLID(#3099,#3103,#3104,0.004999999888241291);
#3106=IFCCARTESIANPOINTLIST2D(((0.,0.),(0.,2.0250000022351742),(1.3904158398509026,2.0250000022351742),(1.3904158398509026,0.),(1.3154158368706703,0.),(1.3154158368706703,1.9499999992549419),(0.075000002980232239,1.9499999992549419),(0.075000002980232239,0.)));
#3107=IFCINDEXEDPOLYCURVE(#3106,(IFCLINEINDEX((1,2,3,4,5,6,7,8,1))),$);
#3108=IFCARBITRARYCLOSEDPROFILEDEF(.AREA.,$,#3107);
#3109=IFCCARTESIANPOINT((-0.025000002235174179,0.05000000074505806,0.));
#3110=IFCDIRECTION((0.,-1.,0.));
#3111=IFCDIRECTION((1.,0.,0.));
#3112=IFCAXIS2PLACEMENT3D(#3109,#3110,#3111);
#3113=IFCDIRECTION((0.,0.,-1.));
#3114=IFCEXTRUDEDAREASOLID(#3108,#3112,#3113,0.004999999888241291);
#3115=IFCCARTESIANPOINTLIST2D(((0.,0.),(1.2404158338904381,0.),(1.2404158338904381,0.035000000149011612),(0.,0.035000000149011612)));
#3116=IFCINDEXEDPOLYCURVE(#3115,(IFCLINEINDEX((1,2,3,4,1))),$);
#3117=IFCARBITRARYCLOSEDPROFILEDEF(.AREA.,$,#3116);
#3118=IFCCARTESIANPOINT((0.05000000074505806,-0.035000000149011612,0.02500000037252903));
#3119=IFCDIRECTION((0.,0.,1.));
#3120=IFCDIRECTION((1.,0.,0.));
#3121=IFCAXIS2PLACEMENT3D(#3118,#3119,#3120);
#3122=IFCDIRECTION((0.,0.,1.));
#3123=IFCEXTRUDEDAREASOLID(#3117,#3121,#3122,1.9249999988824129);
#3124=IFCCARTESIANPOINTLIST2D(((0.,0.),(0.,-0.040000000000000001),(0.12,-0.040000000000000001),(0.12,-0.02),(0.02,-0.02),(0.02,0.)));
#3125=IFCINDEXEDPOLYCURVE(#3124,(IFCLINEINDEX((1,2,3,4,5,6,1))),$);
#3126=IFCARBITRARYCLOSEDPROFILEDEF(.AREA.,$,#3125);
#3127=IFCCARTESIANPOINT((0.10000000074505806,-0.035000000149011612,1.015000000372529));
#3128=IFCDIRECTION((0.,0.,1.));
#3129=IFCDIRECTION((1.,0.,0.));
#3130=IFCAXIS2PLACEMENT3D(#3127,#3128,#3129);
#3131=IFCDIRECTION((0.,0.,1.));
#3132=IFCEXTRUDEDAREASOLID(#3126,#3130,#3131,0.02);
#3133=IFCEXTRUDEDAREASOLID(#3134,#3137,#3141,0.02);
#3134=IFCARBITRARYCLOSEDPROFILEDEF(.AREA.,$,#3135);
#3135=IFCINDEXEDPOLYCURVE(#3136,(IFCLINEINDEX((1,2,3,4,5,6,1))),$);
#3136=IFCCARTESIANPOINTLIST2D(((0.,0.),(0.,0.040000000000000008),(0.11999999999999998,0.040000000000000008),(0.11999999999999998,0.020000000000000004),(0.020000000000000004,0.020000000000000004),(0.020000000000000004,0.)));
#3137=IFCAXIS2PLACEMENT3D(#3138,#3139,#3140);
#3138=IFCCARTESIANPOINT((0.10000000074505806,0.,1.015000000372529));
#3139=IFCDIRECTION((0.,0.,1.));
#3140=IFCDIRECTION((1.,0.,0.));
#3141=IFCDIRECTION((0.,0.,1.));
#3142=IFCSHAPEREPRESENTATION(#11,'Body','SweptSolid',(#3087,#3123,#3132,#3133,#3096,#3105,#3114));
#3143=IFCCARTESIANPOINTLIST2D(((0.,0.),(0.05000000074505806,0.),(0.05000000074505806,0.05000000074505806),(0.,0.05000000074505806)));
#3144=IFCINDEXEDPOLYCURVE(#3143,(IFCLINEINDEX((1,2,3,4,1))),$);
#3145=IFCINDEXEDPOLYCURVE(#3146,(IFCLINEINDEX((1,2,3,4,1))),$);
#3146=IFCCARTESIANPOINTLIST2D(((1.3404158353805542,0.),(1.2904158346354961,0.),(1.2904158346354961,0.05000000074505806),(1.3404158353805542,0.05000000074505806)));
#3147=IFCCARTESIANPOINTLIST2D(((1.9106237515807152,-0.035000000149011612),(0.6702079176902771,-0.035000000149011612),(0.6702079176902771,0.),(1.9106237515807152,0.)));
#3148=IFCINDEXEDPOLYCURVE(#3147,(IFCLINEINDEX((1,2,3,4,1))),$);
#3149=IFCSHAPEREPRESENTATION(#24,'Body','Curve2D',(#3144,#3145,#3148));
#3150=IFCCARTESIANPOINTLIST2D(((0.48414554260671139,-0.081587428267465345),(0.85627029277384281,-0.081587428267465345)));
#3151=IFCINDEXEDPOLYCURVE(#3150,$,$);
#3152=IFCCARTESIANPOINTLIST2D(((0.51414554260671141,-0.050529142855162856),(0.48414554260671139,-0.081587428267465345),(0.51414554260671141,-0.11264571367976783)));
#3153=IFCINDEXEDPOLYCURVE(#3152,$,$);
#3154=IFCSHAPEREPRESENTATION(#25,'Annotation','Curve2D',(#3151,#3153));
#3155=IFCCARTESIANPOINTLIST2D(((0.,0.),(1.3404158353805542,0.),(1.3404158353805542,2.),(0.,2.)));
#3156=IFCINDEXEDPOLYCURVE(#3155,(IFCLINEINDEX((1,2,3,4,1))),$);
#3157=IFCARBITRARYCLOSEDPROFILEDEF(.AREA.,$,#3156);
#3158=IFCCARTESIANPOINT((0.,-0.60000002384185791,0.));
#3159=IFCDIRECTION((0.,-1.,0.));
#3160=IFCDIRECTION((1.,0.,0.));
#3161=IFCAXIS2PLACEMENT3D(#3158,#3159,#3160);
#3162=IFCDIRECTION((0.,0.,-1.));
#3163=IFCEXTRUDEDAREASOLID(#3157,#3161,#3162,1.2);
#3164=IFCSHAPEREPRESENTATION(#11,'Body','SweptSolid',(#3163));
#3170=IFCCARTESIANPOINT((0.075985394555150965,0.075001030947775771,0.));
#3171=IFCDIRECTION((0.,0.,1.));
#3172=IFCDIRECTION((0.99999999999954514,-9.5367431640531731E-07,0.));
#3173=IFCAXIS2PLACEMENT3D(#3170,#3171,#3172);
#3174=IFCLOCALPLACEMENT(#1392,#3173);
#3175=IFCCARTESIANPOINT((0.,0.,0.));
#3176=IFCDIRECTION((0.,0.,1.));
#3177=IFCDIRECTION((1.,4.2351647362715017E-22,0.));
#3178=IFCAXIS2PLACEMENT3D(#3175,#3176,#3177);
#3179=IFCLOCALPLACEMENT(#3174,#3178);
#3180=IFCWINDOWTYPE('1N_QZOqgH2BAUp$v$xVWwm',$,'Living-GF',$,$,(#3181),(#3190,#3238,#3260),$,$,.WINDOW.,.SINGLE_PANEL.,$,$);
#3181=IFCPROPERTYSET('18dmeLDp1AJv$zveWT6Mxl',$,'BBIM_Window',$,(#3182));
#3182=IFCPROPERTYSINGLEVALUE('Data',$,IFCTEXT('{"window_type": "SINGLE_PANEL", "overall_height": 0.8999999761581421, "overall_width": 0.8111070394515991, "lining_properties": {"lining_depth": 0.05000000074505806, "lining_thickness": 0.05000000074505806, "lining_offset": 0.05000000074505806, "lining_to_panel_offset_x": 0.02500000037252903, "lining_to_panel_offset_y": 0.02500000037252903}, "panel_properties": {"frame_depth": [0.03500000014901161, 0.03500000014901161, 0.03500000014901161], "frame_thickness": [0.03500000014901161, 0.03500000014901161, 0.03500000014901161]}}'),$);
#3186=IFCCARTESIANPOINT((0.,0.,0.));
#3187=IFCDIRECTION((1.,0.,0.));
#3188=IFCDIRECTION((0.,0.,1.));
#3189=IFCAXIS2PLACEMENT3D(#3186,#3188,#3187);
#3190=IFCREPRESENTATIONMAP(#3189,#3556);
#3234=IFCCARTESIANPOINT((0.,0.,0.));
#3235=IFCDIRECTION((1.,0.,0.));
#3236=IFCDIRECTION((0.,0.,1.));
#3237=IFCAXIS2PLACEMENT3D(#3234,#3236,#3235);
#3238=IFCREPRESENTATIONMAP(#3237,#3599);
#3256=IFCCARTESIANPOINT((0.,0.,0.));
#3257=IFCDIRECTION((1.,0.,0.));
#3258=IFCDIRECTION((0.,0.,1.));
#3259=IFCAXIS2PLACEMENT3D(#3256,#3258,#3257);
#3260=IFCREPRESENTATIONMAP(#3259,#3616);
#3261=IFCWINDOW('1vULmZqOb7F8IUIcPCytUc',$,'Window',$,$,#3641,#3271,$,0.89999997615814209,0.81110703945159912,$,.SINGLE_PANEL.,$);
#3263=IFCRELDEFINESBYTYPE('0sSZyV305BNwSNi6iFsaiS',$,$,$,(#3261),#3180);
#3264=IFCCARTESIANPOINT((0.,0.,0.));
#3265=IFCDIRECTION((1.,0.,0.));
#3266=IFCDIRECTION((0.,1.,0.));
#3267=IFCDIRECTION((0.,0.,1.));
#3268=IFCCARTESIANTRANSFORMATIONOPERATOR3D(#3265,#3266,#3264,1.,#3267);
#3269=IFCMAPPEDITEM(#3190,#3268);
#3270=IFCSHAPEREPRESENTATION(#18,'Profile','MappedRepresentation',(#3269));
#3271=IFCPRODUCTDEFINITIONSHAPE($,$,(#3270,#3278,#3285));
#3272=IFCCARTESIANPOINT((0.,0.,0.));
#3273=IFCDIRECTION((1.,0.,0.));
#3274=IFCDIRECTION((0.,1.,0.));
#3275=IFCDIRECTION((0.,0.,1.));
#3276=IFCCARTESIANTRANSFORMATIONOPERATOR3D(#3273,#3274,#3272,1.,#3275);
#3277=IFCMAPPEDITEM(#3238,#3276);
#3278=IFCSHAPEREPRESENTATION(#11,'Body','MappedRepresentation',(#3277));
#3279=IFCCARTESIANPOINT((0.,0.,0.));
#3280=IFCDIRECTION((1.,0.,0.));
#3281=IFCDIRECTION((0.,1.,0.));
#3282=IFCDIRECTION((0.,0.,1.));
#3283=IFCCARTESIANTRANSFORMATIONOPERATOR3D(#3280,#3281,#3279,1.,#3282);
#3284=IFCMAPPEDITEM(#3260,#3283);
#3285=IFCSHAPEREPRESENTATION(#24,'Body','MappedRepresentation',(#3284));
#3286=IFCOPENINGELEMENT('0lNxtjk8j6zOxBMy18UykX',$,'Opening',$,$,#3636,#3314,$,.OPENING.);
#3302=IFCCARTESIANPOINT((0.,0.,0.));
#3303=IFCDIRECTION((1.,0.,0.));
#3304=IFCDIRECTION((0.,0.,1.));
#3305=IFCAXIS2PLACEMENT3D(#3302,#3304,#3303);
#3306=IFCREPRESENTATIONMAP(#3305,#3626);
#3307=IFCCARTESIANPOINT((0.,0.,0.));
#3308=IFCDIRECTION((1.,0.,0.));
#3309=IFCDIRECTION((0.,1.,0.));
#3310=IFCDIRECTION((0.,0.,1.));
#3311=IFCCARTESIANTRANSFORMATIONOPERATOR3D(#3308,#3309,#3307,1.,#3310);
#3312=IFCMAPPEDITEM(#3306,#3311);
#3313=IFCSHAPEREPRESENTATION(#11,'Body','MappedRepresentation',(#3312));
#3314=IFCPRODUCTDEFINITIONSHAPE($,$,(#3313));
#3315=IFCRELVOIDSELEMENT('3FqYE_CpLE4wz8an8wbmf5',$,$,$,#87,#3286);
#3321=IFCRELFILLSELEMENT('0o6aRJ2xH3IB3ga7$mfA6O',$,$,$,#3286,#3261);
#3345=IFCCARTESIANPOINTLIST2D(((0.,0.),(0.81110703945159912,0.),(0.81110703945159912,0.89999997615814209),(0.,0.89999997615814209)));
#3346=IFCINDEXEDPOLYCURVE(#3345,(IFCLINEINDEX((1,2,3,4,1))),$);
#3347=IFCCARTESIANPOINTLIST2D(((0.02500000037252903,0.02500000037252903),(0.78610703907907009,0.02500000037252903),(0.78610703907907009,0.87499997578561306),(0.02500000037252903,0.87499997578561306)));
#3348=IFCINDEXEDPOLYCURVE(#3347,(IFCLINEINDEX((1,2,3,4,1))),$);
#3349=IFCARBITRARYPROFILEDEFWITHVOIDS(.AREA.,$,#3346,(#3348));
#3350=IFCCARTESIANPOINT((0.,0.090000001713633537,0.));
#3351=IFCDIRECTION((0.,-1.,0.));
#3352=IFCDIRECTION((1.,0.,0.));
#3353=IFCAXIS2PLACEMENT3D(#3350,#3351,#3352);
#3354=IFCDIRECTION((0.,0.,-1.));
#3355=IFCEXTRUDEDAREASOLID(#3349,#3353,#3354,0.0099999997764825821);
#3356=IFCCARTESIANPOINTLIST2D(((0.,0.),(0.81110703945159912,0.),(0.81110703945159912,0.89999997615814209),(0.,0.89999997615814209)));
#3357=IFCINDEXEDPOLYCURVE(#3356,(IFCLINEINDEX((1,2,3,4,1))),$);
#3358=IFCCARTESIANPOINTLIST2D(((0.05000000074505806,0.05000000074505806),(0.76110703870654106,0.05000000074505806),(0.76110703870654106,0.84999997541308403),(0.05000000074505806,0.84999997541308403)));
#3359=IFCINDEXEDPOLYCURVE(#3358,(IFCLINEINDEX((1,2,3,4,1))),$);
#3360=IFCARBITRARYPROFILEDEFWITHVOIDS(.AREA.,$,#3357,(#3359));
#3361=IFCCARTESIANPOINT((0.,0.05000000074505806,0.));
#3362=IFCDIRECTION((0.,-1.,0.));
#3363=IFCDIRECTION((1.,0.,0.));
#3364=IFCAXIS2PLACEMENT3D(#3361,#3362,#3363);
#3365=IFCDIRECTION((0.,0.,-1.));
#3366=IFCEXTRUDEDAREASOLID(#3360,#3364,#3365,0.040000000968575478);
#3367=IFCCARTESIANPOINTLIST2D(((0.,0.),(0.76110703870654106,0.),(0.76110703870654106,0.84999997541308403),(0.,0.84999997541308403)));
#3368=IFCINDEXEDPOLYCURVE(#3367,(IFCLINEINDEX((1,2,3,4,1))),$);
#3369=IFCCARTESIANPOINTLIST2D(((0.035000000149011612,0.035000000149011612),(0.72610703855752945,0.035000000149011612),(0.72610703855752945,0.81499997526407242),(0.035000000149011612,0.81499997526407242)));
#3370=IFCINDEXEDPOLYCURVE(#3369,(IFCLINEINDEX((1,2,3,4,1))),$);
#3371=IFCARBITRARYPROFILEDEFWITHVOIDS(.AREA.,$,#3368,(#3370));
#3372=IFCCARTESIANPOINT((0.02500000037252903,0.090000001713633537,0.02500000037252903));
#3373=IFCDIRECTION((0.,-1.,0.));
#3374=IFCDIRECTION((1.,0.,0.));
#3375=IFCAXIS2PLACEMENT3D(#3372,#3373,#3374);
#3376=IFCDIRECTION((0.,0.,-1.));
#3377=IFCEXTRUDEDAREASOLID(#3371,#3375,#3376,0.035000000149011612);
#3378=IFCINDEXEDPOLYCURVE(#3379,(IFCLINEINDEX((1,2,3,4,1))),$);
#3379=IFCCARTESIANPOINTLIST2D(((0.035000000149011612,0.035000000149011612),(0.72610703855752945,0.035000000149011612),(0.72610703855752945,0.81499997526407242),(0.035000000149011612,0.81499997526407242)));
#3380=IFCARBITRARYCLOSEDPROFILEDEF(.AREA.,$,#3378);
#3381=IFCCARTESIANPOINT((0.02500000037252903,0.10250000178813934,0.02500000037252903));
#3382=IFCDIRECTION((0.,-1.,0.));
#3383=IFCDIRECTION((1.,0.,0.));
#3384=IFCAXIS2PLACEMENT3D(#3381,#3382,#3383);
#3385=IFCDIRECTION((0.,0.,-1.));
#3386=IFCEXTRUDEDAREASOLID(#3380,#3384,#3385,0.01);
#3388=IFCSHAPEREPRESENTATION(#11,'Body','SweptSolid',(#3464,#3366,#3475,#3567,#3578,#3355));
#3389=IFCSHAPEASPECT((#3388),'Lining',$,.T.,#3271);
#3390=IFCSHAPEREPRESENTATION(#11,'Body','SweptSolid',(#3377,#3486,#3589));
#3391=IFCSHAPEASPECT((#3390),'Framing',$,.T.,#3271);
#3392=IFCSHAPEREPRESENTATION(#11,'Body','SweptSolid',(#3598,#3386,#3495));
#3393=IFCSHAPEASPECT((#3392),'Glazing',$,.T.,#3271);
#3454=IFCCARTESIANPOINTLIST2D(((0.,0.),(0.81110703945159912,0.),(0.81110703945159912,0.89999997615814209),(0.,0.89999997615814209)));
#3455=IFCINDEXEDPOLYCURVE(#3454,(IFCLINEINDEX((1,2,3,4,1))),$);
#3456=IFCCARTESIANPOINTLIST2D(((0.02500000037252903,0.02500000037252903),(0.78610703907907009,0.02500000037252903),(0.78610703907907009,0.87499997578561306),(0.02500000037252903,0.87499997578561306)));
#3457=IFCINDEXEDPOLYCURVE(#3456,(IFCLINEINDEX((1,2,3,4,1))),$);
#3458=IFCARBITRARYPROFILEDEFWITHVOIDS(.AREA.,$,#3455,(#3457));
#3459=IFCCARTESIANPOINT((0.,0.090000001713633537,0.));
#3460=IFCDIRECTION((0.,-1.,0.));
#3461=IFCDIRECTION((1.,0.,0.));
#3462=IFCAXIS2PLACEMENT3D(#3459,#3460,#3461);
#3463=IFCDIRECTION((0.,0.,-1.));
#3464=IFCEXTRUDEDAREASOLID(#3458,#3462,#3463,0.0099999997764825821);
#3465=IFCCARTESIANPOINTLIST2D(((0.,0.),(0.81110703945159912,0.),(0.81110703945159912,0.89999997615814209),(0.,0.89999997615814209)));
#3466=IFCINDEXEDPOLYCURVE(#3465,(IFCLINEINDEX((1,2,3,4,1))),$);
#3467=IFCCARTESIANPOINTLIST2D(((0.05000000074505806,0.05000000074505806),(0.76110703870654106,0.05000000074505806),(0.76110703870654106,0.84999997541308403),(0.05000000074505806,0.84999997541308403)));
#3468=IFCINDEXEDPOLYCURVE(#3467,(IFCLINEINDEX((1,2,3,4,1))),$);
#3469=IFCARBITRARYPROFILEDEFWITHVOIDS(.AREA.,$,#3466,(#3468));
#3470=IFCCARTESIANPOINT((0.,0.05000000074505806,0.));
#3471=IFCDIRECTION((0.,-1.,0.));
#3472=IFCDIRECTION((1.,0.,0.));
#3473=IFCAXIS2PLACEMENT3D(#3470,#3471,#3472);
#3474=IFCDIRECTION((0.,0.,-1.));
#3475=IFCEXTRUDEDAREASOLID(#3469,#3473,#3474,0.040000000968575478);
#3476=IFCCARTESIANPOINTLIST2D(((0.,0.),(0.76110703870654106,0.),(0.76110703870654106,0.84999997541308403),(0.,0.84999997541308403)));
#3477=IFCINDEXEDPOLYCURVE(#3476,(IFCLINEINDEX((1,2,3,4,1))),$);
#3478=IFCCARTESIANPOINTLIST2D(((0.035000000149011612,0.035000000149011612),(0.72610703855752945,0.035000000149011612),(0.72610703855752945,0.81499997526407242),(0.035000000149011612,0.81499997526407242)));
#3479=IFCINDEXEDPOLYCURVE(#3478,(IFCLINEINDEX((1,2,3,4,1))),$);
#3480=IFCARBITRARYPROFILEDEFWITHVOIDS(.AREA.,$,#3477,(#3479));
#3481=IFCCARTESIANPOINT((0.02500000037252903,0.090000001713633537,0.02500000037252903));
#3482=IFCDIRECTION((0.,-1.,0.));
#3483=IFCDIRECTION((1.,0.,0.));
#3484=IFCAXIS2PLACEMENT3D(#3481,#3482,#3483);
#3485=IFCDIRECTION((0.,0.,-1.));
#3486=IFCEXTRUDEDAREASOLID(#3480,#3484,#3485,0.035000000149011612);
#3487=IFCINDEXEDPOLYCURVE(#3488,(IFCLINEINDEX((1,2,3,4,1))),$);
#3488=IFCCARTESIANPOINTLIST2D(((0.035000000149011612,0.035000000149011612),(0.72610703855752945,0.035000000149011612),(0.72610703855752945,0.81499997526407242),(0.035000000149011612,0.81499997526407242)));
#3489=IFCARBITRARYCLOSEDPROFILEDEF(.AREA.,$,#3487);
#3490=IFCCARTESIANPOINT((0.02500000037252903,0.10250000178813934,0.02500000037252903));
#3491=IFCDIRECTION((0.,-1.,0.));
#3492=IFCDIRECTION((1.,0.,0.));
#3493=IFCAXIS2PLACEMENT3D(#3490,#3491,#3492);
#3494=IFCDIRECTION((0.,0.,-1.));
#3495=IFCEXTRUDEDAREASOLID(#3489,#3493,#3494,0.01);
#3554=IFCCARTESIANPOINTLIST3D(((0.,0.,0.),(0.81110703945159912,0.,0.),(0.81110703945159912,0.,0.89999997615814209),(0.,0.,0.89999997615814209)));
#3555=IFCINDEXEDPOLYCURVE(#3554,(IFCLINEINDEX((1,2,3,4,1))),$);
#3556=IFCSHAPEREPRESENTATION(#18,'Profile','Curve3D',(#3555));
#3557=IFCCARTESIANPOINTLIST2D(((0.,0.),(0.81110703945159912,0.),(0.81110703945159912,0.89999997615814209),(0.,0.89999997615814209)));
#3558=IFCINDEXEDPOLYCURVE(#3557,(IFCLINEINDEX((1,2,3,4,1))),$);
#3559=IFCCARTESIANPOINTLIST2D(((0.02500000037252903,0.02500000037252903),(0.78610703907907009,0.02500000037252903),(0.78610703907907009,0.87499997578561306),(0.02500000037252903,0.87499997578561306)));
#3560=IFCINDEXEDPOLYCURVE(#3559,(IFCLINEINDEX((1,2,3,4,1))),$);
#3561=IFCARBITRARYPROFILEDEFWITHVOIDS(.AREA.,$,#3558,(#3560));
#3562=IFCCARTESIANPOINT((0.,0.090000001713633537,0.));
#3563=IFCDIRECTION((0.,-1.,0.));
#3564=IFCDIRECTION((1.,0.,0.));
#3565=IFCAXIS2PLACEMENT3D(#3562,#3563,#3564);
#3566=IFCDIRECTION((0.,0.,-1.));
#3567=IFCEXTRUDEDAREASOLID(#3561,#3565,#3566,0.0099999997764825821);
#3568=IFCCARTESIANPOINTLIST2D(((0.,0.),(0.81110703945159912,0.),(0.81110703945159912,0.89999997615814209),(0.,0.89999997615814209)));
#3569=IFCINDEXEDPOLYCURVE(#3568,(IFCLINEINDEX((1,2,3,4,1))),$);
#3570=IFCCARTESIANPOINTLIST2D(((0.05000000074505806,0.05000000074505806),(0.76110703870654106,0.05000000074505806),(0.76110703870654106,0.84999997541308403),(0.05000000074505806,0.84999997541308403)));
#3571=IFCINDEXEDPOLYCURVE(#3570,(IFCLINEINDEX((1,2,3,4,1))),$);
#3572=IFCARBITRARYPROFILEDEFWITHVOIDS(.AREA.,$,#3569,(#3571));
#3573=IFCCARTESIANPOINT((0.,0.05000000074505806,0.));
#3574=IFCDIRECTION((0.,-1.,0.));
#3575=IFCDIRECTION((1.,0.,0.));
#3576=IFCAXIS2PLACEMENT3D(#3573,#3574,#3575);
#3577=IFCDIRECTION((0.,0.,-1.));
#3578=IFCEXTRUDEDAREASOLID(#3572,#3576,#3577,0.040000000968575478);
#3579=IFCCARTESIANPOINTLIST2D(((0.,0.),(0.76110703870654106,0.),(0.76110703870654106,0.84999997541308403),(0.,0.84999997541308403)));
#3580=IFCINDEXEDPOLYCURVE(#3579,(IFCLINEINDEX((1,2,3,4,1))),$);
#3581=IFCCARTESIANPOINTLIST2D(((0.035000000149011612,0.035000000149011612),(0.72610703855752945,0.035000000149011612),(0.72610703855752945,0.81499997526407242),(0.035000000149011612,0.81499997526407242)));
#3582=IFCINDEXEDPOLYCURVE(#3581,(IFCLINEINDEX((1,2,3,4,1))),$);
#3583=IFCARBITRARYPROFILEDEFWITHVOIDS(.AREA.,$,#3580,(#3582));
#3584=IFCCARTESIANPOINT((0.02500000037252903,0.090000001713633537,0.02500000037252903));
#3585=IFCDIRECTION((0.,-1.,0.));
#3586=IFCDIRECTION((1.,0.,0.));
#3587=IFCAXIS2PLACEMENT3D(#3584,#3585,#3586);
#3588=IFCDIRECTION((0.,0.,-1.));
#3589=IFCEXTRUDEDAREASOLID(#3583,#3587,#3588,0.035000000149011612);
#3590=IFCINDEXEDPOLYCURVE(#3591,(IFCLINEINDEX((1,2,3,4,1))),$);
#3591=IFCCARTESIANPOINTLIST2D(((0.035000000149011612,0.035000000149011612),(0.72610703855752945,0.035000000149011612),(0.72610703855752945,0.81499997526407242),(0.035000000149011612,0.81499997526407242)));
#3592=IFCARBITRARYCLOSEDPROFILEDEF(.AREA.,$,#3590);
#3593=IFCCARTESIANPOINT((0.02500000037252903,0.10250000178813934,0.02500000037252903));
#3594=IFCDIRECTION((0.,-1.,0.));
#3595=IFCDIRECTION((1.,0.,0.));
#3596=IFCAXIS2PLACEMENT3D(#3593,#3594,#3595);
#3597=IFCDIRECTION((0.,0.,-1.));
#3598=IFCEXTRUDEDAREASOLID(#3592,#3596,#3597,0.01);
#3599=IFCSHAPEREPRESENTATION(#11,'Body','SweptSolid',(#3567,#3578,#3589,#3598));
#3600=IFCCARTESIANPOINTLIST2D(((0.05000000074505806,0.05000000074505806),(0.76110703870654106,0.05000000074505806)));
#3601=IFCINDEXEDPOLYCURVE(#3600,$,$);
#3602=IFCCARTESIANPOINTLIST2D(((0.,0.10000000149011612),(0.02500000037252903,0.10000000149011612),(0.02500000037252903,0.090000001713633537),(0.05000000074505806,0.090000001713633537),(0.05000000074505806,0.05000000074505806),(0.,0.05000000074505806)));
#3603=IFCINDEXEDPOLYCURVE(#3602,(IFCLINEINDEX((1,2,3,4,5,6,1))),$);
#3604=IFCCARTESIANPOINTLIST2D(((0.81110703945159912,0.10000000149011612),(0.78610703907907009,0.10000000149011612),(0.78610703907907009,0.090000001713633537),(0.76110703870654106,0.090000001713633537),(0.76110703870654106,0.05000000074505806),(0.81110703945159912,0.05000000074505806)));
#3605=IFCINDEXEDPOLYCURVE(#3604,(IFCLINEINDEX((1,2,3,4,5,6,1))),$);
#3606=IFCCARTESIANPOINTLIST2D(((0.02500000037252903,0.090000001713633537),(0.060000000521540642,0.090000001713633537),(0.060000000521540642,0.12500000186264515),(0.02500000037252903,0.12500000186264515)));
#3607=IFCINDEXEDPOLYCURVE(#3606,(IFCLINEINDEX((1,2,3,4,1))),$);
#3608=IFCINDEXEDPOLYCURVE(#3609,(IFCLINEINDEX((1,2,3,4,1))),$);
#3609=IFCCARTESIANPOINTLIST2D(((0.78610703907907009,0.090000001713633537),(0.75110703893005848,0.090000001713633537),(0.75110703893005848,0.12500000186264515),(0.78610703907907009,0.12500000186264515)));
#3610=IFCCARTESIANPOINTLIST2D(((0.060000000521540642,0.090000001713633537),(0.75110703893005848,0.090000001713633537)));
#3611=IFCINDEXEDPOLYCURVE(#3610,$,$);
#3612=IFCINDEXEDPOLYCURVE(#3613,$,$);
#3613=IFCCARTESIANPOINTLIST2D(((0.060000000521540642,0.12500000186264515),(0.75110703893005848,0.12500000186264515)));
#3614=IFCINDEXEDPOLYCURVE(#3615,$,$);
#3615=IFCCARTESIANPOINTLIST2D(((0.060000000521540642,0.10750000178813934),(0.75110703893005848,0.10750000178813934)));
#3616=IFCSHAPEREPRESENTATION(#24,'Body','Curve2D',(#3601,#3603,#3605,#3607,#3608,#3611,#3612,#3614));
#3617=IFCCARTESIANPOINTLIST2D(((0.,0.),(0.81110703945159912,0.),(0.81110703945159912,0.89999997615814209),(0.,0.89999997615814209)));
#3618=IFCINDEXEDPOLYCURVE(#3617,(IFCLINEINDEX((1,2,3,4,1))),$);
#3619=IFCARBITRARYCLOSEDPROFILEDEF(.AREA.,$,#3618);
#3620=IFCCARTESIANPOINT((0.,-0.60000002384185791,0.));
#3621=IFCDIRECTION((0.,-1.,0.));
#3622=IFCDIRECTION((1.,0.,0.));
#3623=IFCAXIS2PLACEMENT3D(#3620,#3621,#3622);
#3624=IFCDIRECTION((0.,0.,-1.));
#3625=IFCEXTRUDEDAREASOLID(#3619,#3623,#3624,1.2);
#3626=IFCSHAPEREPRESENTATION(#11,'Body','SweptSolid',(#3625));
#3632=IFCCARTESIANPOINT((1.7464636541783227,9.5367431640625E-07,1.));
#3633=IFCDIRECTION((0.,0.,1.));
#3634=IFCDIRECTION((0.99999999999988631,-4.7683715820307079E-07,0.));
#3635=IFCAXIS2PLACEMENT3D(#3632,#3633,#3634);
#3636=IFCLOCALPLACEMENT(#1411,#3635);
#3637=IFCCARTESIANPOINT((-4.4408920985006262E-16,0.,0.));
#3638=IFCDIRECTION((0.,0.,1.));
#3639=IFCDIRECTION((1.,0.,0.));
#3640=IFCAXIS2PLACEMENT3D(#3637,#3638,#3639);
#3641=IFCLOCALPLACEMENT(#3636,#3640);
#3642=IFCWINDOWTYPE('38FMHKYNn7YxwxFbfiw2_X',$,'Guest-1-GF',$,$,(#3643),(#3645,#3653,#3701),$,$,.WINDOW.,.SINGLE_PANEL.,$,$);
#3643=IFCPROPERTYSET('28K5aPsQr3cBfP1VndVGqA',$,'BBIM_Window',$,(#3644));
#3644=IFCPROPERTYSINGLEVALUE('Data',$,IFCTEXT('{"window_type": "DOUBLE_PANEL_VERTICAL", "overall_height": 0.8999999761581421, "overall_width": 1.2041735649108887, "lining_properties": {"lining_depth": 0.05000000074505806, "lining_thickness": 0.05000000074505806, "lining_offset": 0.05000000074505806, "lining_to_panel_offset_x": 0.02500000037252903, "lining_to_panel_offset_y": 0.02500000037252903, "mullion_thickness": 0.05000000074505806, "first_mullion_offset": 0.6061931252479553}, "panel_properties": {"frame_depth": [0.03500000014901161, 0.03500000014901161, 0.03500000014901161], "frame_thickness": [0.03500000014901161, 0.03500000014901161, 0.03500000014901161]}}'),$);
#3645=IFCREPRESENTATIONMAP(#3646,#3911);
#3646=IFCAXIS2PLACEMENT3D(#3647,#3648,#3649);
#3647=IFCCARTESIANPOINT((0.,0.,0.));
#3648=IFCDIRECTION((0.,0.,1.));
#3649=IFCDIRECTION((1.,0.,0.));
#3653=IFCREPRESENTATIONMAP(#3654,#3992);
#3654=IFCAXIS2PLACEMENT3D(#3655,#3656,#3657);
#3655=IFCCARTESIANPOINT((0.,0.,0.));
#3656=IFCDIRECTION((0.,0.,1.));
#3657=IFCDIRECTION((1.,0.,0.));
#3701=IFCREPRESENTATIONMAP(#3702,#4031);
#3702=IFCAXIS2PLACEMENT3D(#3703,#3704,#3705);
#3703=IFCCARTESIANPOINT((0.,0.,0.));
#3704=IFCDIRECTION((0.,0.,1.));
#3705=IFCDIRECTION((1.,0.,0.));
#3723=IFCWINDOW('0KkiCR$wTD8wPnwdwnM0RG',$,'Window',$,$,#4056,#3733,$,0.89999997615814209,1.2041735649108887,$,.DOUBLE_PANEL_VERTICAL.,$);
#3725=IFCRELDEFINESBYTYPE('20QcyMB2P6yAHbo_i7vEDZ',$,$,$,(#3723),#3642);
#3726=IFCCARTESIANPOINT((0.,0.,0.));
#3727=IFCDIRECTION((1.,0.,0.));
#3728=IFCDIRECTION((0.,1.,0.));
#3729=IFCDIRECTION((0.,0.,1.));
#3730=IFCCARTESIANTRANSFORMATIONOPERATOR3D(#3727,#3728,#3726,1.,#3729);
#3731=IFCMAPPEDITEM(#3645,#3730);
#3732=IFCSHAPEREPRESENTATION(#18,'Profile','MappedRepresentation',(#3731));
#3733=IFCPRODUCTDEFINITIONSHAPE($,$,(#3732,#3740,#3747));
#3734=IFCCARTESIANPOINT((0.,0.,0.));
#3735=IFCDIRECTION((1.,0.,0.));
#3736=IFCDIRECTION((0.,1.,0.));
#3737=IFCDIRECTION((0.,0.,1.));
#3738=IFCCARTESIANTRANSFORMATIONOPERATOR3D(#3735,#3736,#3734,1.,#3737);
#3739=IFCMAPPEDITEM(#3653,#3738);
#3740=IFCSHAPEREPRESENTATION(#11,'Body','MappedRepresentation',(#3739));
#3741=IFCCARTESIANPOINT((0.,0.,0.));
#3742=IFCDIRECTION((1.,0.,0.));
#3743=IFCDIRECTION((0.,1.,0.));
#3744=IFCDIRECTION((0.,0.,1.));
#3745=IFCCARTESIANTRANSFORMATIONOPERATOR3D(#3742,#3743,#3741,1.,#3744);
#3746=IFCMAPPEDITEM(#3701,#3745);
#3747=IFCSHAPEREPRESENTATION(#24,'Body','MappedRepresentation',(#3746));
#3748=IFCOPENINGELEMENT('0YVHZyWwDFSuedzVGr87Qj',$,'Opening',$,$,#4051,#3776,$,.OPENING.);
#3764=IFCCARTESIANPOINT((0.,0.,0.));
#3765=IFCDIRECTION((1.,0.,0.));
#3766=IFCDIRECTION((0.,0.,1.));
#3767=IFCAXIS2PLACEMENT3D(#3764,#3766,#3765);
#3768=IFCREPRESENTATIONMAP(#3767,#4041);
#3769=IFCCARTESIANPOINT((0.,0.,0.));
#3770=IFCDIRECTION((1.,0.,0.));
#3771=IFCDIRECTION((0.,1.,0.));
#3772=IFCDIRECTION((0.,0.,1.));
#3773=IFCCARTESIANTRANSFORMATIONOPERATOR3D(#3770,#3771,#3769,1.,#3772);
#3774=IFCMAPPEDITEM(#3768,#3773);
#3775=IFCSHAPEREPRESENTATION(#11,'Body','MappedRepresentation',(#3774));
#3776=IFCPRODUCTDEFINITIONSHAPE($,$,(#3775));
#3777=IFCRELVOIDSELEMENT('3X278EBHTEnf8mOjsQD3yH',$,$,$,#252,#3748);
#3783=IFCRELFILLSELEMENT('3SQ7QjsrXD1wSeG_LFBfNS',$,$,$,#3748,#3723);
#3909=IFCCARTESIANPOINTLIST3D(((0.,0.,0.),(1.2041735649108887,0.,0.),(1.2041735649108887,0.,0.89999997615814209),(0.,0.,0.89999997615814209)));
#3910=IFCINDEXEDPOLYCURVE(#3909,(IFCLINEINDEX((1,2,3,4,1))),$);
#3911=IFCSHAPEREPRESENTATION(#18,'Profile','Curve3D',(#3910));
#3912=IFCCARTESIANPOINTLIST2D(((0.60619312524795532,0.),(0.,0.),(0.,0.89999997615814209),(0.60619312524795532,0.89999997615814209),(0.60619312524795532,0.87499997578561306),(0.02500000037252903,0.87499997578561306),(0.02500000037252903,0.02500000037252903),(0.60619312524795532,0.02500000037252903)));
#3913=IFCINDEXEDPOLYCURVE(#3912,(IFCLINEINDEX((1,2,3,4,5,6,7,8,1))),$);
#3914=IFCARBITRARYCLOSEDPROFILEDEF(.AREA.,$,#3913);
#3915=IFCCARTESIANPOINT((0.,0.090000001713633537,0.));
#3916=IFCDIRECTION((0.,-1.,0.));
#3917=IFCDIRECTION((1.,0.,0.));
#3918=IFCAXIS2PLACEMENT3D(#3915,#3916,#3917);
#3919=IFCDIRECTION((0.,0.,-1.));
#3920=IFCEXTRUDEDAREASOLID(#3914,#3918,#3919,0.0099999997764825821);
#3921=IFCCARTESIANPOINTLIST2D(((0.,0.),(0.60619312524795532,0.),(0.60619312524795532,0.89999997615814209),(0.,0.89999997615814209)));
#3922=IFCINDEXEDPOLYCURVE(#3921,(IFCLINEINDEX((1,2,3,4,1))),$);
#3923=IFCCARTESIANPOINTLIST2D(((0.05000000074505806,0.05000000074505806),(0.58119312487542629,0.05000000074505806),(0.58119312487542629,0.84999997541308403),(0.05000000074505806,0.84999997541308403)));
#3924=IFCINDEXEDPOLYCURVE(#3923,(IFCLINEINDEX((1,2,3,4,1))),$);
#3925=IFCARBITRARYPROFILEDEFWITHVOIDS(.AREA.,$,#3922,(#3924));
#3926=IFCCARTESIANPOINT((0.,0.05000000074505806,0.));
#3927=IFCDIRECTION((0.,-1.,0.));
#3928=IFCDIRECTION((1.,0.,0.));
#3929=IFCAXIS2PLACEMENT3D(#3926,#3927,#3928);
#3930=IFCDIRECTION((0.,0.,-1.));
#3931=IFCEXTRUDEDAREASOLID(#3925,#3929,#3930,0.040000000968575478);
#3932=IFCCARTESIANPOINTLIST2D(((0.,0.),(0.58119312487542629,0.),(0.58119312487542629,0.84999997541308403),(0.,0.84999997541308403)));
#3933=IFCINDEXEDPOLYCURVE(#3932,(IFCLINEINDEX((1,2,3,4,1))),$);
#3934=IFCCARTESIANPOINTLIST2D(((0.035000000149011612,0.035000000149011612),(0.54619312472641468,0.035000000149011612),(0.54619312472641468,0.81499997526407242),(0.035000000149011612,0.81499997526407242)));
#3935=IFCINDEXEDPOLYCURVE(#3934,(IFCLINEINDEX((1,2,3,4,1))),$);
#3936=IFCARBITRARYPROFILEDEFWITHVOIDS(.AREA.,$,#3933,(#3935));
#3937=IFCCARTESIANPOINT((0.02500000037252903,0.090000001713633537,0.02500000037252903));
#3938=IFCDIRECTION((0.,-1.,0.));
#3939=IFCDIRECTION((1.,0.,0.));
#3940=IFCAXIS2PLACEMENT3D(#3937,#3938,#3939);
#3941=IFCDIRECTION((0.,0.,-1.));
#3942=IFCEXTRUDEDAREASOLID(#3936,#3940,#3941,0.035000000149011612);
#3943=IFCINDEXEDPOLYCURVE(#3944,(IFCLINEINDEX((1,2,3,4,1))),$);
#3944=IFCCARTESIANPOINTLIST2D(((0.035000000149011612,0.035000000149011612),(0.54619312472641468,0.035000000149011612),(0.54619312472641468,0.81499997526407242),(0.035000000149011612,0.81499997526407242)));
#3945=IFCARBITRARYCLOSEDPROFILEDEF(.AREA.,$,#3943);
#3946=IFCCARTESIANPOINT((0.02500000037252903,0.10250000178813934,0.02500000037252903));
#3947=IFCDIRECTION((0.,-1.,0.));
#3948=IFCDIRECTION((1.,0.,0.));
#3949=IFCAXIS2PLACEMENT3D(#3946,#3947,#3948);
#3950=IFCDIRECTION((0.,0.,-1.));
#3951=IFCEXTRUDEDAREASOLID(#3945,#3949,#3950,0.01);
#3952=IFCCARTESIANPOINTLIST2D(((0.,0.89999997615814209),(0.59798043966293335,0.89999997615814209),(0.59798043966293335,0.),(0.,0.),(0.,0.02500000037252903),(0.57298043929040432,0.02500000037252903),(0.57298043929040432,0.87499997578561306),(0.,0.87499997578561306)));
#3953=IFCINDEXEDPOLYCURVE(#3952,(IFCLINEINDEX((1,2,3,4,5,6,7,8,1))),$);
#3954=IFCARBITRARYCLOSEDPROFILEDEF(.AREA.,$,#3953);
#3955=IFCCARTESIANPOINT((0.60619312524795532,0.090000001713633537,0.));
#3956=IFCDIRECTION((0.,-1.,0.));
#3957=IFCDIRECTION((1.,0.,0.));
#3958=IFCAXIS2PLACEMENT3D(#3955,#3956,#3957);
#3959=IFCDIRECTION((0.,0.,-1.));
#3960=IFCEXTRUDEDAREASOLID(#3954,#3958,#3959,0.0099999997764825821);
#3961=IFCCARTESIANPOINTLIST2D(((0.,0.),(0.59798043966293335,0.),(0.59798043966293335,0.89999997615814209),(0.,0.89999997615814209)));
#3962=IFCINDEXEDPOLYCURVE(#3961,(IFCLINEINDEX((1,2,3,4,1))),$);
#3963=IFCCARTESIANPOINTLIST2D(((0.02500000037252903,0.05000000074505806),(0.54798043891787529,0.05000000074505806),(0.54798043891787529,0.84999997541308403),(0.02500000037252903,0.84999997541308403)));
#3964=IFCINDEXEDPOLYCURVE(#3963,(IFCLINEINDEX((1,2,3,4,1))),$);
#3965=IFCARBITRARYPROFILEDEFWITHVOIDS(.AREA.,$,#3962,(#3964));
#3966=IFCCARTESIANPOINT((0.60619312524795532,0.05000000074505806,0.));
#3967=IFCDIRECTION((0.,-1.,0.));
#3968=IFCDIRECTION((1.,0.,0.));
#3969=IFCAXIS2PLACEMENT3D(#3966,#3967,#3968);
#3970=IFCDIRECTION((0.,0.,-1.));
#3971=IFCEXTRUDEDAREASOLID(#3965,#3969,#3970,0.040000000968575478);
#3972=IFCCARTESIANPOINTLIST2D(((0.,0.),(0.57298043929040432,0.),(0.57298043929040432,0.84999997541308403),(0.,0.84999997541308403)));
#3973=IFCINDEXEDPOLYCURVE(#3972,(IFCLINEINDEX((1,2,3,4,1))),$);
#3974=IFCCARTESIANPOINTLIST2D(((0.035000000149011612,0.035000000149011612),(0.53798043914139271,0.035000000149011612),(0.53798043914139271,0.81499997526407242),(0.035000000149011612,0.81499997526407242)));
#3975=IFCINDEXEDPOLYCURVE(#3974,(IFCLINEINDEX((1,2,3,4,1))),$);
#3976=IFCARBITRARYPROFILEDEFWITHVOIDS(.AREA.,$,#3973,(#3975));
#3977=IFCCARTESIANPOINT((0.60619312524795532,0.090000001713633537,0.02500000037252903));
#3978=IFCDIRECTION((0.,-1.,0.));
#3979=IFCDIRECTION((1.,0.,0.));
#3980=IFCAXIS2PLACEMENT3D(#3977,#3978,#3979);
#3981=IFCDIRECTION((0.,0.,-1.));
#3982=IFCEXTRUDEDAREASOLID(#3976,#3980,#3981,0.035000000149011612);
#3983=IFCINDEXEDPOLYCURVE(#3984,(IFCLINEINDEX((1,2,3,4,1))),$);
#3984=IFCCARTESIANPOINTLIST2D(((0.035000000149011612,0.035000000149011612),(0.53798043914139271,0.035000000149011612),(0.53798043914139271,0.81499997526407242),(0.035000000149011612,0.81499997526407242)));
#3985=IFCARBITRARYCLOSEDPROFILEDEF(.AREA.,$,#3983);
#3986=IFCCARTESIANPOINT((0.60619312524795532,0.10250000178813934,0.02500000037252903));
#3987=IFCDIRECTION((0.,-1.,0.));
#3988=IFCDIRECTION((1.,0.,0.));
#3989=IFCAXIS2PLACEMENT3D(#3986,#3987,#3988);
#3990=IFCDIRECTION((0.,0.,-1.));
#3991=IFCEXTRUDEDAREASOLID(#3985,#3989,#3990,0.01);
#3992=IFCSHAPEREPRESENTATION(#11,'Body','SweptSolid',(#3920,#3931,#3942,#3951,#3960,#3971,#3982,#3991));
#3993=IFCSHAPEREPRESENTATION(#11,'Body','SweptSolid',(#3920,#3931,#3960,#3971));
#3994=IFCSHAPEASPECT((#3993),'Lining',$,.T.,#3733);
#3995=IFCSHAPEREPRESENTATION(#11,'Body','SweptSolid',(#3942,#3982));
#3996=IFCSHAPEASPECT((#3995),'Framing',$,.T.,#3733);
#3997=IFCSHAPEREPRESENTATION(#11,'Body','SweptSolid',(#3951,#3991));
#3998=IFCSHAPEASPECT((#3997),'Glazing',$,.T.,#3733);
#3999=IFCCARTESIANPOINTLIST2D(((0.05000000074505806,0.05000000074505806),(0.58119312487542629,0.05000000074505806)));
#4000=IFCINDEXEDPOLYCURVE(#3999,$,$);
#4001=IFCCARTESIANPOINTLIST2D(((0.,0.10000000149011612),(0.02500000037252903,0.10000000149011612),(0.02500000037252903,0.090000001713633537),(0.05000000074505806,0.090000001713633537),(0.05000000074505806,0.05000000074505806),(0.,0.05000000074505806)));
#4002=IFCINDEXEDPOLYCURVE(#4001,(IFCLINEINDEX((1,2,3,4,5,6,1))),$);
#4003=IFCCARTESIANPOINTLIST2D(((0.60619312524795532,0.10000000149011612),(0.60619312524795532,0.10000000149011612),(0.60619312524795532,0.090000001713633537),(0.58119312487542629,0.090000001713633537),(0.58119312487542629,0.05000000074505806),(0.60619312524795532,0.05000000074505806)));
#4004=IFCINDEXEDPOLYCURVE(#4003,$,$);
#4005=IFCCARTESIANPOINTLIST2D(((0.02500000037252903,0.090000001713633537),(0.060000000521540642,0.090000001713633537),(0.060000000521540642,0.12500000186264515),(0.02500000037252903,0.12500000186264515)));
#4006=IFCINDEXEDPOLYCURVE(#4005,(IFCLINEINDEX((1,2,3,4,1))),$);
#4007=IFCINDEXEDPOLYCURVE(#4008,(IFCLINEINDEX((1,2,3,4,1))),$);
#4008=IFCCARTESIANPOINTLIST2D(((0.60619312524795532,0.090000001713633537),(0.57119312509894371,0.090000001713633537),(0.57119312509894371,0.12500000186264515),(0.60619312524795532,0.12500000186264515)));
#4009=IFCCARTESIANPOINTLIST2D(((0.060000000521540642,0.090000001713633537),(0.57119312509894371,0.090000001713633537)));
#4010=IFCINDEXEDPOLYCURVE(#4009,$,$);
#4011=IFCINDEXEDPOLYCURVE(#4012,$,$);
#4012=IFCCARTESIANPOINTLIST2D(((0.060000000521540642,0.12500000186264515),(0.57119312509894371,0.12500000186264515)));
#4013=IFCINDEXEDPOLYCURVE(#4014,$,$);
#4014=IFCCARTESIANPOINTLIST2D(((0.060000000521540642,0.10750000178813934),(0.57119312509894371,0.10750000178813934)));
#4015=IFCCARTESIANPOINTLIST2D(((0.63119312562048435,0.05000000074505806),(1.1541735641658306,0.05000000074505806)));
#4016=IFCINDEXEDPOLYCURVE(#4015,$,$);
#4017=IFCCARTESIANPOINTLIST2D(((0.60619312524795532,0.10000000149011612),(0.60619312524795532,0.10000000149011612),(0.60619312524795532,0.090000001713633537),(0.63119312562048435,0.090000001713633537),(0.63119312562048435,0.05000000074505806),(0.60619312524795532,0.05000000074505806)));
#4018=IFCINDEXEDPOLYCURVE(#4017,$,$);
#4019=IFCCARTESIANPOINTLIST2D(((1.2041735649108887,0.10000000149011612),(1.1791735645383596,0.10000000149011612),(1.1791735645383596,0.090000001713633537),(1.1541735641658306,0.090000001713633537),(1.1541735641658306,0.05000000074505806),(1.2041735649108887,0.05000000074505806)));
#4020=IFCINDEXEDPOLYCURVE(#4019,(IFCLINEINDEX((1,2,3,4,5,6,1))),$);
#4021=IFCCARTESIANPOINTLIST2D(((0.60619312524795532,0.090000001713633537),(0.64119312539696693,0.090000001713633537),(0.64119312539696693,0.12500000186264515),(0.60619312524795532,0.12500000186264515)));
#4022=IFCINDEXEDPOLYCURVE(#4021,(IFCLINEINDEX((1,2,3,4,1))),$);
#4023=IFCINDEXEDPOLYCURVE(#4024,(IFCLINEINDEX((1,2,3,4,1))),$);
#4024=IFCCARTESIANPOINTLIST2D(((1.1791735645383596,0.090000001713633537),(1.144173564389348,0.090000001713633537),(1.144173564389348,0.12500000186264515),(1.1791735645383596,0.12500000186264515)));
#4025=IFCCARTESIANPOINTLIST2D(((0.64119312539696693,0.090000001713633537),(1.144173564389348,0.090000001713633537)));
#4026=IFCINDEXEDPOLYCURVE(#4025,$,$);
#4027=IFCINDEXEDPOLYCURVE(#4028,$,$);
#4028=IFCCARTESIANPOINTLIST2D(((0.64119312539696693,0.12500000186264515),(1.144173564389348,0.12500000186264515)));
#4029=IFCINDEXEDPOLYCURVE(#4030,$,$);
#4030=IFCCARTESIANPOINTLIST2D(((0.64119312539696693,0.10750000178813934),(1.144173564389348,0.10750000178813934)));
#4031=IFCSHAPEREPRESENTATION(#24,'Body','Curve2D',(#4000,#4002,#4004,#4006,#4007,#4010,#4011,#4013,#4016,#4018,#4020,#4022,#4023,#4026,#4027,#4029));
#4032=IFCCARTESIANPOINTLIST2D(((0.,0.),(1.2041735649108887,0.),(1.2041735649108887,0.89999997615814209),(0.,0.89999997615814209)));
#4033=IFCINDEXEDPOLYCURVE(#4032,(IFCLINEINDEX((1,2,3,4,1))),$);
#4034=IFCARBITRARYCLOSEDPROFILEDEF(.AREA.,$,#4033);
#4035=IFCCARTESIANPOINT((0.,-0.60000002384185791,0.));
#4036=IFCDIRECTION((0.,-1.,0.));
#4037=IFCDIRECTION((1.,0.,0.));
#4038=IFCAXIS2PLACEMENT3D(#4035,#4036,#4037);
#4039=IFCDIRECTION((0.,0.,-1.));
#4040=IFCEXTRUDEDAREASOLID(#4034,#4038,#4039,1.2);
#4041=IFCSHAPEREPRESENTATION(#11,'Body','SweptSolid',(#4040));
#4047=IFCCARTESIANPOINT((1.0457003996837262,1.2367963790893555E-06,1.));
#4048=IFCDIRECTION((0.,0.,1.));
#4049=IFCDIRECTION((0.99999999999988631,-4.7683715820307079E-07,0.));
#4050=IFCAXIS2PLACEMENT3D(#4047,#4048,#4049);
#4051=IFCLOCALPLACEMENT(#534,#4050);
#4052=IFCCARTESIANPOINT((-4.4408920985006262E-16,0.,0.));
#4053=IFCDIRECTION((0.,0.,1.));
#4054=IFCDIRECTION((1.,0.,0.));
#4055=IFCAXIS2PLACEMENT3D(#4052,#4053,#4054);
#4056=IFCLOCALPLACEMENT(#4051,#4055);
#4057=IFCWINDOWTYPE('3OVm9W1fr8CRhqVDgPAyaM',$,'Guest-2-GF',$,$,(#4058),(#4060,#4068,#4116),$,$,.WINDOW.,.SINGLE_PANEL.,$,$);
#4058=IFCPROPERTYSET('0Zo5rh2Sz1tuxppiiF4tjm',$,'BBIM_Window',$,(#4059));
#4059=IFCPROPERTYSINGLEVALUE('Data',$,IFCTEXT('{"window_type": "SINGLE_PANEL", "overall_height": 0.8999999761581421, "overall_width": 0.8134808540344238, "lining_properties": {"lining_depth": 0.05000000074505806, "lining_thickness": 0.05000000074505806, "lining_offset": 0.05000000074505806, "lining_to_panel_offset_x": 0.02500000037252903, "lining_to_panel_offset_y": 0.02500000037252903}, "panel_properties": {"frame_depth": [0.03500000014901161, 0.03500000014901161, 0.03500000014901161], "frame_thickness": [0.03500000014901161, 0.03500000014901161, 0.03500000014901161]}}'),$);
#4060=IFCREPRESENTATIONMAP(#4061,#4221);
#4061=IFCAXIS2PLACEMENT3D(#4062,#4063,#4064);
#4062=IFCCARTESIANPOINT((0.,0.,0.));
#4063=IFCDIRECTION((0.,0.,1.));
#4064=IFCDIRECTION((1.,0.,0.));
#4068=IFCREPRESENTATIONMAP(#4069,#4264);
#4069=IFCAXIS2PLACEMENT3D(#4070,#4071,#4072);
#4070=IFCCARTESIANPOINT((0.,0.,0.));
#4071=IFCDIRECTION((0.,0.,1.));
#4072=IFCDIRECTION((1.,0.,0.));
#4116=IFCREPRESENTATIONMAP(#4117,#4287);
#4117=IFCAXIS2PLACEMENT3D(#4118,#4119,#4120);
#4118=IFCCARTESIANPOINT((0.,0.,0.));
#4119=IFCDIRECTION((0.,0.,1.));
#4120=IFCDIRECTION((1.,0.,0.));
#4138=IFCWINDOW('3g42suXY94bxwby3key3sA',$,'Window',$,$,#4312,#4148,$,0.89999997615814209,0.81348085403442383,$,.SINGLE_PANEL.,$);
#4140=IFCRELDEFINESBYTYPE('3dy_sPYHb9sRttTM5YVdSX',$,$,$,(#4138),#4057);
#4141=IFCCARTESIANPOINT((0.,0.,0.));
#4142=IFCDIRECTION((1.,0.,0.));
#4143=IFCDIRECTION((0.,1.,0.));
#4144=IFCDIRECTION((0.,0.,1.));
#4145=IFCCARTESIANTRANSFORMATIONOPERATOR3D(#4142,#4143,#4141,1.,#4144);
#4146=IFCMAPPEDITEM(#4060,#4145);
#4147=IFCSHAPEREPRESENTATION(#18,'Profile','MappedRepresentation',(#4146));
#4148=IFCPRODUCTDEFINITIONSHAPE($,$,(#4147,#4155,#4162));
#4149=IFCCARTESIANPOINT((0.,0.,0.));
#4150=IFCDIRECTION((1.,0.,0.));
#4151=IFCDIRECTION((0.,1.,0.));
#4152=IFCDIRECTION((0.,0.,1.));
#4153=IFCCARTESIANTRANSFORMATIONOPERATOR3D(#4150,#4151,#4149,1.,#4152);
#4154=IFCMAPPEDITEM(#4068,#4153);
#4155=IFCSHAPEREPRESENTATION(#11,'Body','MappedRepresentation',(#4154));
#4156=IFCCARTESIANPOINT((0.,0.,0.));
#4157=IFCDIRECTION((1.,0.,0.));
#4158=IFCDIRECTION((0.,1.,0.));
#4159=IFCDIRECTION((0.,0.,1.));
#4160=IFCCARTESIANTRANSFORMATIONOPERATOR3D(#4157,#4158,#4156,1.,#4159);
#4161=IFCMAPPEDITEM(#4116,#4160);
#4162=IFCSHAPEREPRESENTATION(#24,'Body','MappedRepresentation',(#4161));
#4163=IFCOPENINGELEMENT('1_kJomyVT5SxVEw73r5hlA',$,'Opening',$,$,#4307,#4191,$,.OPENING.);
#4179=IFCCARTESIANPOINT((0.,0.,0.));
#4180=IFCDIRECTION((1.,0.,0.));
#4181=IFCDIRECTION((0.,0.,1.));
#4182=IFCAXIS2PLACEMENT3D(#4179,#4181,#4180);
#4183=IFCREPRESENTATIONMAP(#4182,#4297);
#4184=IFCCARTESIANPOINT((0.,0.,0.));
#4185=IFCDIRECTION((1.,0.,0.));
#4186=IFCDIRECTION((0.,1.,0.));
#4187=IFCDIRECTION((0.,0.,1.));
#4188=IFCCARTESIANTRANSFORMATIONOPERATOR3D(#4185,#4186,#4184,1.,#4187);
#4189=IFCMAPPEDITEM(#4183,#4188);
#4190=IFCSHAPEREPRESENTATION(#11,'Body','MappedRepresentation',(#4189));
#4191=IFCPRODUCTDEFINITIONSHAPE($,$,(#4190));
#4192=IFCRELVOIDSELEMENT('2rPKSFfNrCKRUEO7je1jk9',$,$,$,#227,#4163);
#4198=IFCRELFILLSELEMENT('24xxfB2V90gRUxxaCBgauM',$,$,$,#4163,#4138);
#4219=IFCCARTESIANPOINTLIST3D(((0.,0.,0.),(0.81348085403442383,0.,0.),(0.81348085403442383,0.,0.89999997615814209),(0.,0.,0.89999997615814209)));
#4220=IFCINDEXEDPOLYCURVE(#4219,(IFCLINEINDEX((1,2,3,4,1))),$);
#4221=IFCSHAPEREPRESENTATION(#18,'Profile','Curve3D',(#4220));
#4222=IFCCARTESIANPOINTLIST2D(((0.,0.),(0.81348085403442383,0.),(0.81348085403442383,0.89999997615814209),(0.,0.89999997615814209)));
#4223=IFCINDEXEDPOLYCURVE(#4222,(IFCLINEINDEX((1,2,3,4,1))),$);
#4224=IFCCARTESIANPOINTLIST2D(((0.02500000037252903,0.02500000037252903),(0.7884808536618948,0.02500000037252903),(0.7884808536618948,0.87499997578561306),(0.02500000037252903,0.87499997578561306)));
#4225=IFCINDEXEDPOLYCURVE(#4224,(IFCLINEINDEX((1,2,3,4,1))),$);
#4226=IFCARBITRARYPROFILEDEFWITHVOIDS(.AREA.,$,#4223,(#4225));
#4227=IFCCARTESIANPOINT((0.,0.090000001713633537,0.));
#4228=IFCDIRECTION((0.,-1.,0.));
#4229=IFCDIRECTION((1.,0.,0.));
#4230=IFCAXIS2PLACEMENT3D(#4227,#4228,#4229);
#4231=IFCDIRECTION((0.,0.,-1.));
#4232=IFCEXTRUDEDAREASOLID(#4226,#4230,#4231,0.0099999997764825821);
#4233=IFCCARTESIANPOINTLIST2D(((0.,0.),(0.81348085403442383,0.),(0.81348085403442383,0.89999997615814209),(0.,0.89999997615814209)));
#4234=IFCINDEXEDPOLYCURVE(#4233,(IFCLINEINDEX((1,2,3,4,1))),$);
#4235=IFCCARTESIANPOINTLIST2D(((0.05000000074505806,0.05000000074505806),(0.76348085328936577,0.05000000074505806),(0.76348085328936577,0.84999997541308403),(0.05000000074505806,0.84999997541308403)));
#4236=IFCINDEXEDPOLYCURVE(#4235,(IFCLINEINDEX((1,2,3,4,1))),$);
#4237=IFCARBITRARYPROFILEDEFWITHVOIDS(.AREA.,$,#4234,(#4236));
#4238=IFCCARTESIANPOINT((0.,0.05000000074505806,0.));
#4239=IFCDIRECTION((0.,-1.,0.));
#4240=IFCDIRECTION((1.,0.,0.));
#4241=IFCAXIS2PLACEMENT3D(#4238,#4239,#4240);
#4242=IFCDIRECTION((0.,0.,-1.));
#4243=IFCEXTRUDEDAREASOLID(#4237,#4241,#4242,0.040000000968575478);
#4244=IFCCARTESIANPOINTLIST2D(((0.,0.),(0.76348085328936577,0.),(0.76348085328936577,0.84999997541308403),(0.,0.84999997541308403)));
#4245=IFCINDEXEDPOLYCURVE(#4244,(IFCLINEINDEX((1,2,3,4,1))),$);
#4246=IFCCARTESIANPOINTLIST2D(((0.035000000149011612,0.035000000149011612),(0.72848085314035416,0.035000000149011612),(0.72848085314035416,0.81499997526407242),(0.035000000149011612,0.81499997526407242)));
#4247=IFCINDEXEDPOLYCURVE(#4246,(IFCLINEINDEX((1,2,3,4,1))),$);
#4248=IFCARBITRARYPROFILEDEFWITHVOIDS(.AREA.,$,#4245,(#4247));
#4249=IFCCARTESIANPOINT((0.02500000037252903,0.090000001713633537,0.02500000037252903));
#4250=IFCDIRECTION((0.,-1.,0.));
#4251=IFCDIRECTION((1.,0.,0.));
#4252=IFCAXIS2PLACEMENT3D(#4249,#4250,#4251);
#4253=IFCDIRECTION((0.,0.,-1.));
#4254=IFCEXTRUDEDAREASOLID(#4248,#4252,#4253,0.035000000149011612);
#4255=IFCINDEXEDPOLYCURVE(#4256,(IFCLINEINDEX((1,2,3,4,1))),$);
#4256=IFCCARTESIANPOINTLIST2D(((0.035000000149011612,0.035000000149011612),(0.72848085314035416,0.035000000149011612),(0.72848085314035416,0.81499997526407242),(0.035000000149011612,0.81499997526407242)));
#4257=IFCARBITRARYCLOSEDPROFILEDEF(.AREA.,$,#4255);
#4258=IFCCARTESIANPOINT((0.02500000037252903,0.10250000178813934,0.02500000037252903));
#4259=IFCDIRECTION((0.,-1.,0.));
#4260=IFCDIRECTION((1.,0.,0.));
#4261=IFCAXIS2PLACEMENT3D(#4258,#4259,#4260);
#4262=IFCDIRECTION((0.,0.,-1.));
#4263=IFCEXTRUDEDAREASOLID(#4257,#4261,#4262,0.01);
#4264=IFCSHAPEREPRESENTATION(#11,'Body','SweptSolid',(#4232,#4243,#4254,#4263));
#4265=IFCSHAPEREPRESENTATION(#11,'Body','SweptSolid',(#4232,#4243));
#4266=IFCSHAPEASPECT((#4265),'Lining',$,.T.,#4148);
#4267=IFCSHAPEREPRESENTATION(#11,'Body','SweptSolid',(#4254));
#4268=IFCSHAPEASPECT((#4267),'Framing',$,.T.,#4148);
#4269=IFCSHAPEREPRESENTATION(#11,'Body','SweptSolid',(#4263));
#4270=IFCSHAPEASPECT((#4269),'Glazing',$,.T.,#4148);
#4271=IFCCARTESIANPOINTLIST2D(((0.05000000074505806,0.05000000074505806),(0.76348085328936577,0.05000000074505806)));
#4272=IFCINDEXEDPOLYCURVE(#4271,$,$);
#4273=IFCCARTESIANPOINTLIST2D(((0.,0.10000000149011612),(0.02500000037252903,0.10000000149011612),(0.02500000037252903,0.090000001713633537),(0.05000000074505806,0.090000001713633537),(0.05000000074505806,0.05000000074505806),(0.,0.05000000074505806)));
#4274=IFCINDEXEDPOLYCURVE(#4273,(IFCLINEINDEX((1,2,3,4,5,6,1))),$);
#4275=IFCCARTESIANPOINTLIST2D(((0.81348085403442383,0.10000000149011612),(0.7884808536618948,0.10000000149011612),(0.7884808536618948,0.090000001713633537),(0.76348085328936577,0.090000001713633537),(0.76348085328936577,0.05000000074505806),(0.81348085403442383,0.05000000074505806)));
#4276=IFCINDEXEDPOLYCURVE(#4275,(IFCLINEINDEX((1,2,3,4,5,6,1))),$);
#4277=IFCCARTESIANPOINTLIST2D(((0.02500000037252903,0.090000001713633537),(0.060000000521540642,0.090000001713633537),(0.060000000521540642,0.12500000186264515),(0.02500000037252903,0.12500000186264515)));
#4278=IFCINDEXEDPOLYCURVE(#4277,(IFCLINEINDEX((1,2,3,4,1))),$);
#4279=IFCINDEXEDPOLYCURVE(#4280,(IFCLINEINDEX((1,2,3,4,1))),$);
#4280=IFCCARTESIANPOINTLIST2D(((0.7884808536618948,0.090000001713633537),(0.75348085351288319,0.090000001713633537),(0.75348085351288319,0.12500000186264515),(0.7884808536618948,0.12500000186264515)));
#4281=IFCCARTESIANPOINTLIST2D(((0.060000000521540642,0.090000001713633537),(0.75348085351288319,0.090000001713633537)));
#4282=IFCINDEXEDPOLYCURVE(#4281,$,$);
#4283=IFCINDEXEDPOLYCURVE(#4284,$,$);
#4284=IFCCARTESIANPOINTLIST2D(((0.060000000521540642,0.12500000186264515),(0.75348085351288319,0.12500000186264515)));
#4285=IFCINDEXEDPOLYCURVE(#4286,$,$);
#4286=IFCCARTESIANPOINTLIST2D(((0.060000000521540642,0.10750000178813934),(0.75348085351288319,0.10750000178813934)));
#4287=IFCSHAPEREPRESENTATION(#24,'Body','Curve2D',(#4272,#4274,#4276,#4278,#4279,#4282,#4283,#4285));
#4288=IFCCARTESIANPOINTLIST2D(((0.,0.),(0.81348085403442383,0.),(0.81348085403442383,0.89999997615814209),(0.,0.89999997615814209)));
#4289=IFCINDEXEDPOLYCURVE(#4288,(IFCLINEINDEX((1,2,3,4,1))),$);
#4290=IFCARBITRARYCLOSEDPROFILEDEF(.AREA.,$,#4289);
#4291=IFCCARTESIANPOINT((0.,-0.60000002384185791,0.));
#4292=IFCDIRECTION((0.,-1.,0.));
#4293=IFCDIRECTION((1.,0.,0.));
#4294=IFCAXIS2PLACEMENT3D(#4291,#4292,#4293);
#4295=IFCDIRECTION((0.,0.,-1.));
#4296=IFCEXTRUDEDAREASOLID(#4290,#4294,#4295,1.2);
#4297=IFCSHAPEREPRESENTATION(#11,'Body','SweptSolid',(#4296));
#4303=IFCCARTESIANPOINT((3.0383982177481514,7.2428169595184499E-07,1.));
#4304=IFCDIRECTION((0.,0.,1.));
#4305=IFCDIRECTION((0.99999999999999289,1.1920928244535129E-07,0.));
#4306=IFCAXIS2PLACEMENT3D(#4303,#4304,#4305);
#4307=IFCLOCALPLACEMENT(#502,#4306);
#4308=IFCCARTESIANPOINT((-4.4408920985006262E-16,0.,0.));
#4309=IFCDIRECTION((0.,0.,1.));
#4310=IFCDIRECTION((1.,0.,0.));
#4311=IFCAXIS2PLACEMENT3D(#4308,#4309,#4310);
#4312=IFCLOCALPLACEMENT(#4307,#4311);
#4313=IFCWINDOWTYPE('2xezELpXTETPyMm2dpE_5d',$,'Maid-GF',$,$,(#4314),(#4316,#4324,#4372),$,$,.WINDOW.,.SINGLE_PANEL.,$,$);
#4314=IFCPROPERTYSET('33kXK1NN544AgxvaBMO1hx',$,'BBIM_Window',$,(#4315));
#4315=IFCPROPERTYSINGLEVALUE('Data',$,IFCTEXT('{"window_type": "SINGLE_PANEL", "overall_height": 0.8999999761581421, "overall_width": 0.8194148540496826, "lining_properties": {"lining_depth": 0.05000000074505806, "lining_thickness": 0.05000000074505806, "lining_offset": 0.05000000074505806, "lining_to_panel_offset_x": 0.02500000037252903, "lining_to_panel_offset_y": 0.02500000037252903}, "panel_properties": {"frame_depth": [0.03500000014901161, 0.03500000014901161, 0.03500000014901161], "frame_thickness": [0.03500000014901161, 0.03500000014901161, 0.03500000014901161]}}'),$);
#4316=IFCREPRESENTATIONMAP(#4317,#4477);
#4317=IFCAXIS2PLACEMENT3D(#4318,#4319,#4320);
#4318=IFCCARTESIANPOINT((0.,0.,0.));
#4319=IFCDIRECTION((0.,0.,1.));
#4320=IFCDIRECTION((1.,0.,0.));
#4324=IFCREPRESENTATIONMAP(#4325,#4520);
#4325=IFCAXIS2PLACEMENT3D(#4326,#4327,#4328);
#4326=IFCCARTESIANPOINT((0.,0.,0.));
#4327=IFCDIRECTION((0.,0.,1.));
#4328=IFCDIRECTION((1.,0.,0.));
#4372=IFCREPRESENTATIONMAP(#4373,#4543);
#4373=IFCAXIS2PLACEMENT3D(#4374,#4375,#4376);
#4374=IFCCARTESIANPOINT((0.,0.,0.));
#4375=IFCDIRECTION((0.,0.,1.));
#4376=IFCDIRECTION((1.,0.,0.));
#4394=IFCWINDOW('2XW0WJ6Yj24RZG2rY2sKUP',$,'Window',$,$,#4568,#4404,$,0.89999997615814209,0.81941485404968262,$,.SINGLE_PANEL.,$);
#4396=IFCRELDEFINESBYTYPE('1Ym75tZQjCcBHHh30kDkog',$,$,$,(#4394),#4313);
#4397=IFCCARTESIANPOINT((0.,0.,0.));
#4398=IFCDIRECTION((1.,0.,0.));
#4399=IFCDIRECTION((0.,1.,0.));
#4400=IFCDIRECTION((0.,0.,1.));
#4401=IFCCARTESIANTRANSFORMATIONOPERATOR3D(#4398,#4399,#4397,1.,#4400);
#4402=IFCMAPPEDITEM(#4316,#4401);
#4403=IFCSHAPEREPRESENTATION(#18,'Profile','MappedRepresentation',(#4402));
#4404=IFCPRODUCTDEFINITIONSHAPE($,$,(#4403,#4411,#4418));
#4405=IFCCARTESIANPOINT((0.,0.,0.));
#4406=IFCDIRECTION((1.,0.,0.));
#4407=IFCDIRECTION((0.,1.,0.));
#4408=IFCDIRECTION((0.,0.,1.));
#4409=IFCCARTESIANTRANSFORMATIONOPERATOR3D(#4406,#4407,#4405,1.,#4408);
#4410=IFCMAPPEDITEM(#4324,#4409);
#4411=IFCSHAPEREPRESENTATION(#11,'Body','MappedRepresentation',(#4410));
#4412=IFCCARTESIANPOINT((0.,0.,0.));
#4413=IFCDIRECTION((1.,0.,0.));
#4414=IFCDIRECTION((0.,1.,0.));
#4415=IFCDIRECTION((0.,0.,1.));
#4416=IFCCARTESIANTRANSFORMATIONOPERATOR3D(#4413,#4414,#4412,1.,#4415);
#4417=IFCMAPPEDITEM(#4372,#4416);
#4418=IFCSHAPEREPRESENTATION(#24,'Body','MappedRepresentation',(#4417));
#4419=IFCOPENINGELEMENT('2t54eqatr5kuGBQ45tMfDr',$,'Opening',$,$,#4563,#4447,$,.OPENING.);
#4435=IFCCARTESIANPOINT((0.,0.,0.));
#4436=IFCDIRECTION((1.,0.,0.));
#4437=IFCDIRECTION((0.,0.,1.));
#4438=IFCAXIS2PLACEMENT3D(#4435,#4437,#4436);
#4439=IFCREPRESENTATIONMAP(#4438,#4553);
#4440=IFCCARTESIANPOINT((0.,0.,0.));
#4441=IFCDIRECTION((1.,0.,0.));
#4442=IFCDIRECTION((0.,1.,0.));
#4443=IFCDIRECTION((0.,0.,1.));
#4444=IFCCARTESIANTRANSFORMATIONOPERATOR3D(#4441,#4442,#4440,1.,#4443);
#4445=IFCMAPPEDITEM(#4439,#4444);
#4446=IFCSHAPEREPRESENTATION(#11,'Body','MappedRepresentation',(#4445));
#4447=IFCPRODUCTDEFINITIONSHAPE($,$,(#4446));
#4448=IFCRELVOIDSELEMENT('0Dn4VFzzHBIvlCFgXEqypg',$,$,$,#202,#4419);
#4454=IFCRELFILLSELEMENT('2$PHNzAIr1H8E1jbzywE1Z',$,$,$,#4419,#4394);
#4475=IFCCARTESIANPOINTLIST3D(((0.,0.,0.),(0.81941485404968262,0.,0.),(0.81941485404968262,0.,0.89999997615814209),(0.,0.,0.89999997615814209)));
#4476=IFCINDEXEDPOLYCURVE(#4475,(IFCLINEINDEX((1,2,3,4,1))),$);
#4477=IFCSHAPEREPRESENTATION(#18,'Profile','Curve3D',(#4476));
#4478=IFCCARTESIANPOINTLIST2D(((0.,0.),(0.81941485404968262,0.),(0.81941485404968262,0.89999997615814209),(0.,0.89999997615814209)));
#4479=IFCINDEXEDPOLYCURVE(#4478,(IFCLINEINDEX((1,2,3,4,1))),$);
#4480=IFCCARTESIANPOINTLIST2D(((0.02500000037252903,0.02500000037252903),(0.79441485367715359,0.02500000037252903),(0.79441485367715359,0.87499997578561306),(0.02500000037252903,0.87499997578561306)));
#4481=IFCINDEXEDPOLYCURVE(#4480,(IFCLINEINDEX((1,2,3,4,1))),$);
#4482=IFCARBITRARYPROFILEDEFWITHVOIDS(.AREA.,$,#4479,(#4481));
#4483=IFCCARTESIANPOINT((0.,0.090000001713633537,0.));
#4484=IFCDIRECTION((0.,-1.,0.));
#4485=IFCDIRECTION((1.,0.,0.));
#4486=IFCAXIS2PLACEMENT3D(#4483,#4484,#4485);
#4487=IFCDIRECTION((0.,0.,-1.));
#4488=IFCEXTRUDEDAREASOLID(#4482,#4486,#4487,0.0099999997764825821);
#4489=IFCCARTESIANPOINTLIST2D(((0.,0.),(0.81941485404968262,0.),(0.81941485404968262,0.89999997615814209),(0.,0.89999997615814209)));
#4490=IFCINDEXEDPOLYCURVE(#4489,(IFCLINEINDEX((1,2,3,4,1))),$);
#4491=IFCCARTESIANPOINTLIST2D(((0.05000000074505806,0.05000000074505806),(0.76941485330462456,0.05000000074505806),(0.76941485330462456,0.84999997541308403),(0.05000000074505806,0.84999997541308403)));
#4492=IFCINDEXEDPOLYCURVE(#4491,(IFCLINEINDEX((1,2,3,4,1))),$);
#4493=IFCARBITRARYPROFILEDEFWITHVOIDS(.AREA.,$,#4490,(#4492));
#4494=IFCCARTESIANPOINT((0.,0.05000000074505806,0.));
#4495=IFCDIRECTION((0.,-1.,0.));
#4496=IFCDIRECTION((1.,0.,0.));
#4497=IFCAXIS2PLACEMENT3D(#4494,#4495,#4496);
#4498=IFCDIRECTION((0.,0.,-1.));
#4499=IFCEXTRUDEDAREASOLID(#4493,#4497,#4498,0.040000000968575478);
#4500=IFCCARTESIANPOINTLIST2D(((0.,0.),(0.76941485330462456,0.),(0.76941485330462456,0.84999997541308403),(0.,0.84999997541308403)));
#4501=IFCINDEXEDPOLYCURVE(#4500,(IFCLINEINDEX((1,2,3,4,1))),$);
#4502=IFCCARTESIANPOINTLIST2D(((0.035000000149011612,0.035000000149011612),(0.73441485315561295,0.035000000149011612),(0.73441485315561295,0.81499997526407242),(0.035000000149011612,0.81499997526407242)));
#4503=IFCINDEXEDPOLYCURVE(#4502,(IFCLINEINDEX((1,2,3,4,1))),$);
#4504=IFCARBITRARYPROFILEDEFWITHVOIDS(.AREA.,$,#4501,(#4503));
#4505=IFCCARTESIANPOINT((0.02500000037252903,0.090000001713633537,0.02500000037252903));
#4506=IFCDIRECTION((0.,-1.,0.));
#4507=IFCDIRECTION((1.,0.,0.));
#4508=IFCAXIS2PLACEMENT3D(#4505,#4506,#4507);
#4509=IFCDIRECTION((0.,0.,-1.));
#4510=IFCEXTRUDEDAREASOLID(#4504,#4508,#4509,0.035000000149011612);
#4511=IFCINDEXEDPOLYCURVE(#4512,(IFCLINEINDEX((1,2,3,4,1))),$);
#4512=IFCCARTESIANPOINTLIST2D(((0.035000000149011612,0.035000000149011612),(0.73441485315561295,0.035000000149011612),(0.73441485315561295,0.81499997526407242),(0.035000000149011612,0.81499997526407242)));
#4513=IFCARBITRARYCLOSEDPROFILEDEF(.AREA.,$,#4511);
#4514=IFCCARTESIANPOINT((0.02500000037252903,0.10250000178813934,0.02500000037252903));
#4515=IFCDIRECTION((0.,-1.,0.));
#4516=IFCDIRECTION((1.,0.,0.));
#4517=IFCAXIS2PLACEMENT3D(#4514,#4515,#4516);
#4518=IFCDIRECTION((0.,0.,-1.));
#4519=IFCEXTRUDEDAREASOLID(#4513,#4517,#4518,0.01);
#4520=IFCSHAPEREPRESENTATION(#11,'Body','SweptSolid',(#4488,#4499,#4510,#4519));
#4521=IFCSHAPEREPRESENTATION(#11,'Body','SweptSolid',(#4488,#4499));
#4522=IFCSHAPEASPECT((#4521),'Lining',$,.T.,#4404);
#4523=IFCSHAPEREPRESENTATION(#11,'Body','SweptSolid',(#4510));
#4524=IFCSHAPEASPECT((#4523),'Framing',$,.T.,#4404);
#4525=IFCSHAPEREPRESENTATION(#11,'Body','SweptSolid',(#4519));
#4526=IFCSHAPEASPECT((#4525),'Glazing',$,.T.,#4404);
#4527=IFCCARTESIANPOINTLIST2D(((0.05000000074505806,0.05000000074505806),(0.76941485330462456,0.05000000074505806)));
#4528=IFCINDEXEDPOLYCURVE(#4527,$,$);
#4529=IFCCARTESIANPOINTLIST2D(((0.,0.10000000149011612),(0.02500000037252903,0.10000000149011612),(0.02500000037252903,0.090000001713633537),(0.05000000074505806,0.090000001713633537),(0.05000000074505806,0.05000000074505806),(0.,0.05000000074505806)));
#4530=IFCINDEXEDPOLYCURVE(#4529,(IFCLINEINDEX((1,2,3,4,5,6,1))),$);
#4531=IFCCARTESIANPOINTLIST2D(((0.81941485404968262,0.10000000149011612),(0.79441485367715359,0.10000000149011612),(0.79441485367715359,0.090000001713633537),(0.76941485330462456,0.090000001713633537),(0.76941485330462456,0.05000000074505806),(0.81941485404968262,0.05000000074505806)));
#4532=IFCINDEXEDPOLYCURVE(#4531,(IFCLINEINDEX((1,2,3,4,5,6,1))),$);
#4533=IFCCARTESIANPOINTLIST2D(((0.02500000037252903,0.090000001713633537),(0.060000000521540642,0.090000001713633537),(0.060000000521540642,0.12500000186264515),(0.02500000037252903,0.12500000186264515)));
#4534=IFCINDEXEDPOLYCURVE(#4533,(IFCLINEINDEX((1,2,3,4,1))),$);
#4535=IFCINDEXEDPOLYCURVE(#4536,(IFCLINEINDEX((1,2,3,4,1))),$);
#4536=IFCCARTESIANPOINTLIST2D(((0.79441485367715359,0.090000001713633537),(0.75941485352814198,0.090000001713633537),(0.75941485352814198,0.12500000186264515),(0.79441485367715359,0.12500000186264515)));
#4537=IFCCARTESIANPOINTLIST2D(((0.060000000521540642,0.090000001713633537),(0.75941485352814198,0.090000001713633537)));
#4538=IFCINDEXEDPOLYCURVE(#4537,$,$);
#4539=IFCINDEXEDPOLYCURVE(#4540,$,$);
#4540=IFCCARTESIANPOINTLIST2D(((0.060000000521540642,0.12500000186264515),(0.75941485352814198,0.12500000186264515)));
#4541=IFCINDEXEDPOLYCURVE(#4542,$,$);
#4542=IFCCARTESIANPOINTLIST2D(((0.060000000521540642,0.10750000178813934),(0.75941485352814198,0.10750000178813934)));
#4543=IFCSHAPEREPRESENTATION(#24,'Body','Curve2D',(#4528,#4530,#4532,#4534,#4535,#4538,#4539,#4541));
#4544=IFCCARTESIANPOINTLIST2D(((0.,0.),(0.81941485404968262,0.),(0.81941485404968262,0.89999997615814209),(0.,0.89999997615814209)));
#4545=IFCINDEXEDPOLYCURVE(#4544,(IFCLINEINDEX((1,2,3,4,1))),$);
#4546=IFCARBITRARYCLOSEDPROFILEDEF(.AREA.,$,#4545);
#4547=IFCCARTESIANPOINT((0.,-0.60000002384185791,0.));
#4548=IFCDIRECTION((0.,-1.,0.));
#4549=IFCDIRECTION((1.,0.,0.));
#4550=IFCAXIS2PLACEMENT3D(#4547,#4548,#4549);
#4551=IFCDIRECTION((0.,0.,-1.));
#4552=IFCEXTRUDEDAREASOLID(#4546,#4550,#4551,1.2);
#4553=IFCSHAPEREPRESENTATION(#11,'Body','SweptSolid',(#4552));
#4559=IFCCARTESIANPOINT((0.75386476516736467,-1.8327138739948623E-07,1.));
#4560=IFCDIRECTION((0.,0.,1.));
#4561=IFCDIRECTION((0.99999999999997158,-2.3841857910149749E-07,0.));
#4562=IFCAXIS2PLACEMENT3D(#4559,#4560,#4561);
#4563=IFCLOCALPLACEMENT(#213,#4562);
#4564=IFCCARTESIANPOINT((1.1102230246251565E-16,0.,0.));
#4565=IFCDIRECTION((0.,0.,1.));
#4566=IFCDIRECTION((1.,0.,0.));
#4567=IFCAXIS2PLACEMENT3D(#4564,#4565,#4566);
#4568=IFCLOCALPLACEMENT(#4563,#4567);
#4574=IFCSLAB('0C811SFOfFUeSVHrm92ONz',$,'Slab',$,$,#16754,#4589,$,$);
#4575=IFCRELCONTAINEDINSPATIALSTRUCTURE('0SDOZ_gRD35xSOpCwmDtR1',$,$,$,(#6149,#18439,#18760,#18461,#15135,#9923,#6939,#18804,#6349,#18870,#18826,#18542,#18564,#18738,#18694,#18716,#6274,#18782,#11092,#18892,#6199,#6102,#15113,#9100,#8202,#7370,#15018,#6901,#6124,#18645,#18515,#18667,#6324,#11129,#6249,#11111,#8457,#4574,#7858,#14991,#6863,#15039,#18618,#6174,#9601,#6825,#18488,#10360,#6299,#15257,#10778,#8927,#8522,#18591,#6224),#39);
#4576=IFCMATERIALLAYERSETUSAGE(#1453,.AXIS3.,.POSITIVE.,-0.10000000149011612,$);
#4577=IFCRELASSOCIATESMATERIAL('0cadjU4jP3hQPdNQD_FZSb',$,$,$,(#4574),#4576);
#4583=IFCCARTESIANPOINTLIST2D(((0.,0.),(4.76837158203125E-07,9.1099996566772461),(-3.4599995613098145,9.1099987030029297),(-3.4599995613098145,7.6499991416931152),(-7.0099992752075195,7.6500005722045898),(-7.0099987983703613,2.4999995231628418),(-4.0099987983703613,2.4999995231628418),(-3.9999995231628418,0.),(0.,0.)));
#4584=IFCINDEXEDPOLYCURVE(#4583,$,$);
#4585=IFCDIRECTION((0.,0.,1.));
#4586=IFCARBITRARYCLOSEDPROFILEDEF(.AREA.,$,#4584);
#4587=IFCEXTRUDEDAREASOLID(#4586,#4596,#4585,0.10000000000000001);
#4588=IFCSHAPEREPRESENTATION(#11,'Body','SweptSolid',(#4587));
#4589=IFCPRODUCTDEFINITIONSHAPE($,$,(#4588));
#4590=IFCPROPERTYSET('3P06zCs0L3owBgSKOaBSL5',$,'EPset_Parametric',$,(#4592));
#4591=IFCRELDEFINESBYPROPERTIES('1vh6zRuxv11Qm_2ttk4jjR',$,$,$,(#4574),#4590);
#4592=IFCPROPERTYSINGLEVALUE('Engine',$,IFCLABEL('Bonsai.DumbLayer3'),$);
#4593=IFCCARTESIANPOINT((-0.,-0.,-0.10000000149011612));
#4594=IFCDIRECTION((0.,0.,1.));
#4595=IFCDIRECTION((1.,0.,0.));
#4596=IFCAXIS2PLACEMENT3D(#4593,#4594,#4595);
#4597=IFCROOFTYPE('0nDe$sFZD3D8_$870hEl$V',$,'Roof',$,$,(#4598),(#4627,#4655),$,$,.HIP_ROOF.);
#4598=IFCPROPERTYSET('2GJtqCxGzFVwPWeVWF8PSc',$,'BBIM_Roof',$,(#4599));
#4599=IFCPROPERTYSINGLEVALUE('Data',$,IFCTEXT('{"roof_type": "HIP/GABLE ROOF", "generation_method": "ANGLE", "roof_thickness": 0.10000000149011612, "rafter_edge_angle": 1.5707963705062866, "angle": 0.1745329201221466, "percentage": 17.63269805908203, "path_data": {"edges": [[0, 1], [1, 2], [2, 3], [3, 0]], "verts": [[-5.0, -5.0, 0.0], [-5.0, 5.0, 0.0], [5.0, 5.0, 0.0], [5.0, -5.0, 0.0]]}}'),$);
#4623=IFCCARTESIANPOINT((0.,0.,0.));
#4624=IFCDIRECTION((1.,0.,0.));
#4625=IFCDIRECTION((0.,0.,1.));
#4626=IFCAXIS2PLACEMENT3D(#4623,#4625,#4624);
#4627=IFCREPRESENTATIONMAP(#4626,#4646);
#4628=IFCINDEXEDPOLYGONALFACE((3,1,2));
#4629=IFCINDEXEDPOLYGONALFACE((2,4,3));
#4630=IFCINDEXEDPOLYGONALFACE((1,3,5));
#4631=IFCINDEXEDPOLYGONALFACE((4,5,3));
#4632=IFCINDEXEDPOLYGONALFACE((6,7,8));
#4633=IFCINDEXEDPOLYGONALFACE((8,2,1));
#4634=IFCINDEXEDPOLYGONALFACE((8,1,6));
#4635=IFCINDEXEDPOLYGONALFACE((8,7,9));
#4636=IFCINDEXEDPOLYGONALFACE((2,8,9));
#4637=IFCINDEXEDPOLYGONALFACE((2,9,4));
#4638=IFCINDEXEDPOLYGONALFACE((10,7,6));
#4639=IFCINDEXEDPOLYGONALFACE((6,1,5));
#4640=IFCINDEXEDPOLYGONALFACE((6,5,10));
#4641=IFCINDEXEDPOLYGONALFACE((9,7,10));
#4642=IFCINDEXEDPOLYGONALFACE((4,9,10));
#4643=IFCINDEXEDPOLYGONALFACE((4,10,5));
#4644=IFCCARTESIANPOINTLIST3D(((-5.,-5.,0.),(5.,-5.,0.),(0.,0.,0.88163489103317261),(5.,5.,0.),(-5.,5.,0.),(-5.,-5.,-0.10154265910387039),(0.,0.,0.78009223937988281),(5.,-5.,-0.10154265910387039),(5.,5.,-0.10154265910387039),(-5.,5.,-0.10154265910387039)));
#4645=IFCPOLYGONALFACESET(#4644,.T.,(#4628,#4629,#4630,#4631,#4632,#4633,#4634,#4635,#4636,#4637,#4638,#4639,#4640,#4641,#4642,#4643),$);
#4646=IFCSHAPEREPRESENTATION(#11,'Body','Tessellation',(#4645));
#4648=IFCCARTESIANPOINT((-5.,-5.,-0.10154265910387039));
#4649=IFCBOUNDINGBOX(#4648,10.,10.,0.9831775426864624);
#4650=IFCSHAPEREPRESENTATION(#13,'Box','BoundingBox',(#4649));
#4651=IFCCARTESIANPOINT((0.,0.,0.));
#4652=IFCDIRECTION((1.,0.,0.));
#4653=IFCDIRECTION((0.,0.,1.));
#4654=IFCAXIS2PLACEMENT3D(#4651,#4653,#4652);
#4655=IFCREPRESENTATIONMAP(#4654,#4650);
#6102=IFCSLAB('3rq90WpIbDzx0qTvZ$zZMd',$,'Slab',$,$,#16759,#6116,$,$);
#6103=IFCMATERIALLAYERSETUSAGE(#1453,.AXIS3.,.POSITIVE.,-0.10000000149011612,$);
#6104=IFCRELASSOCIATESMATERIAL('1ODGu$OGv4FhzyG3Y5jHx_',$,$,$,(#6102),#6103);
#6110=IFCCARTESIANPOINTLIST2D(((0.,0.),(-4.,0.),(-4.,-1.),(-7.5,-0.9999995231628418),(-7.4999990463256836,-9.6000003814697266),(9.5367431640625E-07,-9.5999984741210938),(0.,0.)));
#6111=IFCINDEXEDPOLYCURVE(#6110,$,$);
#6112=IFCDIRECTION((0.,0.,1.));
#6113=IFCARBITRARYCLOSEDPROFILEDEF(.AREA.,$,#6111);
#6114=IFCEXTRUDEDAREASOLID(#6113,#6123,#6112,0.10000000000000001);
#6115=IFCSHAPEREPRESENTATION(#11,'Body','SweptSolid',(#6114));
#6116=IFCPRODUCTDEFINITIONSHAPE($,$,(#6115));
#6117=IFCPROPERTYSET('1sCtwP3iXFBwbVKlE4JCDF',$,'EPset_Parametric',$,(#6119));
#6118=IFCRELDEFINESBYPROPERTIES('3FOOjZ$K96h9l25Td8qUVy',$,$,$,(#6102),#6117);
#6119=IFCPROPERTYSINGLEVALUE('Engine',$,IFCLABEL('Bonsai.DumbLayer3'),$);
#6120=IFCCARTESIANPOINT((-0.,-0.,-0.10000000149011612));
#6121=IFCDIRECTION((0.,0.,1.));
#6122=IFCDIRECTION((1.,0.,0.));
#6123=IFCAXIS2PLACEMENT3D(#6120,#6121,#6122);
#6124=IFCWALL('12czyfLw9C8eMhYn9n0O6D',$,'Wall',$,$,#16824,#6130,$,$);
#6125=IFCMATERIALLAYERSETUSAGE(#82,.AXIS2.,.POSITIVE.,0.,$);
#6126=IFCRELASSOCIATESMATERIAL('2toVjcBwnB_fsDZcqhcqV2',$,$,$,(#6124),#6125);
#6130=IFCPRODUCTDEFINITIONSHAPE($,$,(#17845,#17842));
#6146=IFCPROPERTYSET('1AZgnJJHj0fB6ZVx$WVwzk',$,'EPset_Parametric',$,(#6148));
#6147=IFCRELDEFINESBYPROPERTIES('21in7EoyHDLQ3_8f2hjIN2',$,$,$,(#6124),#6146);
#6148=IFCPROPERTYSINGLEVALUE('Engine',$,IFCLABEL('Bonsai.DumbLayer2'),$);
#6149=IFCWALL('3Z2QfkxbzDC9f10x0K3jMZ',$,'Wall',$,$,#16769,#6155,$,$);
#6150=IFCMATERIALLAYERSETUSAGE(#82,.AXIS2.,.POSITIVE.,0.,$);
#6151=IFCRELASSOCIATESMATERIAL('1saSgWH8nAXgb5HdO1hXem',$,$,$,(#6149),#6150);
#6155=IFCPRODUCTDEFINITIONSHAPE($,$,(#17624,#17621));
#6171=IFCPROPERTYSET('0Ufx_tQhX8Mfpudi5ZAyc2',$,'EPset_Parametric',$,(#6173));
#6172=IFCRELDEFINESBYPROPERTIES('2pC_PZtAbBuQBLvo71rmgI',$,$,$,(#6149),#6171);
#6173=IFCPROPERTYSINGLEVALUE('Engine',$,IFCLABEL('Bonsai.DumbLayer2'),$);
#6174=IFCWALL('0n8Y1YCNb99gY8saAURihD',$,'Wall',$,$,#16774,#6180,$,$);
#6175=IFCMATERIALLAYERSETUSAGE(#82,.AXIS2.,.POSITIVE.,0.,$);
#6176=IFCRELASSOCIATESMATERIAL('3PwLasHhv3vhzGE2GOoeqf',$,$,$,(#6174),#6175);
#6180=IFCPRODUCTDEFINITIONSHAPE($,$,(#17702,#17699));
#6196=IFCPROPERTYSET('0A6RMtXPzCXQkdosmRg$Sa',$,'EPset_Parametric',$,(#6198));
#6197=IFCRELDEFINESBYPROPERTIES('2JPGad41X4Ixogv47gimh8',$,$,$,(#6174),#6196);
#6198=IFCPROPERTYSINGLEVALUE('Engine',$,IFCLABEL('Bonsai.DumbLayer2'),$);
#6199=IFCWALL('337NVln1j6ZQDW6h3Nu73C',$,'Wall',$,$,#16779,#6205,$,$);
#6200=IFCMATERIALLAYERSETUSAGE(#82,.AXIS2.,.POSITIVE.,0.,$);
#6201=IFCRELASSOCIATESMATERIAL('25YYmr2s1ACOF$gLxs8AUb',$,$,$,(#6199),#6200);
#6205=IFCPRODUCTDEFINITIONSHAPE($,$,(#17598,#17595));
#6221=IFCPROPERTYSET('02oulZOGj58fLHyWuiozJ$',$,'EPset_Parametric',$,(#6223));
#6222=IFCRELDEFINESBYPROPERTIES('0Z2vrslKXCNvSWV_m2b1gs',$,$,$,(#6199),#6221);
#6223=IFCPROPERTYSINGLEVALUE('Engine',$,IFCLABEL('Bonsai.DumbLayer2'),$);
#6224=IFCWALL('2o79eGCsX79OxLrPUKkbG0',$,'Wall',$,$,#16784,#6230,$,$);
#6225=IFCMATERIALLAYERSETUSAGE(#82,.AXIS2.,.POSITIVE.,0.,$);
#6226=IFCRELASSOCIATESMATERIAL('24hKhDK6T8JOBRB9A8b1bA',$,$,$,(#6224),#6225);
#6230=IFCPRODUCTDEFINITIONSHAPE($,$,(#17871,#17868));
#6246=IFCPROPERTYSET('3hIFvNPd5FMPFGxf_8dBfW',$,'EPset_Parametric',$,(#6248));
#6247=IFCRELDEFINESBYPROPERTIES('389RbdO4fAzQDZwyiXF_Iv',$,$,$,(#6224),#6246);
#6248=IFCPROPERTYSINGLEVALUE('Engine',$,IFCLABEL('Bonsai.DumbLayer2'),$);
#6249=IFCWALL('0iOhsGk7L1XBDudzZHCoi6',$,'Wall',$,$,#16789,#6255,$,$);
#6250=IFCMATERIALLAYERSETUSAGE(#82,.AXIS2.,.POSITIVE.,0.,$);
#6251=IFCRELASSOCIATESMATERIAL('15krCbKWDEo9YF7NBuDT8F',$,$,$,(#6249),#6250);
#6255=IFCPRODUCTDEFINITIONSHAPE($,$,(#17767,#17764));
#6271=IFCPROPERTYSET('2PNISFyEz3dfsKLyEaEog8',$,'EPset_Parametric',$,(#6273));
#6272=IFCRELDEFINESBYPROPERTIES('3nMBk9cin9DeuULMuMF7Te',$,$,$,(#6249),#6271);
#6273=IFCPROPERTYSINGLEVALUE('Engine',$,IFCLABEL('Bonsai.DumbLayer2'),$);
#6274=IFCWALL('1lxgCO_pT4kA1PBVpgB9gU',$,'Wall',$,$,#16764,#6280,$,$);
#6275=IFCMATERIALLAYERSETUSAGE(#82,.AXIS2.,.POSITIVE.,0.,$);
#6276=IFCRELASSOCIATESMATERIAL('0M_Mw_gkDAAfCQcRzn3dne',$,$,$,(#6274),#6275);
#6280=IFCPRODUCTDEFINITIONSHAPE($,$,(#17780,#17777));
#6296=IFCPROPERTYSET('02rxnxn3bAhu2X0e9MdkAy',$,'EPset_Parametric',$,(#6298));
#6297=IFCRELDEFINESBYPROPERTIES('2q8cwfLBTFyQ8OiASIqj4x',$,$,$,(#6274),#6296);
#6298=IFCPROPERTYSINGLEVALUE('Engine',$,IFCLABEL('Bonsai.DumbLayer2'),$);
#6299=IFCWALL('3LhYzDQCT8lwCXaoHYkGt2',$,'Wall',$,$,#16794,#6305,$,$);
#6300=IFCMATERIALLAYERSETUSAGE(#82,.AXIS2.,.POSITIVE.,0.,$);
#6301=IFCRELASSOCIATESMATERIAL('1RX7dVpvb5a9j1uZ5FRJ87',$,$,$,(#6299),#6300);
#6305=IFCPRODUCTDEFINITIONSHAPE($,$,(#17741,#17738));
#6321=IFCPROPERTYSET('1mW5xI4sX8XPEow0Kn8zHk',$,'EPset_Parametric',$,(#6323));
#6322=IFCRELDEFINESBYPROPERTIES('06I5fP6SH8aebM_45vhfpQ',$,$,$,(#6299),#6321);
#6323=IFCPROPERTYSINGLEVALUE('Engine',$,IFCLABEL('Bonsai.DumbLayer2'),$);
#6324=IFCWALL('3QSXgLzxj3R8LM_6FD4bIz',$,'Wall',$,$,#16799,#6330,$,$);
#6325=IFCMATERIALLAYERSETUSAGE(#82,.AXIS2.,.POSITIVE.,0.,$);
#6326=IFCRELASSOCIATESMATERIAL('2IOqInKCr5kAJncsPsd0Gf',$,$,$,(#6324),#6325);
#6330=IFCPRODUCTDEFINITIONSHAPE($,$,(#17585,#17582));
#6346=IFCPROPERTYSET('0ORgdBQIL2qgavNpXGhkKt',$,'EPset_Parametric',$,(#6348));
#6347=IFCRELDEFINESBYPROPERTIES('2mtvTU8ALF2xS3I$J33swK',$,$,$,(#6324),#6346);
#6348=IFCPROPERTYSINGLEVALUE('Engine',$,IFCLABEL('Bonsai.DumbLayer2'),$);
#6349=IFCWALL('3F1$c$9MP7jv8_$ZlqYMuj',$,'Wall',$,$,#16804,#6355,$,$);
#6350=IFCMATERIALLAYERSETUSAGE(#82,.AXIS2.,.POSITIVE.,0.,$);
#6351=IFCRELASSOCIATESMATERIAL('0R8oaojEbDBfnE4THgSXTx',$,$,$,(#6349),#6350);
#6355=IFCPRODUCTDEFINITIONSHAPE($,$,(#17689,#17686));
#6371=IFCPROPERTYSET('3nmbvWpWj5$O0azVFTGX$V',$,'EPset_Parametric',$,(#6373));
#6372=IFCRELDEFINESBYPROPERTIES('01Cqavk2X3mQVSQRZph3VF',$,$,$,(#6349),#6371);
#6373=IFCPROPERTYSINGLEVALUE('Engine',$,IFCLABEL('Bonsai.DumbLayer2'),$);
#6504=IFCRELCONNECTSPATHELEMENTS('1QKF_4sjH2ugB6WVtrs7Jf',$,$,$,$,#6149,#6124,(),(),.ATEND.,.ATSTART.);
#6536=IFCRELCONNECTSPATHELEMENTS('0aESxCH517xu99kUnyNfA9',$,$,$,$,#6174,#6149,(),(),.ATEND.,.ATSTART.);
#6568=IFCRELCONNECTSPATHELEMENTS('3AgBAGvYX6IQ8KZ3fKCImy',$,$,$,$,#6199,#6174,(),(),.ATEND.,.ATSTART.);
#6600=IFCRELCONNECTSPATHELEMENTS('2Xl_2_fHT9A8dc7B4fTM91',$,$,$,$,#6224,#6199,(),(),.ATEND.,.ATSTART.);
#6632=IFCRELCONNECTSPATHELEMENTS('1utAyvfsL4Au2oDNbA5S12',$,$,$,$,#6249,#6224,(),(),.ATEND.,.ATSTART.);
#6664=IFCRELCONNECTSPATHELEMENTS('36mulzd8nEBQ1wOw_l0VGg',$,$,$,$,#6274,#6249,(),(),.ATEND.,.ATSTART.);
#6691=IFCRELCONNECTSPATHELEMENTS('2ZWUEdQbn73PWzlwzFuYYS',$,$,$,$,#6299,#6274,(),(),.ATEND.,.ATSTART.);
#6723=IFCRELCONNECTSPATHELEMENTS('0iOzWdLRv4whGoUySM_tbL',$,$,$,$,#6324,#6299,(),(),.ATEND.,.ATSTART.);
#6755=IFCRELCONNECTSPATHELEMENTS('0D5ItaDuv8EBGJ7wiZt$cM',$,$,$,$,#6349,#6324,(),(),.ATEND.,.ATSTART.);
#6825=IFCWALL('16BlRzsD98uh9V5DBXMWuP',$,'Wall',$,$,#16809,#6831,$,$);
#6826=IFCMATERIALLAYERSETUSAGE(#82,.AXIS2.,.POSITIVE.,0.,$);
#6827=IFCRELASSOCIATESMATERIAL('2lwm9vt1jANRdWyg$egfCI',$,$,$,(#6825),#6826);
#6831=IFCPRODUCTDEFINITIONSHAPE($,$,(#17806,#17803));
#6847=IFCPROPERTYSET('1M0h2VQdjBauvDMYj1jUVi',$,'EPset_Parametric',$,(#6849));
#6848=IFCRELDEFINESBYPROPERTIES('3Rzz4c8vr0FRlIPFTlPB_L',$,$,$,(#6825),#6847);
#6849=IFCPROPERTYSINGLEVALUE('Engine',$,IFCLABEL('Bonsai.DumbLayer2'),$);
#6863=IFCWALL('2bRfedCyT3wej7WDElvvs_',$,'Wall',$,$,#16819,#6869,$,$);
#6864=IFCMATERIALLAYERSETUSAGE(#82,.AXIS2.,.POSITIVE.,0.,$);
#6865=IFCRELASSOCIATESMATERIAL('3U1_JsiGH4I9n2Zok3x_O$',$,$,$,(#6863),#6864);
#6869=IFCPRODUCTDEFINITIONSHAPE($,$,(#17572,#17569));
#6885=IFCPROPERTYSET('2SLlOckCD52RvdmY37I8xj',$,'EPset_Parametric',$,(#6887));
#6886=IFCRELDEFINESBYPROPERTIES('0rmh9L9ufAGh_6vnw540XX',$,$,$,(#6863),#6885);
#6887=IFCPROPERTYSINGLEVALUE('Engine',$,IFCLABEL('Bonsai.DumbLayer2'),$);
#6901=IFCWALL('2NxF6rzD92IQds6vCe1Ap9',$,'Wall',$,$,#16829,#6907,$,$);
#6902=IFCMATERIALLAYERSETUSAGE(#82,.AXIS2.,.POSITIVE.,0.,$);
#6903=IFCRELASSOCIATESMATERIAL('0i60mjmPH5G8_PVJ28VHCY',$,$,$,(#6901),#6902);
#6907=IFCPRODUCTDEFINITIONSHAPE($,$,(#17650,#17647));
#6923=IFCPROPERTYSET('1$jKXOGpz7kRBxnzwzgoNv',$,'EPset_Parametric',$,(#6925));
#6924=IFCRELDEFINESBYPROPERTIES('1BpBZQjNvE_vnhHGs5JbEq',$,$,$,(#6901),#6923);
#6925=IFCPROPERTYSINGLEVALUE('Engine',$,IFCLABEL('Bonsai.DumbLayer2'),$);
#6939=IFCWALL('0S0jYqgTT5RRnJuHmndHPf',$,'Wall',$,$,#16814,#6945,$,$);
#6940=IFCMATERIALLAYERSETUSAGE(#82,.AXIS2.,.POSITIVE.,0.,$);
#6941=IFCRELASSOCIATESMATERIAL('2dvffCrtjAhObviIngOrfd',$,$,$,(#6939),#6940);
#6945=IFCPRODUCTDEFINITIONSHAPE($,$,(#17663,#17660));
#6961=IFCPROPERTYSET('3p2i03oL99ohz5d9tcR5Nf',$,'EPset_Parametric',$,(#6963));
#6962=IFCRELDEFINESBYPROPERTIES('3FN4uEg$X6pxgbYRdorCxt',$,$,$,(#6939),#6961);
#6963=IFCPROPERTYSINGLEVALUE('Engine',$,IFCLABEL('Bonsai.DumbLayer2'),$);
#7036=IFCRELCONNECTSPATHELEMENTS('1UHXAZi21DCRQatt1EOZRu',$,$,$,$,#6939,#6825,(),(),.ATPATH.,.ATEND.);
#7068=IFCRELCONNECTSPATHELEMENTS('14XNwIwqLEx8Jgh$0M_$1C',$,$,$,$,#6863,#6349,(),(),.ATPATH.,.ATEND.);
#7154=IFCRELCONNECTSPATHELEMENTS('0TDFtVAF14WP_lefvZPEJE',$,$,$,$,#6124,#6349,(),(),.ATEND.,.ATSTART.);
#7235=IFCWINDOWTYPE('0cO2Incyr0OvHVgWht$IeM',$,'Bedroom-2-2F',$,$,(#7236),(#7238,#7246,#7332),$,$,.WINDOW.,.SINGLE_PANEL.,$,$);
#7236=IFCPROPERTYSET('0871DX5sbBOQcvriZfkKkf',$,'BBIM_Window',$,(#7237));
#7237=IFCPROPERTYSINGLEVALUE('Data',$,IFCTEXT('{"window_type": "DOUBLE_PANEL_VERTICAL", "overall_height": 0.8999999761581421, "overall_width": 1.2280793190002441, "lining_properties": {"lining_depth": 0.05000000074505806, "lining_thickness": 0.05000000074505806, "lining_offset": 0.05000000074505806, "lining_to_panel_offset_x": 0.02500000037252903, "lining_to_panel_offset_y": 0.02500000037252903, "mullion_thickness": 0.05000000074505806, "first_mullion_offset": 0.6164441704750061}, "panel_properties": {"frame_depth": [0.03500000014901161, 0.03500000014901161, 0.03500000014901161], "frame_thickness": [0.03500000014901161, 0.03500000014901161, 0.03500000014901161]}}'),$);
#7238=IFCREPRESENTATIONMAP(#7239,#7512);
#7239=IFCAXIS2PLACEMENT3D(#7240,#7241,#7242);
#7240=IFCCARTESIANPOINT((0.,0.,0.));
#7241=IFCDIRECTION((0.,0.,1.));
#7242=IFCDIRECTION((1.,0.,0.));
#7246=IFCREPRESENTATIONMAP(#7247,#7593);
#7247=IFCAXIS2PLACEMENT3D(#7248,#7249,#7250);
#7248=IFCCARTESIANPOINT((0.,0.,0.));
#7249=IFCDIRECTION((0.,0.,1.));
#7250=IFCDIRECTION((1.,0.,0.));
#7332=IFCREPRESENTATIONMAP(#7333,#7632);
#7333=IFCAXIS2PLACEMENT3D(#7334,#7335,#7336);
#7334=IFCCARTESIANPOINT((0.,0.,0.));
#7335=IFCDIRECTION((0.,0.,1.));
#7336=IFCDIRECTION((1.,0.,0.));
#7370=IFCWINDOW('08dMGmkxnFUO52_JysoxDV',$,'Window',$,$,#7657,#7379,$,0.89999997615814209,1.2280793190002441,$,.DOUBLE_PANEL_VERTICAL.,$);
#7371=IFCRELDEFINESBYTYPE('1HDzjlgfb8ew2WLJG8feML',$,$,$,(#7370),#7235);
#7372=IFCCARTESIANPOINT((0.,0.,0.));
#7373=IFCDIRECTION((1.,0.,0.));
#7374=IFCDIRECTION((0.,1.,0.));
#7375=IFCDIRECTION((0.,0.,1.));
#7376=IFCCARTESIANTRANSFORMATIONOPERATOR3D(#7373,#7374,#7372,1.,#7375);
#7377=IFCMAPPEDITEM(#7238,#7376);
#7378=IFCSHAPEREPRESENTATION(#18,'Profile','MappedRepresentation',(#7377));
#7379=IFCPRODUCTDEFINITIONSHAPE($,$,(#7378,#7386,#7393));
#7380=IFCCARTESIANPOINT((0.,0.,0.));
#7381=IFCDIRECTION((1.,0.,0.));
#7382=IFCDIRECTION((0.,1.,0.));
#7383=IFCDIRECTION((0.,0.,1.));
#7384=IFCCARTESIANTRANSFORMATIONOPERATOR3D(#7381,#7382,#7380,1.,#7383);
#7385=IFCMAPPEDITEM(#7246,#7384);
#7386=IFCSHAPEREPRESENTATION(#11,'Body','MappedRepresentation',(#7385));
#7387=IFCCARTESIANPOINT((0.,0.,0.));
#7388=IFCDIRECTION((1.,0.,0.));
#7389=IFCDIRECTION((0.,1.,0.));
#7390=IFCDIRECTION((0.,0.,1.));
#7391=IFCCARTESIANTRANSFORMATIONOPERATOR3D(#7388,#7389,#7387,1.,#7390);
#7392=IFCMAPPEDITEM(#7332,#7391);
#7393=IFCSHAPEREPRESENTATION(#24,'Body','MappedRepresentation',(#7392));
#7394=IFCOPENINGELEMENT('1g7E3FNnn30BD3COu0vgBa',$,'Opening',$,$,#7652,#7422,$,.OPENING.);
#7410=IFCCARTESIANPOINT((0.,0.,0.));
#7411=IFCDIRECTION((1.,0.,0.));
#7412=IFCDIRECTION((0.,0.,1.));
#7413=IFCAXIS2PLACEMENT3D(#7410,#7412,#7411);
#7414=IFCREPRESENTATIONMAP(#7413,#7642);
#7415=IFCCARTESIANPOINT((0.,0.,0.));
#7416=IFCDIRECTION((1.,0.,0.));
#7417=IFCDIRECTION((0.,1.,0.));
#7418=IFCDIRECTION((0.,0.,1.));
#7419=IFCCARTESIANTRANSFORMATIONOPERATOR3D(#7416,#7417,#7415,1.,#7418);
#7420=IFCMAPPEDITEM(#7414,#7419);
#7421=IFCSHAPEREPRESENTATION(#11,'Body','MappedRepresentation',(#7420));
#7422=IFCPRODUCTDEFINITIONSHAPE($,$,(#7421));
#7423=IFCRELVOIDSELEMENT('3o76zXui5Bk88njrvu_BWp',$,$,$,#6324,#7394);
#7429=IFCRELFILLSELEMENT('3Z_g37cjTBm95HO2Lx6mZK',$,$,$,#7394,#7370);
#7510=IFCCARTESIANPOINTLIST3D(((0.,0.,0.),(1.2280793190002441,0.,0.),(1.2280793190002441,0.,0.89999997615814209),(0.,0.,0.89999997615814209)));
#7511=IFCINDEXEDPOLYCURVE(#7510,(IFCLINEINDEX((1,2,3,4,1))),$);
#7512=IFCSHAPEREPRESENTATION(#18,'Profile','Curve3D',(#7511));
#7513=IFCCARTESIANPOINTLIST2D(((0.6164441704750061,0.),(0.,0.),(0.,0.89999997615814209),(0.6164441704750061,0.89999997615814209),(0.6164441704750061,0.87499997578561306),(0.02500000037252903,0.87499997578561306),(0.02500000037252903,0.02500000037252903),(0.6164441704750061,0.02500000037252903)));
#7514=IFCINDEXEDPOLYCURVE(#7513,(IFCLINEINDEX((1,2,3,4,5,6,7,8,1))),$);
#7515=IFCARBITRARYCLOSEDPROFILEDEF(.AREA.,$,#7514);
#7516=IFCCARTESIANPOINT((0.,0.090000001713633537,0.));
#7517=IFCDIRECTION((0.,-1.,0.));
#7518=IFCDIRECTION((1.,0.,0.));
#7519=IFCAXIS2PLACEMENT3D(#7516,#7517,#7518);
#7520=IFCDIRECTION((0.,0.,-1.));
#7521=IFCEXTRUDEDAREASOLID(#7515,#7519,#7520,0.0099999997764825821);
#7522=IFCCARTESIANPOINTLIST2D(((0.,0.),(0.6164441704750061,0.),(0.6164441704750061,0.89999997615814209),(0.,0.89999997615814209)));
#7523=IFCINDEXEDPOLYCURVE(#7522,(IFCLINEINDEX((1,2,3,4,1))),$);
#7524=IFCCARTESIANPOINTLIST2D(((0.05000000074505806,0.05000000074505806),(0.59144417010247707,0.05000000074505806),(0.59144417010247707,0.84999997541308403),(0.05000000074505806,0.84999997541308403)));
#7525=IFCINDEXEDPOLYCURVE(#7524,(IFCLINEINDEX((1,2,3,4,1))),$);
#7526=IFCARBITRARYPROFILEDEFWITHVOIDS(.AREA.,$,#7523,(#7525));
#7527=IFCCARTESIANPOINT((0.,0.05000000074505806,0.));
#7528=IFCDIRECTION((0.,-1.,0.));
#7529=IFCDIRECTION((1.,0.,0.));
#7530=IFCAXIS2PLACEMENT3D(#7527,#7528,#7529);
#7531=IFCDIRECTION((0.,0.,-1.));
#7532=IFCEXTRUDEDAREASOLID(#7526,#7530,#7531,0.040000000968575478);
#7533=IFCCARTESIANPOINTLIST2D(((0.,0.),(0.59144417010247707,0.),(0.59144417010247707,0.84999997541308403),(0.,0.84999997541308403)));
#7534=IFCINDEXEDPOLYCURVE(#7533,(IFCLINEINDEX((1,2,3,4,1))),$);
#7535=IFCCARTESIANPOINTLIST2D(((0.035000000149011612,0.035000000149011612),(0.55644416995346546,0.035000000149011612),(0.55644416995346546,0.81499997526407242),(0.035000000149011612,0.81499997526407242)));
#7536=IFCINDEXEDPOLYCURVE(#7535,(IFCLINEINDEX((1,2,3,4,1))),$);
#7537=IFCARBITRARYPROFILEDEFWITHVOIDS(.AREA.,$,#7534,(#7536));
#7538=IFCCARTESIANPOINT((0.02500000037252903,0.090000001713633537,0.02500000037252903));
#7539=IFCDIRECTION((0.,-1.,0.));
#7540=IFCDIRECTION((1.,0.,0.));
#7541=IFCAXIS2PLACEMENT3D(#7538,#7539,#7540);
#7542=IFCDIRECTION((0.,0.,-1.));
#7543=IFCEXTRUDEDAREASOLID(#7537,#7541,#7542,0.035000000149011612);
#7544=IFCINDEXEDPOLYCURVE(#7545,(IFCLINEINDEX((1,2,3,4,1))),$);
#7545=IFCCARTESIANPOINTLIST2D(((0.035000000149011612,0.035000000149011612),(0.55644416995346546,0.035000000149011612),(0.55644416995346546,0.81499997526407242),(0.035000000149011612,0.81499997526407242)));
#7546=IFCARBITRARYCLOSEDPROFILEDEF(.AREA.,$,#7544);
#7547=IFCCARTESIANPOINT((0.02500000037252903,0.10250000178813934,0.02500000037252903));
#7548=IFCDIRECTION((0.,-1.,0.));
#7549=IFCDIRECTION((1.,0.,0.));
#7550=IFCAXIS2PLACEMENT3D(#7547,#7548,#7549);
#7551=IFCDIRECTION((0.,0.,-1.));
#7552=IFCEXTRUDEDAREASOLID(#7546,#7550,#7551,0.01);
#7553=IFCCARTESIANPOINTLIST2D(((0.,0.89999997615814209),(0.61163514852523804,0.89999997615814209),(0.61163514852523804,0.),(0.,0.),(0.,0.02500000037252903),(0.58663514815270901,0.02500000037252903),(0.58663514815270901,0.87499997578561306),(0.,0.87499997578561306)));
#7554=IFCINDEXEDPOLYCURVE(#7553,(IFCLINEINDEX((1,2,3,4,5,6,7,8,1))),$);
#7555=IFCARBITRARYCLOSEDPROFILEDEF(.AREA.,$,#7554);
#7556=IFCCARTESIANPOINT((0.6164441704750061,0.090000001713633537,0.));
#7557=IFCDIRECTION((0.,-1.,0.));
#7558=IFCDIRECTION((1.,0.,0.));
#7559=IFCAXIS2PLACEMENT3D(#7556,#7557,#7558);
#7560=IFCDIRECTION((0.,0.,-1.));
#7561=IFCEXTRUDEDAREASOLID(#7555,#7559,#7560,0.0099999997764825821);
#7562=IFCCARTESIANPOINTLIST2D(((0.,0.),(0.61163514852523804,0.),(0.61163514852523804,0.89999997615814209),(0.,0.89999997615814209)));
#7563=IFCINDEXEDPOLYCURVE(#7562,(IFCLINEINDEX((1,2,3,4,1))),$);
#7564=IFCCARTESIANPOINTLIST2D(((0.02500000037252903,0.05000000074505806),(0.56163514778017998,0.05000000074505806),(0.56163514778017998,0.84999997541308403),(0.02500000037252903,0.84999997541308403)));
#7565=IFCINDEXEDPOLYCURVE(#7564,(IFCLINEINDEX((1,2,3,4,1))),$);
#7566=IFCARBITRARYPROFILEDEFWITHVOIDS(.AREA.,$,#7563,(#7565));
#7567=IFCCARTESIANPOINT((0.6164441704750061,0.05000000074505806,0.));
#7568=IFCDIRECTION((0.,-1.,0.));
#7569=IFCDIRECTION((1.,0.,0.));
#7570=IFCAXIS2PLACEMENT3D(#7567,#7568,#7569);
#7571=IFCDIRECTION((0.,0.,-1.));
#7572=IFCEXTRUDEDAREASOLID(#7566,#7570,#7571,0.040000000968575478);
#7573=IFCCARTESIANPOINTLIST2D(((0.,0.),(0.58663514815270901,0.),(0.58663514815270901,0.84999997541308403),(0.,0.84999997541308403)));
#7574=IFCINDEXEDPOLYCURVE(#7573,(IFCLINEINDEX((1,2,3,4,1))),$);
#7575=IFCCARTESIANPOINTLIST2D(((0.035000000149011612,0.035000000149011612),(0.5516351480036974,0.035000000149011612),(0.5516351480036974,0.81499997526407242),(0.035000000149011612,0.81499997526407242)));
#7576=IFCINDEXEDPOLYCURVE(#7575,(IFCLINEINDEX((1,2,3,4,1))),$);
#7577=IFCARBITRARYPROFILEDEFWITHVOIDS(.AREA.,$,#7574,(#7576));
#7578=IFCCARTESIANPOINT((0.6164441704750061,0.090000001713633537,0.02500000037252903));
#7579=IFCDIRECTION((0.,-1.,0.));
#7580=IFCDIRECTION((1.,0.,0.));
#7581=IFCAXIS2PLACEMENT3D(#7578,#7579,#7580);
#7582=IFCDIRECTION((0.,0.,-1.));
#7583=IFCEXTRUDEDAREASOLID(#7577,#7581,#7582,0.035000000149011612);
#7584=IFCINDEXEDPOLYCURVE(#7585,(IFCLINEINDEX((1,2,3,4,1))),$);
#7585=IFCCARTESIANPOINTLIST2D(((0.035000000149011612,0.035000000149011612),(0.5516351480036974,0.035000000149011612),(0.5516351480036974,0.81499997526407242),(0.035000000149011612,0.81499997526407242)));
#7586=IFCARBITRARYCLOSEDPROFILEDEF(.AREA.,$,#7584);
#7587=IFCCARTESIANPOINT((0.6164441704750061,0.10250000178813934,0.02500000037252903));
#7588=IFCDIRECTION((0.,-1.,0.));
#7589=IFCDIRECTION((1.,0.,0.));
#7590=IFCAXIS2PLACEMENT3D(#7587,#7588,#7589);
#7591=IFCDIRECTION((0.,0.,-1.));
#7592=IFCEXTRUDEDAREASOLID(#7586,#7590,#7591,0.01);
#7593=IFCSHAPEREPRESENTATION(#11,'Body','SweptSolid',(#7521,#7532,#7543,#7552,#7561,#7572,#7583,#7592));
#7594=IFCSHAPEREPRESENTATION(#11,'Body','SweptSolid',(#7521,#7532,#7561,#7572));
#7595=IFCSHAPEASPECT((#7594),'Lining',$,.T.,#7379);
#7596=IFCSHAPEREPRESENTATION(#11,'Body','SweptSolid',(#7543,#7583));
#7597=IFCSHAPEASPECT((#7596),'Framing',$,.T.,#7379);
#7598=IFCSHAPEREPRESENTATION(#11,'Body','SweptSolid',(#7552,#7592));
#7599=IFCSHAPEASPECT((#7598),'Glazing',$,.T.,#7379);
#7600=IFCCARTESIANPOINTLIST2D(((0.05000000074505806,0.05000000074505806),(0.59144417010247707,0.05000000074505806)));
#7601=IFCINDEXEDPOLYCURVE(#7600,$,$);
#7602=IFCCARTESIANPOINTLIST2D(((0.,0.10000000149011612),(0.02500000037252903,0.10000000149011612),(0.02500000037252903,0.090000001713633537),(0.05000000074505806,0.090000001713633537),(0.05000000074505806,0.05000000074505806),(0.,0.05000000074505806)));
#7603=IFCINDEXEDPOLYCURVE(#7602,(IFCLINEINDEX((1,2,3,4,5,6,1))),$);
#7604=IFCCARTESIANPOINTLIST2D(((0.6164441704750061,0.10000000149011612),(0.6164441704750061,0.10000000149011612),(0.6164441704750061,0.090000001713633537),(0.59144417010247707,0.090000001713633537),(0.59144417010247707,0.05000000074505806),(0.6164441704750061,0.05000000074505806)));
#7605=IFCINDEXEDPOLYCURVE(#7604,$,$);
#7606=IFCCARTESIANPOINTLIST2D(((0.02500000037252903,0.090000001713633537),(0.060000000521540642,0.090000001713633537),(0.060000000521540642,0.12500000186264515),(0.02500000037252903,0.12500000186264515)));
#7607=IFCINDEXEDPOLYCURVE(#7606,(IFCLINEINDEX((1,2,3,4,1))),$);
#7608=IFCINDEXEDPOLYCURVE(#7609,(IFCLINEINDEX((1,2,3,4,1))),$);
#7609=IFCCARTESIANPOINTLIST2D(((0.6164441704750061,0.090000001713633537),(0.58144417032599449,0.090000001713633537),(0.58144417032599449,0.12500000186264515),(0.6164441704750061,0.12500000186264515)));
#7610=IFCCARTESIANPOINTLIST2D(((0.060000000521540642,0.090000001713633537),(0.58144417032599449,0.090000001713633537)));
#7611=IFCINDEXEDPOLYCURVE(#7610,$,$);
#7612=IFCINDEXEDPOLYCURVE(#7613,$,$);
#7613=IFCCARTESIANPOINTLIST2D(((0.060000000521540642,0.12500000186264515),(0.58144417032599449,0.12500000186264515)));
#7614=IFCINDEXEDPOLYCURVE(#7615,$,$);
#7615=IFCCARTESIANPOINTLIST2D(((0.060000000521540642,0.10750000178813934),(0.58144417032599449,0.10750000178813934)));
#7616=IFCCARTESIANPOINTLIST2D(((0.64144417084753513,0.05000000074505806),(1.1780793182551861,0.05000000074505806)));
#7617=IFCINDEXEDPOLYCURVE(#7616,$,$);
#7618=IFCCARTESIANPOINTLIST2D(((0.6164441704750061,0.10000000149011612),(0.6164441704750061,0.10000000149011612),(0.6164441704750061,0.090000001713633537),(0.64144417084753513,0.090000001713633537),(0.64144417084753513,0.05000000074505806),(0.6164441704750061,0.05000000074505806)));
#7619=IFCINDEXEDPOLYCURVE(#7618,$,$);
#7620=IFCCARTESIANPOINTLIST2D(((1.2280793190002441,0.10000000149011612),(1.2030793186277151,0.10000000149011612),(1.2030793186277151,0.090000001713633537),(1.1780793182551861,0.090000001713633537),(1.1780793182551861,0.05000000074505806),(1.2280793190002441,0.05000000074505806)));
#7621=IFCINDEXEDPOLYCURVE(#7620,(IFCLINEINDEX((1,2,3,4,5,6,1))),$);
#7622=IFCCARTESIANPOINTLIST2D(((0.6164441704750061,0.090000001713633537),(0.65144417062401772,0.090000001713633537),(0.65144417062401772,0.12500000186264515),(0.6164441704750061,0.12500000186264515)));
#7623=IFCINDEXEDPOLYCURVE(#7622,(IFCLINEINDEX((1,2,3,4,1))),$);
#7624=IFCINDEXEDPOLYCURVE(#7625,(IFCLINEINDEX((1,2,3,4,1))),$);
#7625=IFCCARTESIANPOINTLIST2D(((1.2030793186277151,0.090000001713633537),(1.1680793184787035,0.090000001713633537),(1.1680793184787035,0.12500000186264515),(1.2030793186277151,0.12500000186264515)));
#7626=IFCCARTESIANPOINTLIST2D(((0.65144417062401772,0.090000001713633537),(1.1680793184787035,0.090000001713633537)));
#7627=IFCINDEXEDPOLYCURVE(#7626,$,$);
#7628=IFCINDEXEDPOLYCURVE(#7629,$,$);
#7629=IFCCARTESIANPOINTLIST2D(((0.65144417062401772,0.12500000186264515),(1.1680793184787035,0.12500000186264515)));
#7630=IFCINDEXEDPOLYCURVE(#7631,$,$);
#7631=IFCCARTESIANPOINTLIST2D(((0.65144417062401772,0.10750000178813934),(1.1680793184787035,0.10750000178813934)));
#7632=IFCSHAPEREPRESENTATION(#24,'Body','Curve2D',(#7601,#7603,#7605,#7607,#7608,#7611,#7612,#7614,#7617,#7619,#7621,#7623,#7624,#7627,#7628,#7630));
#7633=IFCCARTESIANPOINTLIST2D(((0.,0.),(1.2280793190002441,0.),(1.2280793190002441,0.89999997615814209),(0.,0.89999997615814209)));
#7634=IFCINDEXEDPOLYCURVE(#7633,(IFCLINEINDEX((1,2,3,4,1))),$);
#7635=IFCARBITRARYCLOSEDPROFILEDEF(.AREA.,$,#7634);
#7636=IFCCARTESIANPOINT((0.,-0.60000002384185791,0.));
#7637=IFCDIRECTION((0.,-1.,0.));
#7638=IFCDIRECTION((1.,0.,0.));
#7639=IFCAXIS2PLACEMENT3D(#7636,#7637,#7638);
#7640=IFCDIRECTION((0.,0.,-1.));
#7641=IFCEXTRUDEDAREASOLID(#7635,#7639,#7640,1.2);
#7642=IFCSHAPEREPRESENTATION(#11,'Body','SweptSolid',(#7641));
#7648=IFCCARTESIANPOINT((0.31464100742964596,2.0543415399920661E-06,1.));
#7649=IFCDIRECTION((0.,0.,1.));
#7650=IFCDIRECTION((0.9999999999997442,-7.1525469045067777E-07,0.));
#7651=IFCAXIS2PLACEMENT3D(#7648,#7649,#7650);
#7652=IFCLOCALPLACEMENT(#16799,#7651);
#7653=IFCCARTESIANPOINT((0.,-4.4408920985006262E-16,0.));
#7654=IFCDIRECTION((0.,0.,1.));
#7655=IFCDIRECTION((1.,0.,0.));
#7656=IFCAXIS2PLACEMENT3D(#7653,#7654,#7655);
#7657=IFCLOCALPLACEMENT(#7652,#7656);
#7658=IFCWINDOWTYPE('2jpHjvegHEjw4Oq1oiYXi8',$,'Bedroom-1-2F',$,$,(#7659),(#7661,#7669,#7755),$,$,.WINDOW.,.SINGLE_PANEL.,$,$);
#7659=IFCPROPERTYSET('1uwSkQWhf3N8jf4d5$hesm',$,'BBIM_Window',$,(#7660));
#7660=IFCPROPERTYSINGLEVALUE('Data',$,IFCTEXT('{"window_type": "DOUBLE_PANEL_VERTICAL", "overall_height": 0.8999999761581421, "overall_width": 1.215774416923523, "lining_properties": {"lining_depth": 0.05000000074505806, "lining_thickness": 0.05000000074505806, "lining_offset": 0.05000000074505806, "lining_to_panel_offset_x": 0.02500000037252903, "lining_to_panel_offset_y": 0.02500000037252903, "mullion_thickness": 0.05000000074505806, "first_mullion_offset": 0.6164441704750061}, "panel_properties": {"frame_depth": [0.03500000014901161, 0.03500000014901161, 0.03500000014901161], "frame_thickness": [0.03500000014901161, 0.03500000014901161, 0.03500000014901161]}}'),$);
#7661=IFCREPRESENTATIONMAP(#7662,#7970);
#7662=IFCAXIS2PLACEMENT3D(#7663,#7664,#7665);
#7663=IFCCARTESIANPOINT((0.,0.,0.));
#7664=IFCDIRECTION((0.,0.,1.));
#7665=IFCDIRECTION((1.,0.,0.));
#7669=IFCREPRESENTATIONMAP(#7670,#8051);
#7670=IFCAXIS2PLACEMENT3D(#7671,#7672,#7673);
#7671=IFCCARTESIANPOINT((0.,0.,0.));
#7672=IFCDIRECTION((0.,0.,1.));
#7673=IFCDIRECTION((1.,0.,0.));
#7755=IFCREPRESENTATIONMAP(#7756,#8090);
#7756=IFCAXIS2PLACEMENT3D(#7757,#7758,#7759);
#7757=IFCCARTESIANPOINT((0.,0.,0.));
#7758=IFCDIRECTION((0.,0.,1.));
#7759=IFCDIRECTION((1.,0.,0.));
#7858=IFCWINDOW('1B6KI3TcrAFvqTIlcQx2kO',$,'Window',$,$,#8115,#7867,$,0.89999997615814209,1.2157744169235229,$,.DOUBLE_PANEL_VERTICAL.,$);
#7859=IFCRELDEFINESBYTYPE('0L_Y1vx3b9s8_ipqHoUxvr',$,$,$,(#7858),#7658);
#7860=IFCCARTESIANPOINT((0.,0.,0.));
#7861=IFCDIRECTION((1.,0.,0.));
#7862=IFCDIRECTION((0.,1.,0.));
#7863=IFCDIRECTION((0.,0.,1.));
#7864=IFCCARTESIANTRANSFORMATIONOPERATOR3D(#7861,#7862,#7860,1.,#7863);
#7865=IFCMAPPEDITEM(#7661,#7864);
#7866=IFCSHAPEREPRESENTATION(#18,'Profile','MappedRepresentation',(#7865));
#7867=IFCPRODUCTDEFINITIONSHAPE($,$,(#7866,#7874,#7881));
#7868=IFCCARTESIANPOINT((0.,0.,0.));
#7869=IFCDIRECTION((1.,0.,0.));
#7870=IFCDIRECTION((0.,1.,0.));
#7871=IFCDIRECTION((0.,0.,1.));
#7872=IFCCARTESIANTRANSFORMATIONOPERATOR3D(#7869,#7870,#7868,1.,#7871);
#7873=IFCMAPPEDITEM(#7669,#7872);
#7874=IFCSHAPEREPRESENTATION(#11,'Body','MappedRepresentation',(#7873));
#7875=IFCCARTESIANPOINT((0.,0.,0.));
#7876=IFCDIRECTION((1.,0.,0.));
#7877=IFCDIRECTION((0.,1.,0.));
#7878=IFCDIRECTION((0.,0.,1.));
#7879=IFCCARTESIANTRANSFORMATIONOPERATOR3D(#7876,#7877,#7875,1.,#7878);
#7880=IFCMAPPEDITEM(#7755,#7879);
#7881=IFCSHAPEREPRESENTATION(#24,'Body','MappedRepresentation',(#7880));
#7882=IFCOPENINGELEMENT('2yURwKZpPBsuMdmcgxmSI_',$,'Opening',$,$,#8110,#7910,$,.OPENING.);
#7898=IFCCARTESIANPOINT((0.,0.,0.));
#7899=IFCDIRECTION((1.,0.,0.));
#7900=IFCDIRECTION((0.,0.,1.));
#7901=IFCAXIS2PLACEMENT3D(#7898,#7900,#7899);
#7902=IFCREPRESENTATIONMAP(#7901,#8100);
#7903=IFCCARTESIANPOINT((0.,0.,0.));
#7904=IFCDIRECTION((1.,0.,0.));
#7905=IFCDIRECTION((0.,1.,0.));
#7906=IFCDIRECTION((0.,0.,1.));
#7907=IFCCARTESIANTRANSFORMATIONOPERATOR3D(#7904,#7905,#7903,1.,#7906);
#7908=IFCMAPPEDITEM(#7902,#7907);
#7909=IFCSHAPEREPRESENTATION(#11,'Body','MappedRepresentation',(#7908));
#7910=IFCPRODUCTDEFINITIONSHAPE($,$,(#7909));
#7911=IFCRELVOIDSELEMENT('26IFLNatXF6e48CV844$EK',$,$,$,#6174,#7882);
#7917=IFCRELFILLSELEMENT('0Td$MK9VL67fo2WzovMwmE',$,$,$,#7882,#7858);
#7968=IFCCARTESIANPOINTLIST3D(((0.,0.,0.),(1.2157744169235229,0.,0.),(1.2157744169235229,0.,0.89999997615814209),(0.,0.,0.89999997615814209)));
#7969=IFCINDEXEDPOLYCURVE(#7968,(IFCLINEINDEX((1,2,3,4,1))),$);
#7970=IFCSHAPEREPRESENTATION(#18,'Profile','Curve3D',(#7969));
#7971=IFCCARTESIANPOINTLIST2D(((0.6164441704750061,0.),(0.,0.),(0.,0.89999997615814209),(0.6164441704750061,0.89999997615814209),(0.6164441704750061,0.87499997578561306),(0.02500000037252903,0.87499997578561306),(0.02500000037252903,0.02500000037252903),(0.6164441704750061,0.02500000037252903)));
#7972=IFCINDEXEDPOLYCURVE(#7971,(IFCLINEINDEX((1,2,3,4,5,6,7,8,1))),$);
#7973=IFCARBITRARYCLOSEDPROFILEDEF(.AREA.,$,#7972);
#7974=IFCCARTESIANPOINT((0.,0.090000001713633537,0.));
#7975=IFCDIRECTION((0.,-1.,0.));
#7976=IFCDIRECTION((1.,0.,0.));
#7977=IFCAXIS2PLACEMENT3D(#7974,#7975,#7976);
#7978=IFCDIRECTION((0.,0.,-1.));
#7979=IFCEXTRUDEDAREASOLID(#7973,#7977,#7978,0.0099999997764825821);
#7980=IFCCARTESIANPOINTLIST2D(((0.,0.),(0.6164441704750061,0.),(0.6164441704750061,0.89999997615814209),(0.,0.89999997615814209)));
#7981=IFCINDEXEDPOLYCURVE(#7980,(IFCLINEINDEX((1,2,3,4,1))),$);
#7982=IFCCARTESIANPOINTLIST2D(((0.05000000074505806,0.05000000074505806),(0.59144417010247707,0.05000000074505806),(0.59144417010247707,0.84999997541308403),(0.05000000074505806,0.84999997541308403)));
#7983=IFCINDEXEDPOLYCURVE(#7982,(IFCLINEINDEX((1,2,3,4,1))),$);
#7984=IFCARBITRARYPROFILEDEFWITHVOIDS(.AREA.,$,#7981,(#7983));
#7985=IFCCARTESIANPOINT((0.,0.05000000074505806,0.));
#7986=IFCDIRECTION((0.,-1.,0.));
#7987=IFCDIRECTION((1.,0.,0.));
#7988=IFCAXIS2PLACEMENT3D(#7985,#7986,#7987);
#7989=IFCDIRECTION((0.,0.,-1.));
#7990=IFCEXTRUDEDAREASOLID(#7984,#7988,#7989,0.040000000968575478);
#7991=IFCCARTESIANPOINTLIST2D(((0.,0.),(0.59144417010247707,0.),(0.59144417010247707,0.84999997541308403),(0.,0.84999997541308403)));
#7992=IFCINDEXEDPOLYCURVE(#7991,(IFCLINEINDEX((1,2,3,4,1))),$);
#7993=IFCCARTESIANPOINTLIST2D(((0.035000000149011612,0.035000000149011612),(0.55644416995346546,0.035000000149011612),(0.55644416995346546,0.81499997526407242),(0.035000000149011612,0.81499997526407242)));
#7994=IFCINDEXEDPOLYCURVE(#7993,(IFCLINEINDEX((1,2,3,4,1))),$);
#7995=IFCARBITRARYPROFILEDEFWITHVOIDS(.AREA.,$,#7992,(#7994));
#7996=IFCCARTESIANPOINT((0.02500000037252903,0.090000001713633537,0.02500000037252903));
#7997=IFCDIRECTION((0.,-1.,0.));
#7998=IFCDIRECTION((1.,0.,0.));
#7999=IFCAXIS2PLACEMENT3D(#7996,#7997,#7998);
#8000=IFCDIRECTION((0.,0.,-1.));
#8001=IFCEXTRUDEDAREASOLID(#7995,#7999,#8000,0.035000000149011612);
#8002=IFCINDEXEDPOLYCURVE(#8003,(IFCLINEINDEX((1,2,3,4,1))),$);
#8003=IFCCARTESIANPOINTLIST2D(((0.035000000149011612,0.035000000149011612),(0.55644416995346546,0.035000000149011612),(0.55644416995346546,0.81499997526407242),(0.035000000149011612,0.81499997526407242)));
#8004=IFCARBITRARYCLOSEDPROFILEDEF(.AREA.,$,#8002);
#8005=IFCCARTESIANPOINT((0.02500000037252903,0.10250000178813934,0.02500000037252903));
#8006=IFCDIRECTION((0.,-1.,0.));
#8007=IFCDIRECTION((1.,0.,0.));
#8008=IFCAXIS2PLACEMENT3D(#8005,#8006,#8007);
#8009=IFCDIRECTION((0.,0.,-1.));
#8010=IFCEXTRUDEDAREASOLID(#8004,#8008,#8009,0.01);
#8011=IFCCARTESIANPOINTLIST2D(((0.,0.89999997615814209),(0.59933024644851685,0.89999997615814209),(0.59933024644851685,0.),(0.,0.),(0.,0.02500000037252903),(0.57433024607598782,0.02500000037252903),(0.57433024607598782,0.87499997578561306),(0.,0.87499997578561306)));
#8012=IFCINDEXEDPOLYCURVE(#8011,(IFCLINEINDEX((1,2,3,4,5,6,7,8,1))),$);
#8013=IFCARBITRARYCLOSEDPROFILEDEF(.AREA.,$,#8012);
#8014=IFCCARTESIANPOINT((0.6164441704750061,0.090000001713633537,0.));
#8015=IFCDIRECTION((0.,-1.,0.));
#8016=IFCDIRECTION((1.,0.,0.));
#8017=IFCAXIS2PLACEMENT3D(#8014,#8015,#8016);
#8018=IFCDIRECTION((0.,0.,-1.));
#8019=IFCEXTRUDEDAREASOLID(#8013,#8017,#8018,0.0099999997764825821);
#8020=IFCCARTESIANPOINTLIST2D(((0.,0.),(0.59933024644851685,0.),(0.59933024644851685,0.89999997615814209),(0.,0.89999997615814209)));
#8021=IFCINDEXEDPOLYCURVE(#8020,(IFCLINEINDEX((1,2,3,4,1))),$);
#8022=IFCCARTESIANPOINTLIST2D(((0.02500000037252903,0.05000000074505806),(0.54933024570345879,0.05000000074505806),(0.54933024570345879,0.84999997541308403),(0.02500000037252903,0.84999997541308403)));
#8023=IFCINDEXEDPOLYCURVE(#8022,(IFCLINEINDEX((1,2,3,4,1))),$);
#8024=IFCARBITRARYPROFILEDEFWITHVOIDS(.AREA.,$,#8021,(#8023));
#8025=IFCCARTESIANPOINT((0.6164441704750061,0.05000000074505806,0.));
#8026=IFCDIRECTION((0.,-1.,0.));
#8027=IFCDIRECTION((1.,0.,0.));
#8028=IFCAXIS2PLACEMENT3D(#8025,#8026,#8027);
#8029=IFCDIRECTION((0.,0.,-1.));
#8030=IFCEXTRUDEDAREASOLID(#8024,#8028,#8029,0.040000000968575478);
#8031=IFCCARTESIANPOINTLIST2D(((0.,0.),(0.57433024607598782,0.),(0.57433024607598782,0.84999997541308403),(0.,0.84999997541308403)));
#8032=IFCINDEXEDPOLYCURVE(#8031,(IFCLINEINDEX((1,2,3,4,1))),$);
#8033=IFCCARTESIANPOINTLIST2D(((0.035000000149011612,0.035000000149011612),(0.5393302459269762,0.035000000149011612),(0.5393302459269762,0.81499997526407242),(0.035000000149011612,0.81499997526407242)));
#8034=IFCINDEXEDPOLYCURVE(#8033,(IFCLINEINDEX((1,2,3,4,1))),$);
#8035=IFCARBITRARYPROFILEDEFWITHVOIDS(.AREA.,$,#8032,(#8034));
#8036=IFCCARTESIANPOINT((0.6164441704750061,0.090000001713633537,0.02500000037252903));
#8037=IFCDIRECTION((0.,-1.,0.));
#8038=IFCDIRECTION((1.,0.,0.));
#8039=IFCAXIS2PLACEMENT3D(#8036,#8037,#8038);
#8040=IFCDIRECTION((0.,0.,-1.));
#8041=IFCEXTRUDEDAREASOLID(#8035,#8039,#8040,0.035000000149011612);
#8042=IFCINDEXEDPOLYCURVE(#8043,(IFCLINEINDEX((1,2,3,4,1))),$);
#8043=IFCCARTESIANPOINTLIST2D(((0.035000000149011612,0.035000000149011612),(0.5393302459269762,0.035000000149011612),(0.5393302459269762,0.81499997526407242),(0.035000000149011612,0.81499997526407242)));
#8044=IFCARBITRARYCLOSEDPROFILEDEF(.AREA.,$,#8042);
#8045=IFCCARTESIANPOINT((0.6164441704750061,0.10250000178813934,0.02500000037252903));
#8046=IFCDIRECTION((0.,-1.,0.));
#8047=IFCDIRECTION((1.,0.,0.));
#8048=IFCAXIS2PLACEMENT3D(#8045,#8046,#8047);
#8049=IFCDIRECTION((0.,0.,-1.));
#8050=IFCEXTRUDEDAREASOLID(#8044,#8048,#8049,0.01);
#8051=IFCSHAPEREPRESENTATION(#11,'Body','SweptSolid',(#7979,#7990,#8001,#8010,#8019,#8030,#8041,#8050));
#8052=IFCSHAPEREPRESENTATION(#11,'Body','SweptSolid',(#7979,#7990,#8019,#8030));
#8053=IFCSHAPEASPECT((#8052),'Lining',$,.T.,#7867);
#8054=IFCSHAPEREPRESENTATION(#11,'Body','SweptSolid',(#8001,#8041));
#8055=IFCSHAPEASPECT((#8054),'Framing',$,.T.,#7867);
#8056=IFCSHAPEREPRESENTATION(#11,'Body','SweptSolid',(#8010,#8050));
#8057=IFCSHAPEASPECT((#8056),'Glazing',$,.T.,#7867);
#8058=IFCCARTESIANPOINTLIST2D(((0.05000000074505806,0.05000000074505806),(0.59144417010247707,0.05000000074505806)));
#8059=IFCINDEXEDPOLYCURVE(#8058,$,$);
#8060=IFCCARTESIANPOINTLIST2D(((0.,0.10000000149011612),(0.02500000037252903,0.10000000149011612),(0.02500000037252903,0.090000001713633537),(0.05000000074505806,0.090000001713633537),(0.05000000074505806,0.05000000074505806),(0.,0.05000000074505806)));
#8061=IFCINDEXEDPOLYCURVE(#8060,(IFCLINEINDEX((1,2,3,4,5,6,1))),$);
#8062=IFCCARTESIANPOINTLIST2D(((0.6164441704750061,0.10000000149011612),(0.6164441704750061,0.10000000149011612),(0.6164441704750061,0.090000001713633537),(0.59144417010247707,0.090000001713633537),(0.59144417010247707,0.05000000074505806),(0.6164441704750061,0.05000000074505806)));
#8063=IFCINDEXEDPOLYCURVE(#8062,$,$);
#8064=IFCCARTESIANPOINTLIST2D(((0.02500000037252903,0.090000001713633537),(0.060000000521540642,0.090000001713633537),(0.060000000521540642,0.12500000186264515),(0.02500000037252903,0.12500000186264515)));
#8065=IFCINDEXEDPOLYCURVE(#8064,(IFCLINEINDEX((1,2,3,4,1))),$);
#8066=IFCINDEXEDPOLYCURVE(#8067,(IFCLINEINDEX((1,2,3,4,1))),$);
#8067=IFCCARTESIANPOINTLIST2D(((0.6164441704750061,0.090000001713633537),(0.58144417032599449,0.090000001713633537),(0.58144417032599449,0.12500000186264515),(0.6164441704750061,0.12500000186264515)));
#8068=IFCCARTESIANPOINTLIST2D(((0.060000000521540642,0.090000001713633537),(0.58144417032599449,0.090000001713633537)));
#8069=IFCINDEXEDPOLYCURVE(#8068,$,$);
#8070=IFCINDEXEDPOLYCURVE(#8071,$,$);
#8071=IFCCARTESIANPOINTLIST2D(((0.060000000521540642,0.12500000186264515),(0.58144417032599449,0.12500000186264515)));
#8072=IFCINDEXEDPOLYCURVE(#8073,$,$);
#8073=IFCCARTESIANPOINTLIST2D(((0.060000000521540642,0.10750000178813934),(0.58144417032599449,0.10750000178813934)));
#8074=IFCCARTESIANPOINTLIST2D(((0.64144417084753513,0.05000000074505806),(1.1657744161784649,0.05000000074505806)));
#8075=IFCINDEXEDPOLYCURVE(#8074,$,$);
#8076=IFCCARTESIANPOINTLIST2D(((0.6164441704750061,0.10000000149011612),(0.6164441704750061,0.10000000149011612),(0.6164441704750061,0.090000001713633537),(0.64144417084753513,0.090000001713633537),(0.64144417084753513,0.05000000074505806),(0.6164441704750061,0.05000000074505806)));
#8077=IFCINDEXEDPOLYCURVE(#8076,$,$);
#8078=IFCCARTESIANPOINTLIST2D(((1.2157744169235229,0.10000000149011612),(1.1907744165509939,0.10000000149011612),(1.1907744165509939,0.090000001713633537),(1.1657744161784649,0.090000001713633537),(1.1657744161784649,0.05000000074505806),(1.2157744169235229,0.05000000074505806)));
#8079=IFCINDEXEDPOLYCURVE(#8078,(IFCLINEINDEX((1,2,3,4,5,6,1))),$);
#8080=IFCCARTESIANPOINTLIST2D(((0.6164441704750061,0.090000001713633537),(0.65144417062401772,0.090000001713633537),(0.65144417062401772,0.12500000186264515),(0.6164441704750061,0.12500000186264515)));
#8081=IFCINDEXEDPOLYCURVE(#8080,(IFCLINEINDEX((1,2,3,4,1))),$);
#8082=IFCINDEXEDPOLYCURVE(#8083,(IFCLINEINDEX((1,2,3,4,1))),$);
#8083=IFCCARTESIANPOINTLIST2D(((1.1907744165509939,0.090000001713633537),(1.1557744164019823,0.090000001713633537),(1.1557744164019823,0.12500000186264515),(1.1907744165509939,0.12500000186264515)));
#8084=IFCCARTESIANPOINTLIST2D(((0.65144417062401772,0.090000001713633537),(1.1557744164019823,0.090000001713633537)));
#8085=IFCINDEXEDPOLYCURVE(#8084,$,$);
#8086=IFCINDEXEDPOLYCURVE(#8087,$,$);
#8087=IFCCARTESIANPOINTLIST2D(((0.65144417062401772,0.12500000186264515),(1.1557744164019823,0.12500000186264515)));
#8088=IFCINDEXEDPOLYCURVE(#8089,$,$);
#8089=IFCCARTESIANPOINTLIST2D(((0.65144417062401772,0.10750000178813934),(1.1557744164019823,0.10750000178813934)));
#8090=IFCSHAPEREPRESENTATION(#24,'Body','Curve2D',(#8059,#8061,#8063,#8065,#8066,#8069,#8070,#8072,#8075,#8077,#8079,#8081,#8082,#8085,#8086,#8088));
#8091=IFCCARTESIANPOINTLIST2D(((0.,0.),(1.2157744169235229,0.),(1.2157744169235229,0.89999997615814209),(0.,0.89999997615814209)));
#8092=IFCINDEXEDPOLYCURVE(#8091,(IFCLINEINDEX((1,2,3,4,1))),$);
#8093=IFCARBITRARYCLOSEDPROFILEDEF(.AREA.,$,#8092);
#8094=IFCCARTESIANPOINT((0.,-0.60000002384185791,0.));
#8095=IFCDIRECTION((0.,-1.,0.));
#8096=IFCDIRECTION((1.,0.,0.));
#8097=IFCAXIS2PLACEMENT3D(#8094,#8095,#8096);
#8098=IFCDIRECTION((0.,0.,-1.));
#8099=IFCEXTRUDEDAREASOLID(#8093,#8097,#8098,1.2);
#8100=IFCSHAPEREPRESENTATION(#11,'Body','SweptSolid',(#8099));
#8106=IFCCARTESIANPOINT((0.46908874947141238,6.5950707384132556E-07,1.));
#8107=IFCDIRECTION((0.,0.,1.));
#8108=IFCDIRECTION((0.99999999999988631,-4.7683715820291007E-07,0.));
#8109=IFCAXIS2PLACEMENT3D(#8106,#8107,#8108);
#8110=IFCLOCALPLACEMENT(#16774,#8109);
#8111=IFCCARTESIANPOINT((-2.7755575615628914E-17,0.,0.));
#8112=IFCDIRECTION((0.,0.,1.));
#8113=IFCDIRECTION((1.,3.1763735522036263E-22,0.));
#8114=IFCAXIS2PLACEMENT3D(#8111,#8112,#8113);
#8115=IFCLOCALPLACEMENT(#8110,#8114);
#8121=IFCWINDOWTYPE('1DRfmFOdD1SxEcrh_O_pUy',$,'Bedroom-1-2F-2',$,$,(#8122),(#8124,#8132,#8180),$,$,.WINDOW.,.SINGLE_PANEL.,$,$);
#8122=IFCPROPERTYSET('3mD77qnMv6ruwh1ylwQWCl',$,'BBIM_Window',$,(#8123));
#8123=IFCPROPERTYSINGLEVALUE('Data',$,IFCTEXT('{"window_type": "SINGLE_PANEL", "overall_height": 0.8999999761581421, "overall_width": 0.8181548118591309, "lining_properties": {"lining_depth": 0.05000000074505806, "lining_thickness": 0.05000000074505806, "lining_offset": 0.05000000074505806, "lining_to_panel_offset_x": 0.02500000037252903, "lining_to_panel_offset_y": 0.02500000037252903}, "panel_properties": {"frame_depth": [0.03500000014901161, 0.03500000014901161, 0.03500000014901161], "frame_thickness": [0.03500000014901161, 0.03500000014901161, 0.03500000014901161]}}'),$);
#8124=IFCREPRESENTATIONMAP(#8125,#8284);
#8125=IFCAXIS2PLACEMENT3D(#8126,#8127,#8128);
#8126=IFCCARTESIANPOINT((0.,0.,0.));
#8127=IFCDIRECTION((0.,0.,1.));
#8128=IFCDIRECTION((1.,0.,0.));
#8132=IFCREPRESENTATIONMAP(#8133,#8327);
#8133=IFCAXIS2PLACEMENT3D(#8134,#8135,#8136);
#8134=IFCCARTESIANPOINT((0.,0.,0.));
#8135=IFCDIRECTION((0.,0.,1.));
#8136=IFCDIRECTION((1.,0.,0.));
#8180=IFCREPRESENTATIONMAP(#8181,#8350);
#8181=IFCAXIS2PLACEMENT3D(#8182,#8183,#8184);
#8182=IFCCARTESIANPOINT((0.,0.,0.));
#8183=IFCDIRECTION((0.,0.,1.));
#8184=IFCDIRECTION((1.,0.,0.));
#8202=IFCWINDOW('1WMSpVkqj3ZBFqhV0zQTE0',$,'Window',$,$,#8375,#8211,$,0.89999997615814209,0.81815481185913086,$,.SINGLE_PANEL.,$);
#8203=IFCRELDEFINESBYTYPE('25gEggMj1FOu4oU0n5cdIJ',$,$,$,(#8202),#8121);
#8204=IFCCARTESIANPOINT((0.,0.,0.));
#8205=IFCDIRECTION((1.,0.,0.));
#8206=IFCDIRECTION((0.,1.,0.));
#8207=IFCDIRECTION((0.,0.,1.));
#8208=IFCCARTESIANTRANSFORMATIONOPERATOR3D(#8205,#8206,#8204,1.,#8207);
#8209=IFCMAPPEDITEM(#8124,#8208);
#8210=IFCSHAPEREPRESENTATION(#18,'Profile','MappedRepresentation',(#8209));
#8211=IFCPRODUCTDEFINITIONSHAPE($,$,(#8210,#8218,#8225));
#8212=IFCCARTESIANPOINT((0.,0.,0.));
#8213=IFCDIRECTION((1.,0.,0.));
#8214=IFCDIRECTION((0.,1.,0.));
#8215=IFCDIRECTION((0.,0.,1.));
#8216=IFCCARTESIANTRANSFORMATIONOPERATOR3D(#8213,#8214,#8212,1.,#8215);
#8217=IFCMAPPEDITEM(#8132,#8216);
#8218=IFCSHAPEREPRESENTATION(#11,'Body','MappedRepresentation',(#8217));
#8219=IFCCARTESIANPOINT((0.,0.,0.));
#8220=IFCDIRECTION((1.,0.,0.));
#8221=IFCDIRECTION((0.,1.,0.));
#8222=IFCDIRECTION((0.,0.,1.));
#8223=IFCCARTESIANTRANSFORMATIONOPERATOR3D(#8220,#8221,#8219,1.,#8222);
#8224=IFCMAPPEDITEM(#8180,#8223);
#8225=IFCSHAPEREPRESENTATION(#24,'Body','MappedRepresentation',(#8224));
#8226=IFCOPENINGELEMENT('3Fv9buyGPCVPFYWA8oW4aH',$,'Opening',$,$,#8370,#8254,$,.OPENING.);
#8242=IFCCARTESIANPOINT((0.,0.,0.));
#8243=IFCDIRECTION((1.,0.,0.));
#8244=IFCDIRECTION((0.,0.,1.));
#8245=IFCAXIS2PLACEMENT3D(#8242,#8244,#8243);
#8246=IFCREPRESENTATIONMAP(#8245,#8360);
#8247=IFCCARTESIANPOINT((0.,0.,0.));
#8248=IFCDIRECTION((1.,0.,0.));
#8249=IFCDIRECTION((0.,1.,0.));
#8250=IFCDIRECTION((0.,0.,1.));
#8251=IFCCARTESIANTRANSFORMATIONOPERATOR3D(#8248,#8249,#8247,1.,#8250);
#8252=IFCMAPPEDITEM(#8246,#8251);
#8253=IFCSHAPEREPRESENTATION(#11,'Body','MappedRepresentation',(#8252));
#8254=IFCPRODUCTDEFINITIONSHAPE($,$,(#8253));
#8255=IFCRELVOIDSELEMENT('0fLX4sShPBdhRMpPbpe7lW',$,$,$,#6199,#8226);
#8261=IFCRELFILLSELEMENT('3X1jlQa6HABhMe_LQaDgnw',$,$,$,#8226,#8202);
#8282=IFCCARTESIANPOINTLIST3D(((0.,0.,0.),(0.81815481185913086,0.,0.),(0.81815481185913086,0.,0.89999997615814209),(0.,0.,0.89999997615814209)));
#8283=IFCINDEXEDPOLYCURVE(#8282,(IFCLINEINDEX((1,2,3,4,1))),$);
#8284=IFCSHAPEREPRESENTATION(#18,'Profile','Curve3D',(#8283));
#8285=IFCCARTESIANPOINTLIST2D(((0.,0.),(0.81815481185913086,0.),(0.81815481185913086,0.89999997615814209),(0.,0.89999997615814209)));
#8286=IFCINDEXEDPOLYCURVE(#8285,(IFCLINEINDEX((1,2,3,4,1))),$);
#8287=IFCCARTESIANPOINTLIST2D(((0.02500000037252903,0.02500000037252903),(0.79315481148660183,0.02500000037252903),(0.79315481148660183,0.87499997578561306),(0.02500000037252903,0.87499997578561306)));
#8288=IFCINDEXEDPOLYCURVE(#8287,(IFCLINEINDEX((1,2,3,4,1))),$);
#8289=IFCARBITRARYPROFILEDEFWITHVOIDS(.AREA.,$,#8286,(#8288));
#8290=IFCCARTESIANPOINT((0.,0.090000001713633537,0.));
#8291=IFCDIRECTION((0.,-1.,0.));
#8292=IFCDIRECTION((1.,0.,0.));
#8293=IFCAXIS2PLACEMENT3D(#8290,#8291,#8292);
#8294=IFCDIRECTION((0.,0.,-1.));
#8295=IFCEXTRUDEDAREASOLID(#8289,#8293,#8294,0.0099999997764825821);
#8296=IFCCARTESIANPOINTLIST2D(((0.,0.),(0.81815481185913086,0.),(0.81815481185913086,0.89999997615814209),(0.,0.89999997615814209)));
#8297=IFCINDEXEDPOLYCURVE(#8296,(IFCLINEINDEX((1,2,3,4,1))),$);
#8298=IFCCARTESIANPOINTLIST2D(((0.05000000074505806,0.05000000074505806),(0.7681548111140728,0.05000000074505806),(0.7681548111140728,0.84999997541308403),(0.05000000074505806,0.84999997541308403)));
#8299=IFCINDEXEDPOLYCURVE(#8298,(IFCLINEINDEX((1,2,3,4,1))),$);
#8300=IFCARBITRARYPROFILEDEFWITHVOIDS(.AREA.,$,#8297,(#8299));
#8301=IFCCARTESIANPOINT((0.,0.05000000074505806,0.));
#8302=IFCDIRECTION((0.,-1.,0.));
#8303=IFCDIRECTION((1.,0.,0.));
#8304=IFCAXIS2PLACEMENT3D(#8301,#8302,#8303);
#8305=IFCDIRECTION((0.,0.,-1.));
#8306=IFCEXTRUDEDAREASOLID(#8300,#8304,#8305,0.040000000968575478);
#8307=IFCCARTESIANPOINTLIST2D(((0.,0.),(0.7681548111140728,0.),(0.7681548111140728,0.84999997541308403),(0.,0.84999997541308403)));
#8308=IFCINDEXEDPOLYCURVE(#8307,(IFCLINEINDEX((1,2,3,4,1))),$);
#8309=IFCCARTESIANPOINTLIST2D(((0.035000000149011612,0.035000000149011612),(0.73315481096506119,0.035000000149011612),(0.73315481096506119,0.81499997526407242),(0.035000000149011612,0.81499997526407242)));
#8310=IFCINDEXEDPOLYCURVE(#8309,(IFCLINEINDEX((1,2,3,4,1))),$);
#8311=IFCARBITRARYPROFILEDEFWITHVOIDS(.AREA.,$,#8308,(#8310));
#8312=IFCCARTESIANPOINT((0.02500000037252903,0.090000001713633537,0.02500000037252903));
#8313=IFCDIRECTION((0.,-1.,0.));
#8314=IFCDIRECTION((1.,0.,0.));
#8315=IFCAXIS2PLACEMENT3D(#8312,#8313,#8314);
#8316=IFCDIRECTION((0.,0.,-1.));
#8317=IFCEXTRUDEDAREASOLID(#8311,#8315,#8316,0.035000000149011612);
#8318=IFCINDEXEDPOLYCURVE(#8319,(IFCLINEINDEX((1,2,3,4,1))),$);
#8319=IFCCARTESIANPOINTLIST2D(((0.035000000149011612,0.035000000149011612),(0.73315481096506119,0.035000000149011612),(0.73315481096506119,0.81499997526407242),(0.035000000149011612,0.81499997526407242)));
#8320=IFCARBITRARYCLOSEDPROFILEDEF(.AREA.,$,#8318);
#8321=IFCCARTESIANPOINT((0.02500000037252903,0.10250000178813934,0.02500000037252903));
#8322=IFCDIRECTION((0.,-1.,0.));
#8323=IFCDIRECTION((1.,0.,0.));
#8324=IFCAXIS2PLACEMENT3D(#8321,#8322,#8323);
#8325=IFCDIRECTION((0.,0.,-1.));
#8326=IFCEXTRUDEDAREASOLID(#8320,#8324,#8325,0.01);
#8327=IFCSHAPEREPRESENTATION(#11,'Body','SweptSolid',(#8295,#8306,#8317,#8326));
#8328=IFCSHAPEREPRESENTATION(#11,'Body','SweptSolid',(#8295,#8306));
#8329=IFCSHAPEASPECT((#8328),'Lining',$,.T.,#8211);
#8330=IFCSHAPEREPRESENTATION(#11,'Body','SweptSolid',(#8317));
#8331=IFCSHAPEASPECT((#8330),'Framing',$,.T.,#8211);
#8332=IFCSHAPEREPRESENTATION(#11,'Body','SweptSolid',(#8326));
#8333=IFCSHAPEASPECT((#8332),'Glazing',$,.T.,#8211);
#8334=IFCCARTESIANPOINTLIST2D(((0.05000000074505806,0.05000000074505806),(0.7681548111140728,0.05000000074505806)));
#8335=IFCINDEXEDPOLYCURVE(#8334,$,$);
#8336=IFCCARTESIANPOINTLIST2D(((0.,0.10000000149011612),(0.02500000037252903,0.10000000149011612),(0.02500000037252903,0.090000001713633537),(0.05000000074505806,0.090000001713633537),(0.05000000074505806,0.05000000074505806),(0.,0.05000000074505806)));
#8337=IFCINDEXEDPOLYCURVE(#8336,(IFCLINEINDEX((1,2,3,4,5,6,1))),$);
#8338=IFCCARTESIANPOINTLIST2D(((0.81815481185913086,0.10000000149011612),(0.79315481148660183,0.10000000149011612),(0.79315481148660183,0.090000001713633537),(0.7681548111140728,0.090000001713633537),(0.7681548111140728,0.05000000074505806),(0.81815481185913086,0.05000000074505806)));
#8339=IFCINDEXEDPOLYCURVE(#8338,(IFCLINEINDEX((1,2,3,4,5,6,1))),$);
#8340=IFCCARTESIANPOINTLIST2D(((0.02500000037252903,0.090000001713633537),(0.060000000521540642,0.090000001713633537),(0.060000000521540642,0.12500000186264515),(0.02500000037252903,0.12500000186264515)));
#8341=IFCINDEXEDPOLYCURVE(#8340,(IFCLINEINDEX((1,2,3,4,1))),$);
#8342=IFCINDEXEDPOLYCURVE(#8343,(IFCLINEINDEX((1,2,3,4,1))),$);
#8343=IFCCARTESIANPOINTLIST2D(((0.79315481148660183,0.090000001713633537),(0.75815481133759022,0.090000001713633537),(0.75815481133759022,0.12500000186264515),(0.79315481148660183,0.12500000186264515)));
#8344=IFCCARTESIANPOINTLIST2D(((0.060000000521540642,0.090000001713633537),(0.75815481133759022,0.090000001713633537)));
#8345=IFCINDEXEDPOLYCURVE(#8344,$,$);
#8346=IFCINDEXEDPOLYCURVE(#8347,$,$);
#8347=IFCCARTESIANPOINTLIST2D(((0.060000000521540642,0.12500000186264515),(0.75815481133759022,0.12500000186264515)));
#8348=IFCINDEXEDPOLYCURVE(#8349,$,$);
#8349=IFCCARTESIANPOINTLIST2D(((0.060000000521540642,0.10750000178813934),(0.75815481133759022,0.10750000178813934)));
#8350=IFCSHAPEREPRESENTATION(#24,'Body','Curve2D',(#8335,#8337,#8339,#8341,#8342,#8345,#8346,#8348));
#8351=IFCCARTESIANPOINTLIST2D(((0.,0.),(0.81815481185913086,0.),(0.81815481185913086,0.89999997615814209),(0.,0.89999997615814209)));
#8352=IFCINDEXEDPOLYCURVE(#8351,(IFCLINEINDEX((1,2,3,4,1))),$);
#8353=IFCARBITRARYCLOSEDPROFILEDEF(.AREA.,$,#8352);
#8354=IFCCARTESIANPOINT((0.,-0.60000002384185791,0.));
#8355=IFCDIRECTION((0.,-1.,0.));
#8356=IFCDIRECTION((1.,0.,0.));
#8357=IFCAXIS2PLACEMENT3D(#8354,#8355,#8356);
#8358=IFCDIRECTION((0.,0.,-1.));
#8359=IFCEXTRUDEDAREASOLID(#8353,#8357,#8358,1.2);
#8360=IFCSHAPEREPRESENTATION(#11,'Body','SweptSolid',(#8359));
#8366=IFCCARTESIANPOINT((1.534931115300171,3.6095314737139006E-07,1.));
#8367=IFCDIRECTION((0.,0.,1.));
#8368=IFCDIRECTION((0.99999999999999289,1.1920928244535129E-07,0.));
#8369=IFCAXIS2PLACEMENT3D(#8366,#8367,#8368);
#8370=IFCLOCALPLACEMENT(#16779,#8369);
#8371=IFCCARTESIANPOINT((-8.8817841970012523E-16,0.,0.));
#8372=IFCDIRECTION((0.,0.,1.));
#8373=IFCDIRECTION((1.,0.,0.));
#8374=IFCAXIS2PLACEMENT3D(#8371,#8372,#8373);
#8375=IFCLOCALPLACEMENT(#8370,#8374);
#8376=IFCWINDOWTYPE('0DfCKyxv9BDfu7sQm6Bg6k',$,'Masters-2F-1',$,$,(#8377),(#8379,#8387,#8435),$,$,.WINDOW.,.SINGLE_PANEL.,$,$);
#8377=IFCPROPERTYSET('3Bm_ni1aD7EumkswUr4K5k',$,'BBIM_Window',$,(#8378));
#8378=IFCPROPERTYSINGLEVALUE('Data',$,IFCTEXT('{"window_type": "SINGLE_PANEL", "overall_height": 0.8999999761581421, "overall_width": 0.8352930545806885, "lining_properties": {"lining_depth": 0.05000000074505806, "lining_thickness": 0.05000000074505806, "lining_offset": 0.05000000074505806, "lining_to_panel_offset_x": 0.02500000037252903, "lining_to_panel_offset_y": 0.02500000037252903}, "panel_properties": {"frame_depth": [0.03500000014901161, 0.03500000014901161, 0.03500000014901161], "frame_thickness": [0.03500000014901161, 0.03500000014901161, 0.03500000014901161]}}'),$);
#8379=IFCREPRESENTATIONMAP(#8380,#8712);
#8380=IFCAXIS2PLACEMENT3D(#8381,#8382,#8383);
#8381=IFCCARTESIANPOINT((0.,0.,0.));
#8382=IFCDIRECTION((0.,0.,1.));
#8383=IFCDIRECTION((1.,0.,0.));
#8387=IFCREPRESENTATIONMAP(#8388,#8755);
#8388=IFCAXIS2PLACEMENT3D(#8389,#8390,#8391);
#8389=IFCCARTESIANPOINT((0.,0.,0.));
#8390=IFCDIRECTION((0.,0.,1.));
#8391=IFCDIRECTION((1.,0.,0.));
#8435=IFCREPRESENTATIONMAP(#8436,#8778);
#8436=IFCAXIS2PLACEMENT3D(#8437,#8438,#8439);
#8437=IFCCARTESIANPOINT((0.,0.,0.));
#8438=IFCDIRECTION((0.,0.,1.));
#8439=IFCDIRECTION((1.,0.,0.));
#8457=IFCWINDOW('2RqdiD3K9D6Aqzjr1vJ7VP',$,'Window',$,$,#8818,#8466,$,0.89999997615814209,0.83529305458068848,$,.SINGLE_PANEL.,$);
#8458=IFCRELDEFINESBYTYPE('0H2zto9gz9NAx8kgzsBSy6',$,$,$,(#8522,#8457),#8376);
#8459=IFCCARTESIANPOINT((0.,0.,0.));
#8460=IFCDIRECTION((1.,0.,0.));
#8461=IFCDIRECTION((0.,1.,0.));
#8462=IFCDIRECTION((0.,0.,1.));
#8463=IFCCARTESIANTRANSFORMATIONOPERATOR3D(#8460,#8461,#8459,1.,#8462);
#8464=IFCMAPPEDITEM(#8379,#8463);
#8465=IFCSHAPEREPRESENTATION(#18,'Profile','MappedRepresentation',(#8464));
#8466=IFCPRODUCTDEFINITIONSHAPE($,$,(#8465,#8473,#8480));
#8467=IFCCARTESIANPOINT((0.,0.,0.));
#8468=IFCDIRECTION((1.,0.,0.));
#8469=IFCDIRECTION((0.,1.,0.));
#8470=IFCDIRECTION((0.,0.,1.));
#8471=IFCCARTESIANTRANSFORMATIONOPERATOR3D(#8468,#8469,#8467,1.,#8470);
#8472=IFCMAPPEDITEM(#8387,#8471);
#8473=IFCSHAPEREPRESENTATION(#11,'Body','MappedRepresentation',(#8472));
#8474=IFCCARTESIANPOINT((0.,0.,0.));
#8475=IFCDIRECTION((1.,0.,0.));
#8476=IFCDIRECTION((0.,1.,0.));
#8477=IFCDIRECTION((0.,0.,1.));
#8478=IFCCARTESIANTRANSFORMATIONOPERATOR3D(#8475,#8476,#8474,1.,#8477);
#8479=IFCMAPPEDITEM(#8435,#8478);
#8480=IFCSHAPEREPRESENTATION(#24,'Body','MappedRepresentation',(#8479));
#8481=IFCOPENINGELEMENT('1BVXFPVpD2T8VxtSeS_3FV',$,'Opening',$,$,#8813,#8509,$,.OPENING.);
#8497=IFCCARTESIANPOINT((0.,0.,0.));
#8498=IFCDIRECTION((1.,0.,0.));
#8499=IFCDIRECTION((0.,0.,1.));
#8500=IFCAXIS2PLACEMENT3D(#8497,#8499,#8498);
#8501=IFCREPRESENTATIONMAP(#8500,#8788);
#8502=IFCCARTESIANPOINT((0.,0.,0.));
#8503=IFCDIRECTION((1.,0.,0.));
#8504=IFCDIRECTION((0.,1.,0.));
#8505=IFCDIRECTION((0.,0.,1.));
#8506=IFCCARTESIANTRANSFORMATIONOPERATOR3D(#8503,#8504,#8502,1.,#8505);
#8507=IFCMAPPEDITEM(#8501,#8506);
#8508=IFCSHAPEREPRESENTATION(#11,'Body','MappedRepresentation',(#8507));
#8509=IFCPRODUCTDEFINITIONSHAPE($,$,(#8508));
#8510=IFCRELVOIDSELEMENT('0xC9yK_qrEpwU$hRHalUrz',$,$,$,#6199,#8481);
#8516=IFCRELFILLSELEMENT('08_Sxy9hnB0BanKQy_E7W0',$,$,$,#8481,#8457);
#8522=IFCWINDOW('3IqSSY$rD5JAclY61o1lrD',$,'Window',$,$,#8803,#8530,$,0.89999997615814209,0.83529305458068848,$,.SINGLE_PANEL.,$);
#8523=IFCCARTESIANPOINT((0.,0.,0.));
#8524=IFCDIRECTION((1.,0.,0.));
#8525=IFCDIRECTION((0.,1.,0.));
#8526=IFCDIRECTION((0.,0.,1.));
#8527=IFCCARTESIANTRANSFORMATIONOPERATOR3D(#8524,#8525,#8523,1.,#8526);
#8528=IFCMAPPEDITEM(#8379,#8527);
#8529=IFCSHAPEREPRESENTATION(#18,'Profile','MappedRepresentation',(#8528));
#8530=IFCPRODUCTDEFINITIONSHAPE($,$,(#8529,#8537,#8544));
#8531=IFCCARTESIANPOINT((0.,0.,0.));
#8532=IFCDIRECTION((1.,0.,0.));
#8533=IFCDIRECTION((0.,1.,0.));
#8534=IFCDIRECTION((0.,0.,1.));
#8535=IFCCARTESIANTRANSFORMATIONOPERATOR3D(#8532,#8533,#8531,1.,#8534);
#8536=IFCMAPPEDITEM(#8387,#8535);
#8537=IFCSHAPEREPRESENTATION(#11,'Body','MappedRepresentation',(#8536));
#8538=IFCCARTESIANPOINT((0.,0.,0.));
#8539=IFCDIRECTION((1.,0.,0.));
#8540=IFCDIRECTION((0.,1.,0.));
#8541=IFCDIRECTION((0.,0.,1.));
#8542=IFCCARTESIANTRANSFORMATIONOPERATOR3D(#8539,#8540,#8538,1.,#8541);
#8543=IFCMAPPEDITEM(#8435,#8542);
#8544=IFCSHAPEREPRESENTATION(#24,'Body','MappedRepresentation',(#8543));
#8545=IFCOPENINGELEMENT('32yqAbOVv9VAeLTUGakMFa',$,'Opening',$,$,#8798,#8558,$,.OPENING.);
#8551=IFCCARTESIANPOINT((0.,0.,0.));
#8552=IFCDIRECTION((1.,0.,0.));
#8553=IFCDIRECTION((0.,1.,0.));
#8554=IFCDIRECTION((0.,0.,1.));
#8555=IFCCARTESIANTRANSFORMATIONOPERATOR3D(#8552,#8553,#8551,1.,#8554);
#8556=IFCMAPPEDITEM(#8501,#8555);
#8557=IFCSHAPEREPRESENTATION(#11,'Body','MappedRepresentation',(#8556));
#8558=IFCPRODUCTDEFINITIONSHAPE($,$,(#8557));
#8559=IFCRELVOIDSELEMENT('29FnmPiQr8t8D9Bd1VMHpk',$,$,$,#6199,#8545);
#8565=IFCRELFILLSELEMENT('3QO3YSDjzFDgKt1Y509GBo',$,$,$,#8545,#8522);
#8589=IFCCARTESIANPOINTLIST2D(((0.,0.),(0.82594490051269531,0.),(0.82594490051269531,0.89999997615814209),(0.,0.89999997615814209)));
#8590=IFCINDEXEDPOLYCURVE(#8589,(IFCLINEINDEX((1,2,3,4,1))),$);
#8591=IFCCARTESIANPOINTLIST2D(((0.02500000037252903,0.02500000037252903),(0.80094490014016628,0.02500000037252903),(0.80094490014016628,0.87499997578561306),(0.02500000037252903,0.87499997578561306)));
#8592=IFCINDEXEDPOLYCURVE(#8591,(IFCLINEINDEX((1,2,3,4,1))),$);
#8593=IFCARBITRARYPROFILEDEFWITHVOIDS(.AREA.,$,#8590,(#8592));
#8594=IFCCARTESIANPOINT((0.,0.090000001713633537,0.));
#8595=IFCDIRECTION((0.,-1.,0.));
#8596=IFCDIRECTION((1.,0.,0.));
#8597=IFCAXIS2PLACEMENT3D(#8594,#8595,#8596);
#8598=IFCDIRECTION((0.,0.,-1.));
#8599=IFCEXTRUDEDAREASOLID(#8593,#8597,#8598,0.0099999997764825821);
#8600=IFCCARTESIANPOINTLIST2D(((0.,0.),(0.82594490051269531,0.),(0.82594490051269531,0.89999997615814209),(0.,0.89999997615814209)));
#8601=IFCINDEXEDPOLYCURVE(#8600,(IFCLINEINDEX((1,2,3,4,1))),$);
#8602=IFCCARTESIANPOINTLIST2D(((0.05000000074505806,0.05000000074505806),(0.77594489976763725,0.05000000074505806),(0.77594489976763725,0.84999997541308403),(0.05000000074505806,0.84999997541308403)));
#8603=IFCINDEXEDPOLYCURVE(#8602,(IFCLINEINDEX((1,2,3,4,1))),$);
#8604=IFCARBITRARYPROFILEDEFWITHVOIDS(.AREA.,$,#8601,(#8603));
#8605=IFCCARTESIANPOINT((0.,0.05000000074505806,0.));
#8606=IFCDIRECTION((0.,-1.,0.));
#8607=IFCDIRECTION((1.,0.,0.));
#8608=IFCAXIS2PLACEMENT3D(#8605,#8606,#8607);
#8609=IFCDIRECTION((0.,0.,-1.));
#8610=IFCEXTRUDEDAREASOLID(#8604,#8608,#8609,0.040000000968575478);
#8611=IFCCARTESIANPOINTLIST2D(((0.,0.),(0.77594489976763725,0.),(0.77594489976763725,0.84999997541308403),(0.,0.84999997541308403)));
#8612=IFCINDEXEDPOLYCURVE(#8611,(IFCLINEINDEX((1,2,3,4,1))),$);
#8613=IFCCARTESIANPOINTLIST2D(((0.035000000149011612,0.035000000149011612),(0.74094489961862564,0.035000000149011612),(0.74094489961862564,0.81499997526407242),(0.035000000149011612,0.81499997526407242)));
#8614=IFCINDEXEDPOLYCURVE(#8613,(IFCLINEINDEX((1,2,3,4,1))),$);
#8615=IFCARBITRARYPROFILEDEFWITHVOIDS(.AREA.,$,#8612,(#8614));
#8616=IFCCARTESIANPOINT((0.02500000037252903,0.090000001713633537,0.02500000037252903));
#8617=IFCDIRECTION((0.,-1.,0.));
#8618=IFCDIRECTION((1.,0.,0.));
#8619=IFCAXIS2PLACEMENT3D(#8616,#8617,#8618);
#8620=IFCDIRECTION((0.,0.,-1.));
#8621=IFCEXTRUDEDAREASOLID(#8615,#8619,#8620,0.035000000149011612);
#8622=IFCINDEXEDPOLYCURVE(#8623,(IFCLINEINDEX((1,2,3,4,1))),$);
#8623=IFCCARTESIANPOINTLIST2D(((0.035000000149011612,0.035000000149011612),(0.74094489961862564,0.035000000149011612),(0.74094489961862564,0.81499997526407242),(0.035000000149011612,0.81499997526407242)));
#8624=IFCARBITRARYCLOSEDPROFILEDEF(.AREA.,$,#8622);
#8625=IFCCARTESIANPOINT((0.02500000037252903,0.10250000178813934,0.02500000037252903));
#8626=IFCDIRECTION((0.,-1.,0.));
#8627=IFCDIRECTION((1.,0.,0.));
#8628=IFCAXIS2PLACEMENT3D(#8625,#8626,#8627);
#8629=IFCDIRECTION((0.,0.,-1.));
#8630=IFCEXTRUDEDAREASOLID(#8624,#8628,#8629,0.01);
#8632=IFCSHAPEREPRESENTATION(#11,'Body','SweptSolid',(#8599,#8610));
#8633=IFCSHAPEASPECT((#8632),'Lining',$,.T.,#8466);
#8634=IFCSHAPEREPRESENTATION(#11,'Body','SweptSolid',(#8621));
#8635=IFCSHAPEASPECT((#8634),'Framing',$,.T.,#8466);
#8636=IFCSHAPEREPRESENTATION(#11,'Body','SweptSolid',(#8630));
#8637=IFCSHAPEASPECT((#8636),'Glazing',$,.T.,#8466);
#8710=IFCCARTESIANPOINTLIST3D(((0.,0.,0.),(0.83529305458068848,0.,0.),(0.83529305458068848,0.,0.89999997615814209),(0.,0.,0.89999997615814209)));
#8711=IFCINDEXEDPOLYCURVE(#8710,(IFCLINEINDEX((1,2,3,4,1))),$);
#8712=IFCSHAPEREPRESENTATION(#18,'Profile','Curve3D',(#8711));
#8713=IFCCARTESIANPOINTLIST2D(((0.,0.),(0.83529305458068848,0.),(0.83529305458068848,0.89999997615814209),(0.,0.89999997615814209)));
#8714=IFCINDEXEDPOLYCURVE(#8713,(IFCLINEINDEX((1,2,3,4,1))),$);
#8715=IFCCARTESIANPOINTLIST2D(((0.02500000037252903,0.02500000037252903),(0.81029305420815945,0.02500000037252903),(0.81029305420815945,0.87499997578561306),(0.02500000037252903,0.87499997578561306)));
#8716=IFCINDEXEDPOLYCURVE(#8715,(IFCLINEINDEX((1,2,3,4,1))),$);
#8717=IFCARBITRARYPROFILEDEFWITHVOIDS(.AREA.,$,#8714,(#8716));
#8718=IFCCARTESIANPOINT((0.,0.090000001713633537,0.));
#8719=IFCDIRECTION((0.,-1.,0.));
#8720=IFCDIRECTION((1.,0.,0.));
#8721=IFCAXIS2PLACEMENT3D(#8718,#8719,#8720);
#8722=IFCDIRECTION((0.,0.,-1.));
#8723=IFCEXTRUDEDAREASOLID(#8717,#8721,#8722,0.0099999997764825821);
#8724=IFCCARTESIANPOINTLIST2D(((0.,0.),(0.83529305458068848,0.),(0.83529305458068848,0.89999997615814209),(0.,0.89999997615814209)));
#8725=IFCINDEXEDPOLYCURVE(#8724,(IFCLINEINDEX((1,2,3,4,1))),$);
#8726=IFCCARTESIANPOINTLIST2D(((0.05000000074505806,0.05000000074505806),(0.78529305383563042,0.05000000074505806),(0.78529305383563042,0.84999997541308403),(0.05000000074505806,0.84999997541308403)));
#8727=IFCINDEXEDPOLYCURVE(#8726,(IFCLINEINDEX((1,2,3,4,1))),$);
#8728=IFCARBITRARYPROFILEDEFWITHVOIDS(.AREA.,$,#8725,(#8727));
#8729=IFCCARTESIANPOINT((0.,0.05000000074505806,0.));
#8730=IFCDIRECTION((0.,-1.,0.));
#8731=IFCDIRECTION((1.,0.,0.));
#8732=IFCAXIS2PLACEMENT3D(#8729,#8730,#8731);
#8733=IFCDIRECTION((0.,0.,-1.));
#8734=IFCEXTRUDEDAREASOLID(#8728,#8732,#8733,0.040000000968575478);
#8735=IFCCARTESIANPOINTLIST2D(((0.,0.),(0.78529305383563042,0.),(0.78529305383563042,0.84999997541308403),(0.,0.84999997541308403)));
#8736=IFCINDEXEDPOLYCURVE(#8735,(IFCLINEINDEX((1,2,3,4,1))),$);
#8737=IFCCARTESIANPOINTLIST2D(((0.035000000149011612,0.035000000149011612),(0.7502930536866188,0.035000000149011612),(0.7502930536866188,0.81499997526407242),(0.035000000149011612,0.81499997526407242)));
#8738=IFCINDEXEDPOLYCURVE(#8737,(IFCLINEINDEX((1,2,3,4,1))),$);
#8739=IFCARBITRARYPROFILEDEFWITHVOIDS(.AREA.,$,#8736,(#8738));
#8740=IFCCARTESIANPOINT((0.02500000037252903,0.090000001713633537,0.02500000037252903));
#8741=IFCDIRECTION((0.,-1.,0.));
#8742=IFCDIRECTION((1.,0.,0.));
#8743=IFCAXIS2PLACEMENT3D(#8740,#8741,#8742);
#8744=IFCDIRECTION((0.,0.,-1.));
#8745=IFCEXTRUDEDAREASOLID(#8739,#8743,#8744,0.035000000149011612);
#8746=IFCINDEXEDPOLYCURVE(#8747,(IFCLINEINDEX((1,2,3,4,1))),$);
#8747=IFCCARTESIANPOINTLIST2D(((0.035000000149011612,0.035000000149011612),(0.7502930536866188,0.035000000149011612),(0.7502930536866188,0.81499997526407242),(0.035000000149011612,0.81499997526407242)));
#8748=IFCARBITRARYCLOSEDPROFILEDEF(.AREA.,$,#8746);
#8749=IFCCARTESIANPOINT((0.02500000037252903,0.10250000178813934,0.02500000037252903));
#8750=IFCDIRECTION((0.,-1.,0.));
#8751=IFCDIRECTION((1.,0.,0.));
#8752=IFCAXIS2PLACEMENT3D(#8749,#8750,#8751);
#8753=IFCDIRECTION((0.,0.,-1.));
#8754=IFCEXTRUDEDAREASOLID(#8748,#8752,#8753,0.01);
#8755=IFCSHAPEREPRESENTATION(#11,'Body','SweptSolid',(#8723,#8734,#8745,#8754));
#8756=IFCSHAPEREPRESENTATION(#11,'Body','SweptSolid',(#8723,#8734));
#8757=IFCSHAPEASPECT((#8756),'Lining',$,.T.,#8530);
#8758=IFCSHAPEREPRESENTATION(#11,'Body','SweptSolid',(#8745));
#8759=IFCSHAPEASPECT((#8758),'Framing',$,.T.,#8530);
#8760=IFCSHAPEREPRESENTATION(#11,'Body','SweptSolid',(#8754));
#8761=IFCSHAPEASPECT((#8760),'Glazing',$,.T.,#8530);
#8762=IFCCARTESIANPOINTLIST2D(((0.05000000074505806,0.05000000074505806),(0.78529305383563042,0.05000000074505806)));
#8763=IFCINDEXEDPOLYCURVE(#8762,$,$);
#8764=IFCCARTESIANPOINTLIST2D(((0.,0.10000000149011612),(0.02500000037252903,0.10000000149011612),(0.02500000037252903,0.090000001713633537),(0.05000000074505806,0.090000001713633537),(0.05000000074505806,0.05000000074505806),(0.,0.05000000074505806)));
#8765=IFCINDEXEDPOLYCURVE(#8764,(IFCLINEINDEX((1,2,3,4,5,6,1))),$);
#8766=IFCCARTESIANPOINTLIST2D(((0.83529305458068848,0.10000000149011612),(0.81029305420815945,0.10000000149011612),(0.81029305420815945,0.090000001713633537),(0.78529305383563042,0.090000001713633537),(0.78529305383563042,0.05000000074505806),(0.83529305458068848,0.05000000074505806)));
#8767=IFCINDEXEDPOLYCURVE(#8766,(IFCLINEINDEX((1,2,3,4,5,6,1))),$);
#8768=IFCCARTESIANPOINTLIST2D(((0.02500000037252903,0.090000001713633537),(0.060000000521540642,0.090000001713633537),(0.060000000521540642,0.12500000186264515),(0.02500000037252903,0.12500000186264515)));
#8769=IFCINDEXEDPOLYCURVE(#8768,(IFCLINEINDEX((1,2,3,4,1))),$);
#8770=IFCINDEXEDPOLYCURVE(#8771,(IFCLINEINDEX((1,2,3,4,1))),$);
#8771=IFCCARTESIANPOINTLIST2D(((0.81029305420815945,0.090000001713633537),(0.77529305405914783,0.090000001713633537),(0.77529305405914783,0.12500000186264515),(0.81029305420815945,0.12500000186264515)));
#8772=IFCCARTESIANPOINTLIST2D(((0.060000000521540642,0.090000001713633537),(0.77529305405914783,0.090000001713633537)));
#8773=IFCINDEXEDPOLYCURVE(#8772,$,$);
#8774=IFCINDEXEDPOLYCURVE(#8775,$,$);
#8775=IFCCARTESIANPOINTLIST2D(((0.060000000521540642,0.12500000186264515),(0.77529305405914783,0.12500000186264515)));
#8776=IFCINDEXEDPOLYCURVE(#8777,$,$);
#8777=IFCCARTESIANPOINTLIST2D(((0.060000000521540642,0.10750000178813934),(0.77529305405914783,0.10750000178813934)));
#8778=IFCSHAPEREPRESENTATION(#24,'Body','Curve2D',(#8763,#8765,#8767,#8769,#8770,#8773,#8774,#8776));
#8779=IFCCARTESIANPOINTLIST2D(((0.,0.),(0.83529305458068848,0.),(0.83529305458068848,0.89999997615814209),(0.,0.89999997615814209)));
#8780=IFCINDEXEDPOLYCURVE(#8779,(IFCLINEINDEX((1,2,3,4,1))),$);
#8781=IFCARBITRARYCLOSEDPROFILEDEF(.AREA.,$,#8780);
#8782=IFCCARTESIANPOINT((0.,-0.60000002384185791,0.));
#8783=IFCDIRECTION((0.,-1.,0.));
#8784=IFCDIRECTION((1.,0.,0.));
#8785=IFCAXIS2PLACEMENT3D(#8782,#8783,#8784);
#8786=IFCDIRECTION((0.,0.,-1.));
#8787=IFCEXTRUDEDAREASOLID(#8781,#8785,#8786,1.2);
#8788=IFCSHAPEREPRESENTATION(#11,'Body','SweptSolid',(#8787));
#8794=IFCCARTESIANPOINT((6.1087409774370709,9.6931441850856004E-07,1.));
#8795=IFCDIRECTION((0.,0.,1.));
#8796=IFCDIRECTION((0.99999999999999289,1.1920928244535129E-07,0.));
#8797=IFCAXIS2PLACEMENT3D(#8794,#8795,#8796);
#8798=IFCLOCALPLACEMENT(#16779,#8797);
#8799=IFCCARTESIANPOINT((-8.8817841970012523E-16,0.,0.));
#8800=IFCDIRECTION((0.,0.,1.));
#8801=IFCDIRECTION((1.,0.,0.));
#8802=IFCAXIS2PLACEMENT3D(#8799,#8800,#8801);
#8803=IFCLOCALPLACEMENT(#8798,#8802);
#8809=IFCCARTESIANPOINT((3.557331494481109,6.8510332162929899E-07,1.));
#8810=IFCDIRECTION((0.,0.,1.));
#8811=IFCDIRECTION((0.99999999999999289,1.1920928244535129E-07,0.));
#8812=IFCAXIS2PLACEMENT3D(#8809,#8810,#8811);
#8813=IFCLOCALPLACEMENT(#16779,#8812);
#8814=IFCCARTESIANPOINT((4.4408920985006262E-16,0.,0.));
#8815=IFCDIRECTION((0.,0.,1.));
#8816=IFCDIRECTION((1.,0.,0.));
#8817=IFCAXIS2PLACEMENT3D(#8814,#8815,#8816);
#8818=IFCLOCALPLACEMENT(#8813,#8817);
#8819=IFCDOORTYPE('2cSLcWSS17EuRtEDpanZsL',$,'Bedroom-2-2F',$,$,(#8820),(#8822,#8830,#8908),$,$,.DOOR.,.SINGLE_SWING_LEFT.,$,$);
#8820=IFCPROPERTYSET('2yI3X4LLvDxwyOmJwxRj3G',$,'BBIM_Door',$,(#8821));
#8821=IFCPROPERTYSINGLEVALUE('Data',$,IFCTEXT('{"door_type": "SINGLE_SWING_LEFT", "overall_height": 2.0, "overall_width": 0.8999999761581421, "lining_properties": {"lining_depth": 0.05000000074505806, "lining_thickness": 0.05000000074505806, "lining_offset": 0.0, "lining_to_panel_offset_x": 0.02500000037252903, "lining_to_panel_offset_y": 0.02500000037252903, "transom_thickness": 0.0, "casing_thickness": 0.07500000298023224, "casing_depth": 0.004999999888241291, "threshold_thickness": 0.02500000037252903, "threshold_depth": 0.10000000149011612, "threshold_offset": 0.0}, "panel_properties": {"panel_depth": 0.03500000014901161, "panel_width_ratio": 1.0}}'),$);
#8822=IFCREPRESENTATIONMAP(#8823,#8827);
#8823=IFCAXIS2PLACEMENT3D(#8824,#8825,#8826);
#8824=IFCCARTESIANPOINT((0.,0.,0.));
#8825=IFCDIRECTION((0.,0.,1.));
#8826=IFCDIRECTION((1.,0.,0.));
#8827=IFCSHAPEREPRESENTATION(#18,'Profile','Curve3D',(#8828));
#8828=IFCINDEXEDPOLYCURVE(#8829,(IFCLINEINDEX((1,2,3,4,1))),$);
#8829=IFCCARTESIANPOINTLIST3D(((0.,0.,0.),(0.89999997615814209,0.,0.),(0.89999997615814209,0.,2.),(0.,0.,2.)));
#8830=IFCREPRESENTATIONMAP(#8831,#8835);
#8831=IFCAXIS2PLACEMENT3D(#8832,#8833,#8834);
#8832=IFCCARTESIANPOINT((0.,0.,0.));
#8833=IFCDIRECTION((0.,0.,1.));
#8834=IFCDIRECTION((1.,0.,0.));
#8835=IFCSHAPEREPRESENTATION(#11,'Body','SweptSolid',(#8836,#8845,#8854,#8863,#8872,#8881,#8890,#8899));
#8836=IFCEXTRUDEDAREASOLID(#8837,#8840,#8844,0.02500000037252903);
#8837=IFCARBITRARYCLOSEDPROFILEDEF(.AREA.,$,#8838);
#8838=IFCINDEXEDPOLYCURVE(#8839,(IFCLINEINDEX((1,2,3,4,5,6,7,8,1))),$);
#8839=IFCCARTESIANPOINTLIST2D(((0.,0.),(0.,2.),(0.89999997615814209,2.),(0.89999997615814209,0.),(0.87499997578561306,0.),(0.87499997578561306,1.974999999627471),(0.02500000037252903,1.974999999627471),(0.02500000037252903,0.)));
#8840=IFCAXIS2PLACEMENT3D(#8841,#8842,#8843);
#8841=IFCCARTESIANPOINT((0.,0.02500000037252903,0.));
#8842=IFCDIRECTION((0.,-1.,0.));
#8843=IFCDIRECTION((1.,0.,0.));
#8844=IFCDIRECTION((0.,0.,-1.));
#8845=IFCEXTRUDEDAREASOLID(#8846,#8849,#8853,0.02500000037252903);
#8846=IFCARBITRARYCLOSEDPROFILEDEF(.AREA.,$,#8847);
#8847=IFCINDEXEDPOLYCURVE(#8848,(IFCLINEINDEX((1,2,3,4,5,6,7,8,1))),$);
#8848=IFCCARTESIANPOINTLIST2D(((0.,0.),(0.,2.),(0.89999997615814209,2.),(0.89999997615814209,0.),(0.84999997541308403,0.),(0.84999997541308403,1.9499999992549419),(0.05000000074505806,1.9499999992549419),(0.05000000074505806,0.)));
#8849=IFCAXIS2PLACEMENT3D(#8850,#8851,#8852);
#8850=IFCCARTESIANPOINT((0.,0.,0.));
#8851=IFCDIRECTION((0.,-1.,0.));
#8852=IFCDIRECTION((1.,0.,0.));
#8853=IFCDIRECTION((0.,0.,-1.));
#8854=IFCEXTRUDEDAREASOLID(#8855,#8858,#8862,1.9499999992549419);
#8855=IFCARBITRARYCLOSEDPROFILEDEF(.AREA.,$,#8856);
#8856=IFCINDEXEDPOLYCURVE(#8857,(IFCLINEINDEX((1,2,3,4,1))),$);
#8857=IFCCARTESIANPOINTLIST2D(((0.,0.),(0.84999997541308403,0.),(0.84999997541308403,0.035000000149011612),(0.,0.035000000149011612)));
#8858=IFCAXIS2PLACEMENT3D(#8859,#8860,#8861);
#8859=IFCCARTESIANPOINT((0.02500000037252903,0.02500000037252903,0.02500000037252903));
#8860=IFCDIRECTION((0.,0.,1.));
#8861=IFCDIRECTION((1.,0.,0.));
#8862=IFCDIRECTION((0.,0.,1.));
#8863=IFCEXTRUDEDAREASOLID(#8864,#8867,#8871,0.02);
#8864=IFCARBITRARYCLOSEDPROFILEDEF(.AREA.,$,#8865);
#8865=IFCINDEXEDPOLYCURVE(#8866,(IFCLINEINDEX((1,2,3,4,5,6,1))),$);
#8866=IFCCARTESIANPOINTLIST2D(((0.,0.),(0.,-0.040000000000000001),(-0.11999999999999988,-0.040000000000000001),(-0.11999999999999988,-0.02),(-0.020000000000000018,-0.02),(-0.020000000000000018,0.)));
#8867=IFCAXIS2PLACEMENT3D(#8868,#8869,#8870);
#8868=IFCCARTESIANPOINT((0.82499997578561302,0.02500000037252903,1.015000000372529));
#8869=IFCDIRECTION((0.,0.,1.));
#8870=IFCDIRECTION((1.,0.,0.));
#8871=IFCDIRECTION((0.,0.,1.));
#8872=IFCEXTRUDEDAREASOLID(#8873,#8876,#8880,0.02);
#8873=IFCARBITRARYCLOSEDPROFILEDEF(.AREA.,$,#8874);
#8874=IFCINDEXEDPOLYCURVE(#8875,(IFCLINEINDEX((1,2,3,4,5,6,1))),$);
#8875=IFCCARTESIANPOINTLIST2D(((0.,0.),(0.,0.040000000000000008),(-0.11999999999999988,0.040000000000000008),(-0.11999999999999988,0.020000000000000004),(-0.020000000000000018,0.020000000000000004),(-0.020000000000000018,0.)));
#8876=IFCAXIS2PLACEMENT3D(#8877,#8878,#8879);
#8877=IFCCARTESIANPOINT((0.82499997578561302,0.060000000521540642,1.015000000372529));
#8878=IFCDIRECTION((0.,0.,1.));
#8879=IFCDIRECTION((1.,0.,0.));
#8880=IFCDIRECTION((0.,0.,1.));
#8881=IFCEXTRUDEDAREASOLID(#8882,#8885,#8889,0.02500000037252903);
#8882=IFCARBITRARYCLOSEDPROFILEDEF(.AREA.,$,#8883);
#8883=IFCINDEXEDPOLYCURVE(#8884,(IFCLINEINDEX((1,2,3,4,1))),$);
#8884=IFCCARTESIANPOINTLIST2D(((0.,0.),(0.79999997466802597,0.),(0.79999997466802597,0.10000000149011612),(0.,0.10000000149011612)));
#8885=IFCAXIS2PLACEMENT3D(#8886,#8887,#8888);
#8886=IFCCARTESIANPOINT((0.05000000074505806,0.,0.));
#8887=IFCDIRECTION((0.,0.,1.));
#8888=IFCDIRECTION((1.,0.,0.));
#8889=IFCDIRECTION((0.,0.,1.));
#8890=IFCEXTRUDEDAREASOLID(#8891,#8894,#8898,0.004999999888241291);
#8891=IFCARBITRARYCLOSEDPROFILEDEF(.AREA.,$,#8892);
#8892=IFCINDEXEDPOLYCURVE(#8893,(IFCLINEINDEX((1,2,3,4,5,6,7,8,1))),$);
#8893=IFCCARTESIANPOINTLIST2D(((0.,0.),(0.,2.0250000022351742),(0.94999998062849045,2.0250000022351742),(0.94999998062849045,0.),(0.87499997764825821,0.),(0.87499997764825821,1.9499999992549419),(0.075000002980232239,1.9499999992549419),(0.075000002980232239,0.)));
#8894=IFCAXIS2PLACEMENT3D(#8895,#8896,#8897);
#8895=IFCCARTESIANPOINT((-0.025000002235174179,-0.004999999888241291,0.));
#8896=IFCDIRECTION((0.,-1.,0.));
#8897=IFCDIRECTION((1.,0.,0.));
#8898=IFCDIRECTION((0.,0.,-1.));
#8899=IFCEXTRUDEDAREASOLID(#8900,#8903,#8907,0.004999999888241291);
#8900=IFCARBITRARYCLOSEDPROFILEDEF(.AREA.,$,#8901);
#8901=IFCINDEXEDPOLYCURVE(#8902,(IFCLINEINDEX((1,2,3,4,5,6,7,8,1))),$);
#8902=IFCCARTESIANPOINTLIST2D(((0.,0.),(0.,2.0250000022351742),(0.94999998062849045,2.0250000022351742),(0.94999998062849045,0.),(0.89999997802078724,0.),(0.89999997802078724,1.974999999627471),(0.050000002607703209,1.974999999627471),(0.050000002607703209,0.)));
#8903=IFCAXIS2PLACEMENT3D(#8904,#8905,#8906);
#8904=IFCCARTESIANPOINT((-0.025000002235174179,0.05000000074505806,0.));
#8905=IFCDIRECTION((0.,-1.,0.));
#8906=IFCDIRECTION((1.,0.,0.));
#8907=IFCDIRECTION((0.,0.,-1.));
#8908=IFCREPRESENTATIONMAP(#8909,#8913);
#8909=IFCAXIS2PLACEMENT3D(#8910,#8911,#8912);
#8910=IFCCARTESIANPOINT((0.,0.,0.));
#8911=IFCDIRECTION((0.,0.,1.));
#8912=IFCDIRECTION((1.,0.,0.));
#8913=IFCSHAPEREPRESENTATION(#24,'Body','Curve2D',(#8914,#8916,#8918,#8925));
#8914=IFCINDEXEDPOLYCURVE(#8915,(IFCLINEINDEX((1,2,3,4,5,6,1))),$);
#8915=IFCCARTESIANPOINTLIST2D(((0.,0.),(0.,0.05000000074505806),(0.02500000037252903,0.05000000074505806),(0.02500000037252903,0.02500000037252903),(0.05000000074505806,0.02500000037252903),(0.05000000074505806,0.)));
#8916=IFCINDEXEDPOLYCURVE(#8917,(IFCLINEINDEX((1,2,3,4,5,6,1))),$);
#8917=IFCCARTESIANPOINTLIST2D(((0.89999997615814209,0.),(0.89999997615814209,0.05000000074505806),(0.87499997578561306,0.05000000074505806),(0.87499997578561306,0.02500000037252903),(0.84999997541308403,0.02500000037252903),(0.84999997541308403,0.)));
#8918=IFCTRIMMEDCURVE(#8919,(#8923),(#8924),.T.,.CARTESIAN.);
#8919=IFCELLIPSE(#8920,0.81499997526407242,0.84999997541308403);
#8920=IFCAXIS2PLACEMENT2D(#8921,#8922);
#8921=IFCCARTESIANPOINT((0.060000000521540642,0.05000000074505806));
#8922=IFCDIRECTION((1.,0.));
#8923=IFCCARTESIANPOINT((0.87499997578561306,0.05000000074505806));
#8924=IFCCARTESIANPOINT((0.060000000521540642,0.89999997615814209));
#8925=IFCINDEXEDPOLYCURVE(#8926,(IFCLINEINDEX((1,2,3,4,1))),$);
#8926=IFCCARTESIANPOINTLIST2D(((0.02500000037252903,0.05000000074505806),(0.060000000521540642,0.05000000074505806),(0.060000000521540642,0.89999997615814209),(0.02500000037252903,0.89999997615814209)));
#8927=IFCDOOR('3GPAPJKTHEve$CQcMFVKGR',$,'Door',$,$,#11055,#8936,$,2.,0.89999997615814209,$,$,$);
#8928=IFCRELDEFINESBYTYPE('2drDV1OvfDeOJlg1Z1i6Yd',$,$,$,(#8927),#8819);
#8929=IFCCARTESIANPOINT((0.,0.,0.));
#8930=IFCDIRECTION((1.,0.,0.));
#8931=IFCDIRECTION((0.,1.,0.));
#8932=IFCDIRECTION((0.,0.,1.));
#8933=IFCCARTESIANTRANSFORMATIONOPERATOR3D(#8930,#8931,#8929,1.,#8932);
#8934=IFCMAPPEDITEM(#8822,#8933);
#8935=IFCSHAPEREPRESENTATION(#18,'Profile','MappedRepresentation',(#8934));
#8936=IFCPRODUCTDEFINITIONSHAPE($,$,(#8935,#8943,#8950));
#8937=IFCCARTESIANPOINT((0.,0.,0.));
#8938=IFCDIRECTION((1.,0.,0.));
#8939=IFCDIRECTION((0.,1.,0.));
#8940=IFCDIRECTION((0.,0.,1.));
#8941=IFCCARTESIANTRANSFORMATIONOPERATOR3D(#8938,#8939,#8937,1.,#8940);
#8942=IFCMAPPEDITEM(#8830,#8941);
#8943=IFCSHAPEREPRESENTATION(#11,'Body','MappedRepresentation',(#8942));
#8944=IFCCARTESIANPOINT((0.,0.,0.));
#8945=IFCDIRECTION((1.,0.,0.));
#8946=IFCDIRECTION((0.,1.,0.));
#8947=IFCDIRECTION((0.,0.,1.));
#8948=IFCCARTESIANTRANSFORMATIONOPERATOR3D(#8945,#8946,#8944,1.,#8947);
#8949=IFCMAPPEDITEM(#8908,#8948);
#8950=IFCSHAPEREPRESENTATION(#24,'Body','MappedRepresentation',(#8949));
#8951=IFCOPENINGELEMENT('1bUqADALX0pfaTYSNQ5y$K',$,'Opening',$,$,#8985,#8979,$,.OPENING.);
#8957=IFCCARTESIANPOINTLIST2D(((0.,0.),(0.89999997615814209,0.),(0.89999997615814209,2.),(0.,2.)));
#8958=IFCINDEXEDPOLYCURVE(#8957,(IFCLINEINDEX((1,2,3,4,1))),$);
#8959=IFCARBITRARYCLOSEDPROFILEDEF(.AREA.,$,#8958);
#8960=IFCCARTESIANPOINT((0.,-0.60000002384185791,0.));
#8961=IFCDIRECTION((0.,-1.,0.));
#8962=IFCDIRECTION((1.,0.,0.));
#8963=IFCAXIS2PLACEMENT3D(#8960,#8961,#8962);
#8964=IFCDIRECTION((0.,0.,-1.));
#8965=IFCEXTRUDEDAREASOLID(#8959,#8963,#8964,1.2);
#8966=IFCSHAPEREPRESENTATION(#11,'Body','SweptSolid',(#8965));
#8967=IFCCARTESIANPOINT((0.,0.,0.));
#8968=IFCDIRECTION((1.,0.,0.));
#8969=IFCDIRECTION((0.,0.,1.));
#8970=IFCAXIS2PLACEMENT3D(#8967,#8969,#8968);
#8971=IFCREPRESENTATIONMAP(#8970,#8966);
#8972=IFCCARTESIANPOINT((0.,0.,0.));
#8973=IFCDIRECTION((1.,0.,0.));
#8974=IFCDIRECTION((0.,1.,0.));
#8975=IFCDIRECTION((0.,0.,1.));
#8976=IFCCARTESIANTRANSFORMATIONOPERATOR3D(#8973,#8974,#8972,1.,#8975);
#8977=IFCMAPPEDITEM(#8971,#8976);
#8978=IFCSHAPEREPRESENTATION(#11,'Body','MappedRepresentation',(#8977));
#8979=IFCPRODUCTDEFINITIONSHAPE($,$,(#8978));
#8980=IFCRELVOIDSELEMENT('1Sh8MTJPz6gvK4wOrBanpH',$,$,$,#6274,#8951);
#8981=IFCCARTESIANPOINT((1.1228439821161031,0.099999942487476012,0.));
#8982=IFCDIRECTION((0.,0.,1.));
#8983=IFCDIRECTION((-0.99999999999998856,1.5099040344542999E-07,0.));
#8984=IFCAXIS2PLACEMENT3D(#8981,#8982,#8983);
#8985=IFCLOCALPLACEMENT(#16764,#8984);
#8986=IFCRELFILLSELEMENT('3LZNbNyIT519ITXPmHCLrh',$,$,$,#8951,#8927);
#8992=IFCDOORTYPE('0wNZiE3OnEpxRVm0_c0B3g',$,'Bedroom-2-2F-2',$,$,(#8993),(#8995,#9003,#9081),$,$,.DOOR.,.SINGLE_SWING_LEFT.,$,$);
#8993=IFCPROPERTYSET('2mVYsBaeTEuQ2As77kOdN0',$,'BBIM_Door',$,(#8994));
#8994=IFCPROPERTYSINGLEVALUE('Data',$,IFCTEXT('{"door_type": "SINGLE_SWING_LEFT", "overall_height": 2.0, "overall_width": 0.8746823072433472, "lining_properties": {"lining_depth": 0.05000000074505806, "lining_thickness": 0.05000000074505806, "lining_offset": 0.0, "lining_to_panel_offset_x": 0.02500000037252903, "lining_to_panel_offset_y": 0.02500000037252903, "transom_thickness": 0.0, "casing_thickness": 0.07500000298023224, "casing_depth": 0.004999999888241291, "threshold_thickness": 0.02500000037252903, "threshold_depth": 0.10000000149011612, "threshold_offset": 0.0}, "panel_properties": {"panel_depth": 0.03500000014901161, "panel_width_ratio": 1.0}}'),$);
#8995=IFCREPRESENTATIONMAP(#8996,#9182);
#8996=IFCAXIS2PLACEMENT3D(#8997,#8998,#8999);
#8997=IFCCARTESIANPOINT((0.,0.,0.));
#8998=IFCDIRECTION((0.,0.,1.));
#8999=IFCDIRECTION((1.,0.,0.));
#9003=IFCREPRESENTATIONMAP(#9004,#9255);
#9004=IFCAXIS2PLACEMENT3D(#9005,#9006,#9007);
#9005=IFCCARTESIANPOINT((0.,0.,0.));
#9006=IFCDIRECTION((0.,0.,1.));
#9007=IFCDIRECTION((1.,0.,0.));
#9081=IFCREPRESENTATIONMAP(#9082,#9273);
#9082=IFCAXIS2PLACEMENT3D(#9083,#9084,#9085);
#9083=IFCCARTESIANPOINT((0.,0.,0.));
#9084=IFCDIRECTION((0.,0.,1.));
#9085=IFCDIRECTION((1.,0.,0.));
#9100=IFCDOOR('3t0ZJ_YjT35faKsRrAAJhJ',$,'Door',$,$,#11085,#9109,$,2.,0.87468230724334717,$,.SINGLE_SWING_LEFT.,$);
#9101=IFCRELDEFINESBYTYPE('1T2lkwpfX9p8KIgV1wgPeH',$,$,$,(#9100),#8992);
#9102=IFCCARTESIANPOINT((0.,0.,0.));
#9103=IFCDIRECTION((1.,0.,0.));
#9104=IFCDIRECTION((0.,1.,0.));
#9105=IFCDIRECTION((0.,0.,1.));
#9106=IFCCARTESIANTRANSFORMATIONOPERATOR3D(#9103,#9104,#9102,1.,#9105);
#9107=IFCMAPPEDITEM(#8995,#9106);
#9108=IFCSHAPEREPRESENTATION(#18,'Profile','MappedRepresentation',(#9107));
#9109=IFCPRODUCTDEFINITIONSHAPE($,$,(#9108,#9116,#9123));
#9110=IFCCARTESIANPOINT((0.,0.,0.));
#9111=IFCDIRECTION((1.,0.,0.));
#9112=IFCDIRECTION((0.,1.,0.));
#9113=IFCDIRECTION((0.,0.,1.));
#9114=IFCCARTESIANTRANSFORMATIONOPERATOR3D(#9111,#9112,#9110,1.,#9113);
#9115=IFCMAPPEDITEM(#9003,#9114);
#9116=IFCSHAPEREPRESENTATION(#11,'Body','MappedRepresentation',(#9115));
#9117=IFCCARTESIANPOINT((0.,0.,0.));
#9118=IFCDIRECTION((1.,0.,0.));
#9119=IFCDIRECTION((0.,1.,0.));
#9120=IFCDIRECTION((0.,0.,1.));
#9121=IFCCARTESIANTRANSFORMATIONOPERATOR3D(#9118,#9119,#9117,1.,#9120);
#9122=IFCMAPPEDITEM(#9081,#9121);
#9123=IFCSHAPEREPRESENTATION(#24,'Body','MappedRepresentation',(#9122));
#9124=IFCOPENINGELEMENT('17Qx9_Gzz8EgQ5aox4UHGC',$,'Opening',$,$,#11080,#9152,$,.OPENING.);
#9140=IFCCARTESIANPOINT((0.,0.,0.));
#9141=IFCDIRECTION((1.,0.,0.));
#9142=IFCDIRECTION((0.,0.,1.));
#9143=IFCAXIS2PLACEMENT3D(#9140,#9142,#9141);
#9144=IFCREPRESENTATIONMAP(#9143,#9283);
#9145=IFCCARTESIANPOINT((0.,0.,0.));
#9146=IFCDIRECTION((1.,0.,0.));
#9147=IFCDIRECTION((0.,1.,0.));
#9148=IFCDIRECTION((0.,0.,1.));
#9149=IFCCARTESIANTRANSFORMATIONOPERATOR3D(#9146,#9147,#9145,1.,#9148);
#9150=IFCMAPPEDITEM(#9144,#9149);
#9151=IFCSHAPEREPRESENTATION(#11,'Body','MappedRepresentation',(#9150));
#9152=IFCPRODUCTDEFINITIONSHAPE($,$,(#9151));
#9153=IFCRELVOIDSELEMENT('0XtWmvoW55PeYMTntzyM5M',$,$,$,#6901,#9124);
#9159=IFCRELFILLSELEMENT('2xKagEVnP0l8FHLrF3zTNz',$,$,$,#9124,#9100);
#9180=IFCCARTESIANPOINTLIST3D(((0.,0.,0.),(0.87468230724334717,0.,0.),(0.87468230724334717,0.,2.),(0.,0.,2.)));
#9181=IFCINDEXEDPOLYCURVE(#9180,(IFCLINEINDEX((1,2,3,4,1))),$);
#9182=IFCSHAPEREPRESENTATION(#18,'Profile','Curve3D',(#9181));
#9183=IFCCARTESIANPOINTLIST2D(((0.,0.),(0.,2.),(0.87468230724334717,2.),(0.87468230724334717,0.),(0.84968230687081814,0.),(0.84968230687081814,1.974999999627471),(0.02500000037252903,1.974999999627471),(0.02500000037252903,0.)));
#9184=IFCINDEXEDPOLYCURVE(#9183,(IFCLINEINDEX((1,2,3,4,5,6,7,8,1))),$);
#9185=IFCARBITRARYCLOSEDPROFILEDEF(.AREA.,$,#9184);
#9186=IFCCARTESIANPOINT((0.,0.02500000037252903,0.));
#9187=IFCDIRECTION((0.,-1.,0.));
#9188=IFCDIRECTION((1.,0.,0.));
#9189=IFCAXIS2PLACEMENT3D(#9186,#9187,#9188);
#9190=IFCDIRECTION((0.,0.,-1.));
#9191=IFCEXTRUDEDAREASOLID(#9185,#9189,#9190,0.02500000037252903);
#9192=IFCCARTESIANPOINTLIST2D(((0.,0.),(0.,2.),(0.87468230724334717,2.),(0.87468230724334717,0.),(0.82468230649828911,0.),(0.82468230649828911,1.9499999992549419),(0.05000000074505806,1.9499999992549419),(0.05000000074505806,0.)));
#9193=IFCINDEXEDPOLYCURVE(#9192,(IFCLINEINDEX((1,2,3,4,5,6,7,8,1))),$);
#9194=IFCARBITRARYCLOSEDPROFILEDEF(.AREA.,$,#9193);
#9195=IFCCARTESIANPOINT((0.,0.,0.));
#9196=IFCDIRECTION((0.,-1.,0.));
#9197=IFCDIRECTION((1.,0.,0.));
#9198=IFCAXIS2PLACEMENT3D(#9195,#9196,#9197);
#9199=IFCDIRECTION((0.,0.,-1.));
#9200=IFCEXTRUDEDAREASOLID(#9194,#9198,#9199,0.02500000037252903);
#9201=IFCCARTESIANPOINTLIST2D(((0.,0.),(0.77468230575323105,0.),(0.77468230575323105,0.10000000149011612),(0.,0.10000000149011612)));
#9202=IFCINDEXEDPOLYCURVE(#9201,(IFCLINEINDEX((1,2,3,4,1))),$);
#9203=IFCARBITRARYCLOSEDPROFILEDEF(.AREA.,$,#9202);
#9204=IFCCARTESIANPOINT((0.05000000074505806,0.,0.));
#9205=IFCDIRECTION((0.,0.,1.));
#9206=IFCDIRECTION((1.,0.,0.));
#9207=IFCAXIS2PLACEMENT3D(#9204,#9205,#9206);
#9208=IFCDIRECTION((0.,0.,1.));
#9209=IFCEXTRUDEDAREASOLID(#9203,#9207,#9208,0.02500000037252903);
#9210=IFCCARTESIANPOINTLIST2D(((0.,0.),(0.,2.0250000022351742),(0.92468231171369553,2.0250000022351742),(0.92468231171369553,0.),(0.84968230873346329,0.),(0.84968230873346329,1.9499999992549419),(0.075000002980232239,1.9499999992549419),(0.075000002980232239,0.)));
#9211=IFCINDEXEDPOLYCURVE(#9210,(IFCLINEINDEX((1,2,3,4,5,6,7,8,1))),$);
#9212=IFCARBITRARYCLOSEDPROFILEDEF(.AREA.,$,#9211);
#9213=IFCCARTESIANPOINT((-0.025000002235174179,-0.004999999888241291,0.));
#9214=IFCDIRECTION((0.,-1.,0.));
#9215=IFCDIRECTION((1.,0.,0.));
#9216=IFCAXIS2PLACEMENT3D(#9213,#9214,#9215);
#9217=IFCDIRECTION((0.,0.,-1.));
#9218=IFCEXTRUDEDAREASOLID(#9212,#9216,#9217,0.004999999888241291);
#9219=IFCCARTESIANPOINTLIST2D(((0.,0.),(0.,2.0250000022351742),(0.92468231171369553,2.0250000022351742),(0.92468231171369553,0.),(0.87468230910599232,0.),(0.87468230910599232,1.974999999627471),(0.050000002607703209,1.974999999627471),(0.050000002607703209,0.)));
#9220=IFCINDEXEDPOLYCURVE(#9219,(IFCLINEINDEX((1,2,3,4,5,6,7,8,1))),$);
#9221=IFCARBITRARYCLOSEDPROFILEDEF(.AREA.,$,#9220);
#9222=IFCCARTESIANPOINT((-0.025000002235174179,0.05000000074505806,0.));
#9223=IFCDIRECTION((0.,-1.,0.));
#9224=IFCDIRECTION((1.,0.,0.));
#9225=IFCAXIS2PLACEMENT3D(#9222,#9223,#9224);
#9226=IFCDIRECTION((0.,0.,-1.));
#9227=IFCEXTRUDEDAREASOLID(#9221,#9225,#9226,0.004999999888241291);
#9228=IFCCARTESIANPOINTLIST2D(((0.,0.),(0.82468230649828911,0.),(0.82468230649828911,0.035000000149011612),(0.,0.035000000149011612)));
#9229=IFCINDEXEDPOLYCURVE(#9228,(IFCLINEINDEX((1,2,3,4,1))),$);
#9230=IFCARBITRARYCLOSEDPROFILEDEF(.AREA.,$,#9229);
#9231=IFCCARTESIANPOINT((0.02500000037252903,0.02500000037252903,0.02500000037252903));
#9232=IFCDIRECTION((0.,0.,1.));
#9233=IFCDIRECTION((1.,0.,0.));
#9234=IFCAXIS2PLACEMENT3D(#9231,#9232,#9233);
#9235=IFCDIRECTION((0.,0.,1.));
#9236=IFCEXTRUDEDAREASOLID(#9230,#9234,#9235,1.9499999992549419);
#9237=IFCCARTESIANPOINTLIST2D(((0.,0.),(0.,-0.040000000000000001),(-0.11999999999999988,-0.040000000000000001),(-0.11999999999999988,-0.02),(-0.020000000000000018,-0.02),(-0.020000000000000018,0.)));
#9238=IFCINDEXEDPOLYCURVE(#9237,(IFCLINEINDEX((1,2,3,4,5,6,1))),$);
#9239=IFCARBITRARYCLOSEDPROFILEDEF(.AREA.,$,#9238);
#9240=IFCCARTESIANPOINT((0.79968230687081809,0.02500000037252903,1.015000000372529));
#9241=IFCDIRECTION((0.,0.,1.));
#9242=IFCDIRECTION((1.,0.,0.));
#9243=IFCAXIS2PLACEMENT3D(#9240,#9241,#9242);
#9244=IFCDIRECTION((0.,0.,1.));
#9245=IFCEXTRUDEDAREASOLID(#9239,#9243,#9244,0.02);
#9246=IFCEXTRUDEDAREASOLID(#9247,#9250,#9254,0.02);
#9247=IFCARBITRARYCLOSEDPROFILEDEF(.AREA.,$,#9248);
#9248=IFCINDEXEDPOLYCURVE(#9249,(IFCLINEINDEX((1,2,3,4,5,6,1))),$);
#9249=IFCCARTESIANPOINTLIST2D(((0.,0.),(0.,0.040000000000000008),(-0.11999999999999988,0.040000000000000008),(-0.11999999999999988,0.020000000000000004),(-0.020000000000000018,0.020000000000000004),(-0.020000000000000018,0.)));
#9250=IFCAXIS2PLACEMENT3D(#9251,#9252,#9253);
#9251=IFCCARTESIANPOINT((0.79968230687081809,0.060000000521540642,1.015000000372529));
#9252=IFCDIRECTION((0.,0.,1.));
#9253=IFCDIRECTION((1.,0.,0.));
#9254=IFCDIRECTION((0.,0.,1.));
#9255=IFCSHAPEREPRESENTATION(#11,'Body','SweptSolid',(#9191,#9200,#9236,#9245,#9246,#9209,#9218,#9227));
#9256=IFCSHAPEREPRESENTATION(#11,'Body','SweptSolid',(#9191,#9200,#9209,#9218,#9227));
#9257=IFCSHAPEASPECT((#9256),'Lining',$,.T.,#9109);
#9258=IFCSHAPEREPRESENTATION(#11,'Body','SweptSolid',(#9236,#9245,#9246));
#9259=IFCSHAPEASPECT((#9258),'Framing',$,.T.,#9109);
#9260=IFCCARTESIANPOINTLIST2D(((0.,0.),(0.,0.05000000074505806),(0.02500000037252903,0.05000000074505806),(0.02500000037252903,0.02500000037252903),(0.05000000074505806,0.02500000037252903),(0.05000000074505806,0.)));
#9261=IFCINDEXEDPOLYCURVE(#9260,(IFCLINEINDEX((1,2,3,4,5,6,1))),$);
#9262=IFCINDEXEDPOLYCURVE(#9263,(IFCLINEINDEX((1,2,3,4,5,6,1))),$);
#9263=IFCCARTESIANPOINTLIST2D(((0.87468230724334717,0.),(0.87468230724334717,0.05000000074505806),(0.84968230687081814,0.05000000074505806),(0.84968230687081814,0.02500000037252903),(0.82468230649828911,0.02500000037252903),(0.82468230649828911,0.)));
#9264=IFCDIRECTION((1.,0.));
#9265=IFCCARTESIANPOINT((0.060000000521540642,0.05000000074505806));
#9266=IFCAXIS2PLACEMENT2D(#9265,#9264);
#9267=IFCELLIPSE(#9266,0.7896823063492775,0.82468230649828911);
#9268=IFCCARTESIANPOINT((0.84968230687081814,0.05000000074505806));
#9269=IFCCARTESIANPOINT((0.060000000521540642,0.87468230724334717));
#9270=IFCTRIMMEDCURVE(#9267,(#9268),(#9269),.T.,.CARTESIAN.);
#9271=IFCCARTESIANPOINTLIST2D(((0.02500000037252903,0.05000000074505806),(0.060000000521540642,0.05000000074505806),(0.060000000521540642,0.87468230724334717),(0.02500000037252903,0.87468230724334717)));
#9272=IFCINDEXEDPOLYCURVE(#9271,(IFCLINEINDEX((1,2,3,4,1))),$);
#9273=IFCSHAPEREPRESENTATION(#24,'Body','Curve2D',(#9261,#9262,#9270,#9272));
#9274=IFCCARTESIANPOINTLIST2D(((0.,0.),(0.87468230724334717,0.),(0.87468230724334717,2.),(0.,2.)));
#9275=IFCINDEXEDPOLYCURVE(#9274,(IFCLINEINDEX((1,2,3,4,1))),$);
#9276=IFCARBITRARYCLOSEDPROFILEDEF(.AREA.,$,#9275);
#9277=IFCCARTESIANPOINT((0.,-0.60000002384185791,0.));
#9278=IFCDIRECTION((0.,-1.,0.));
#9279=IFCDIRECTION((1.,0.,0.));
#9280=IFCAXIS2PLACEMENT3D(#9277,#9278,#9279);
#9281=IFCDIRECTION((0.,0.,-1.));
#9282=IFCEXTRUDEDAREASOLID(#9276,#9280,#9281,1.2);
#9283=IFCSHAPEREPRESENTATION(#11,'Body','SweptSolid',(#9282));
#9299=IFCDOORTYPE('08k9gVVQbER8GZpFAH3VZL',$,'Masters-2F',$,$,(#9300),(#9302,#9310,#9388),$,$,.DOOR.,.SINGLE_SWING_LEFT.,$,$);
#9300=IFCPROPERTYSET('1nDEKLI4X9AhxZiVItlkw9',$,'BBIM_Door',$,(#9301));
#9301=IFCPROPERTYSINGLEVALUE('Data',$,IFCTEXT('{"door_type": "SINGLE_SWING_RIGHT", "overall_height": 2.0, "overall_width": 0.8556434512138367, "lining_properties": {"lining_depth": 0.05000000074505806, "lining_thickness": 0.05000000074505806, "lining_offset": 0.0, "lining_to_panel_offset_x": 0.02500000037252903, "lining_to_panel_offset_y": 0.02500000037252903, "transom_thickness": 0.0, "casing_thickness": 0.07500000298023224, "casing_depth": 0.004999999888241291, "threshold_thickness": 0.02500000037252903, "threshold_depth": 0.10000000149011612, "threshold_offset": 0.0}, "panel_properties": {"panel_depth": 0.03500000014901161, "panel_width_ratio": 1.0}}'),$);
#9302=IFCREPRESENTATIONMAP(#9303,#9698);
#9303=IFCAXIS2PLACEMENT3D(#9304,#9305,#9306);
#9304=IFCCARTESIANPOINT((0.,0.,0.));
#9305=IFCDIRECTION((0.,0.,1.));
#9306=IFCDIRECTION((1.,0.,0.));
#9310=IFCREPRESENTATIONMAP(#9311,#9771);
#9311=IFCAXIS2PLACEMENT3D(#9312,#9313,#9314);
#9312=IFCCARTESIANPOINT((0.,0.,0.));
#9313=IFCDIRECTION((0.,0.,1.));
#9314=IFCDIRECTION((1.,0.,0.));
#9388=IFCREPRESENTATIONMAP(#9389,#9789);
#9389=IFCAXIS2PLACEMENT3D(#9390,#9391,#9392);
#9390=IFCCARTESIANPOINT((0.,0.,0.));
#9391=IFCDIRECTION((0.,0.,1.));
#9392=IFCDIRECTION((1.,0.,0.));
#9601=IFCDOOR('2IwRuoX6v7h8r4yi1AMDsi',$,'Door',$,$,#9814,#9610,$,2.,0.85564345121383667,$,.SINGLE_SWING_RIGHT.,$);
#9602=IFCRELDEFINESBYTYPE('1RNlMdlEPBbBeWm1Rj1SBs',$,$,$,(#9601),#9299);
#9603=IFCCARTESIANPOINT((0.,0.,0.));
#9604=IFCDIRECTION((1.,0.,0.));
#9605=IFCDIRECTION((0.,1.,0.));
#9606=IFCDIRECTION((0.,0.,1.));
#9607=IFCCARTESIANTRANSFORMATIONOPERATOR3D(#9604,#9605,#9603,1.,#9606);
#9608=IFCMAPPEDITEM(#9302,#9607);
#9609=IFCSHAPEREPRESENTATION(#18,'Profile','MappedRepresentation',(#9608));
#9610=IFCPRODUCTDEFINITIONSHAPE($,$,(#9609,#9617,#9624));
#9611=IFCCARTESIANPOINT((0.,0.,0.));
#9612=IFCDIRECTION((1.,0.,0.));
#9613=IFCDIRECTION((0.,1.,0.));
#9614=IFCDIRECTION((0.,0.,1.));
#9615=IFCCARTESIANTRANSFORMATIONOPERATOR3D(#9612,#9613,#9611,1.,#9614);
#9616=IFCMAPPEDITEM(#9310,#9615);
#9617=IFCSHAPEREPRESENTATION(#11,'Body','MappedRepresentation',(#9616));
#9618=IFCCARTESIANPOINT((0.,0.,0.));
#9619=IFCDIRECTION((1.,0.,0.));
#9620=IFCDIRECTION((0.,1.,0.));
#9621=IFCDIRECTION((0.,0.,1.));
#9622=IFCCARTESIANTRANSFORMATIONOPERATOR3D(#9619,#9620,#9618,1.,#9621);
#9623=IFCMAPPEDITEM(#9388,#9622);
#9624=IFCSHAPEREPRESENTATION(#24,'Body','MappedRepresentation',(#9623));
#9625=IFCOPENINGELEMENT('1NlS1E3i527g9tsQCuXJWs',$,'Opening',$,$,#9809,#9653,$,.OPENING.);
#9641=IFCCARTESIANPOINT((0.,0.,0.));
#9642=IFCDIRECTION((1.,0.,0.));
#9643=IFCDIRECTION((0.,0.,1.));
#9644=IFCAXIS2PLACEMENT3D(#9641,#9643,#9642);
#9645=IFCREPRESENTATIONMAP(#9644,#9799);
#9646=IFCCARTESIANPOINT((0.,0.,0.));
#9647=IFCDIRECTION((1.,0.,0.));
#9648=IFCDIRECTION((0.,1.,0.));
#9649=IFCDIRECTION((0.,0.,1.));
#9650=IFCCARTESIANTRANSFORMATIONOPERATOR3D(#9647,#9648,#9646,1.,#9649);
#9651=IFCMAPPEDITEM(#9645,#9650);
#9652=IFCSHAPEREPRESENTATION(#11,'Body','MappedRepresentation',(#9651));
#9653=IFCPRODUCTDEFINITIONSHAPE($,$,(#9652));
#9654=IFCRELVOIDSELEMENT('0rSd4Cn3H7J8fEFjwdbXHZ',$,$,$,#6825,#9625);
#9660=IFCRELFILLSELEMENT('1ild4_Hwf9F9$_Qbjrp2n0',$,$,$,#9625,#9601);
#9696=IFCCARTESIANPOINTLIST3D(((0.,0.,0.),(0.85564345121383667,0.,0.),(0.85564345121383667,0.,2.),(0.,0.,2.)));
#9697=IFCINDEXEDPOLYCURVE(#9696,(IFCLINEINDEX((1,2,3,4,1))),$);
#9698=IFCSHAPEREPRESENTATION(#18,'Profile','Curve3D',(#9697));
#9699=IFCCARTESIANPOINTLIST2D(((0.,0.),(0.,2.),(0.85564345121383667,2.),(0.85564345121383667,0.),(0.83064345084130764,0.),(0.83064345084130764,1.974999999627471),(0.02500000037252903,1.974999999627471),(0.02500000037252903,0.)));
#9700=IFCINDEXEDPOLYCURVE(#9699,(IFCLINEINDEX((1,2,3,4,5,6,7,8,1))),$);
#9701=IFCARBITRARYCLOSEDPROFILEDEF(.AREA.,$,#9700);
#9702=IFCCARTESIANPOINT((0.,0.02500000037252903,0.));
#9703=IFCDIRECTION((0.,-1.,0.));
#9704=IFCDIRECTION((1.,0.,0.));
#9705=IFCAXIS2PLACEMENT3D(#9702,#9703,#9704);
#9706=IFCDIRECTION((0.,0.,-1.));
#9707=IFCEXTRUDEDAREASOLID(#9701,#9705,#9706,0.02500000037252903);
#9708=IFCCARTESIANPOINTLIST2D(((0.,0.),(0.,2.),(0.85564345121383667,2.),(0.85564345121383667,0.),(0.80564345046877861,0.),(0.80564345046877861,1.9499999992549419),(0.05000000074505806,1.9499999992549419),(0.05000000074505806,0.)));
#9709=IFCINDEXEDPOLYCURVE(#9708,(IFCLINEINDEX((1,2,3,4,5,6,7,8,1))),$);
#9710=IFCARBITRARYCLOSEDPROFILEDEF(.AREA.,$,#9709);
#9711=IFCCARTESIANPOINT((0.,0.,0.));
#9712=IFCDIRECTION((0.,-1.,0.));
#9713=IFCDIRECTION((1.,0.,0.));
#9714=IFCAXIS2PLACEMENT3D(#9711,#9712,#9713);
#9715=IFCDIRECTION((0.,0.,-1.));
#9716=IFCEXTRUDEDAREASOLID(#9710,#9714,#9715,0.02500000037252903);
#9717=IFCCARTESIANPOINTLIST2D(((0.,0.),(0.75564344972372055,0.),(0.75564344972372055,0.10000000149011612),(0.,0.10000000149011612)));
#9718=IFCINDEXEDPOLYCURVE(#9717,(IFCLINEINDEX((1,2,3,4,1))),$);
#9719=IFCARBITRARYCLOSEDPROFILEDEF(.AREA.,$,#9718);
#9720=IFCCARTESIANPOINT((0.05000000074505806,0.,0.));
#9721=IFCDIRECTION((0.,0.,1.));
#9722=IFCDIRECTION((1.,0.,0.));
#9723=IFCAXIS2PLACEMENT3D(#9720,#9721,#9722);
#9724=IFCDIRECTION((0.,0.,1.));
#9725=IFCEXTRUDEDAREASOLID(#9719,#9723,#9724,0.02500000037252903);
#9726=IFCCARTESIANPOINTLIST2D(((0.,0.),(0.,2.0250000022351742),(0.90564345568418503,2.0250000022351742),(0.90564345568418503,0.),(0.83064345270395279,0.),(0.83064345270395279,1.9499999992549419),(0.075000002980232239,1.9499999992549419),(0.075000002980232239,0.)));
#9727=IFCINDEXEDPOLYCURVE(#9726,(IFCLINEINDEX((1,2,3,4,5,6,7,8,1))),$);
#9728=IFCARBITRARYCLOSEDPROFILEDEF(.AREA.,$,#9727);
#9729=IFCCARTESIANPOINT((-0.025000002235174179,-0.004999999888241291,0.));
#9730=IFCDIRECTION((0.,-1.,0.));
#9731=IFCDIRECTION((1.,0.,0.));
#9732=IFCAXIS2PLACEMENT3D(#9729,#9730,#9731);
#9733=IFCDIRECTION((0.,0.,-1.));
#9734=IFCEXTRUDEDAREASOLID(#9728,#9732,#9733,0.004999999888241291);
#9735=IFCCARTESIANPOINTLIST2D(((0.,0.),(0.,2.0250000022351742),(0.90564345568418503,2.0250000022351742),(0.90564345568418503,0.),(0.85564345307648182,0.),(0.85564345307648182,1.974999999627471),(0.050000002607703209,1.974999999627471),(0.050000002607703209,0.)));
#9736=IFCINDEXEDPOLYCURVE(#9735,(IFCLINEINDEX((1,2,3,4,5,6,7,8,1))),$);
#9737=IFCARBITRARYCLOSEDPROFILEDEF(.AREA.,$,#9736);
#9738=IFCCARTESIANPOINT((-0.025000002235174179,0.05000000074505806,0.));
#9739=IFCDIRECTION((0.,-1.,0.));
#9740=IFCDIRECTION((1.,0.,0.));
#9741=IFCAXIS2PLACEMENT3D(#9738,#9739,#9740);
#9742=IFCDIRECTION((0.,0.,-1.));
#9743=IFCEXTRUDEDAREASOLID(#9737,#9741,#9742,0.004999999888241291);
#9744=IFCCARTESIANPOINTLIST2D(((0.,0.),(0.80564345046877861,0.),(0.80564345046877861,0.035000000149011612),(0.,0.035000000149011612)));
#9745=IFCINDEXEDPOLYCURVE(#9744,(IFCLINEINDEX((1,2,3,4,1))),$);
#9746=IFCARBITRARYCLOSEDPROFILEDEF(.AREA.,$,#9745);
#9747=IFCCARTESIANPOINT((0.02500000037252903,0.02500000037252903,0.02500000037252903));
#9748=IFCDIRECTION((0.,0.,1.));
#9749=IFCDIRECTION((1.,0.,0.));
#9750=IFCAXIS2PLACEMENT3D(#9747,#9748,#9749);
#9751=IFCDIRECTION((0.,0.,1.));
#9752=IFCEXTRUDEDAREASOLID(#9746,#9750,#9751,1.9499999992549419);
#9753=IFCCARTESIANPOINTLIST2D(((0.,0.),(0.,-0.040000000000000001),(0.12,-0.040000000000000001),(0.12,-0.02),(0.02,-0.02),(0.02,0.)));
#9754=IFCINDEXEDPOLYCURVE(#9753,(IFCLINEINDEX((1,2,3,4,5,6,1))),$);
#9755=IFCARBITRARYCLOSEDPROFILEDEF(.AREA.,$,#9754);
#9756=IFCCARTESIANPOINT((0.075000000372529033,0.02500000037252903,1.015000000372529));
#9757=IFCDIRECTION((0.,0.,1.));
#9758=IFCDIRECTION((1.,0.,0.));
#9759=IFCAXIS2PLACEMENT3D(#9756,#9757,#9758);
#9760=IFCDIRECTION((0.,0.,1.));
#9761=IFCEXTRUDEDAREASOLID(#9755,#9759,#9760,0.02);
#9762=IFCEXTRUDEDAREASOLID(#9763,#9766,#9770,0.02);
#9763=IFCARBITRARYCLOSEDPROFILEDEF(.AREA.,$,#9764);
#9764=IFCINDEXEDPOLYCURVE(#9765,(IFCLINEINDEX((1,2,3,4,5,6,1))),$);
#9765=IFCCARTESIANPOINTLIST2D(((0.,0.),(0.,0.040000000000000008),(0.11999999999999998,0.040000000000000008),(0.11999999999999998,0.020000000000000004),(0.020000000000000004,0.020000000000000004),(0.020000000000000004,0.)));
#9766=IFCAXIS2PLACEMENT3D(#9767,#9768,#9769);
#9767=IFCCARTESIANPOINT((0.075000000372529033,0.060000000521540642,1.015000000372529));
#9768=IFCDIRECTION((0.,0.,1.));
#9769=IFCDIRECTION((1.,0.,0.));
#9770=IFCDIRECTION((0.,0.,1.));
#9771=IFCSHAPEREPRESENTATION(#11,'Body','SweptSolid',(#9707,#9716,#9752,#9761,#9762,#9725,#9734,#9743));
#9772=IFCSHAPEREPRESENTATION(#11,'Body','SweptSolid',(#9707,#9716,#9725,#9734,#9743));
#9773=IFCSHAPEASPECT((#9772),'Lining',$,.T.,#9610);
#9774=IFCSHAPEREPRESENTATION(#11,'Body','SweptSolid',(#9752,#9761,#9762));
#9775=IFCSHAPEASPECT((#9774),'Framing',$,.T.,#9610);
#9776=IFCCARTESIANPOINTLIST2D(((0.,0.),(0.,0.05000000074505806),(0.02500000037252903,0.05000000074505806),(0.02500000037252903,0.02500000037252903),(0.05000000074505806,0.02500000037252903),(0.05000000074505806,0.)));
#9777=IFCINDEXEDPOLYCURVE(#9776,(IFCLINEINDEX((1,2,3,4,5,6,1))),$);
#9778=IFCINDEXEDPOLYCURVE(#9779,(IFCLINEINDEX((1,2,3,4,5,6,1))),$);
#9779=IFCCARTESIANPOINTLIST2D(((0.85564345121383667,0.),(0.85564345121383667,0.05000000074505806),(0.83064345084130764,0.05000000074505806),(0.83064345084130764,0.02500000037252903),(0.80564345046877861,0.02500000037252903),(0.80564345046877861,0.)));
#9780=IFCDIRECTION((1.,0.));
#9781=IFCCARTESIANPOINT((0.79564345069229603,0.05000000074505806));
#9782=IFCAXIS2PLACEMENT2D(#9781,#9780);
#9783=IFCELLIPSE(#9782,0.770643450319767,0.80564345046877861);
#9784=IFCCARTESIANPOINT((0.79564345069229603,0.85564345121383667));
#9785=IFCCARTESIANPOINT((0.02500000037252903,0.05000000074505806));
#9786=IFCTRIMMEDCURVE(#9783,(#9784),(#9785),.T.,.CARTESIAN.);
#9787=IFCCARTESIANPOINTLIST2D(((0.83064345084130764,0.05000000074505806),(0.79564345069229603,0.05000000074505806),(0.79564345069229603,0.85564345121383667),(0.83064345084130764,0.85564345121383667)));
#9788=IFCINDEXEDPOLYCURVE(#9787,(IFCLINEINDEX((1,2,3,4,1))),$);
#9789=IFCSHAPEREPRESENTATION(#24,'Body','Curve2D',(#9777,#9778,#9786,#9788));
#9790=IFCCARTESIANPOINTLIST2D(((0.,0.),(0.85564345121383667,0.),(0.85564345121383667,2.),(0.,2.)));
#9791=IFCINDEXEDPOLYCURVE(#9790,(IFCLINEINDEX((1,2,3,4,1))),$);
#9792=IFCARBITRARYCLOSEDPROFILEDEF(.AREA.,$,#9791);
#9793=IFCCARTESIANPOINT((0.,-0.60000002384185791,0.));
#9794=IFCDIRECTION((0.,-1.,0.));
#9795=IFCDIRECTION((1.,0.,0.));
#9796=IFCAXIS2PLACEMENT3D(#9793,#9794,#9795);
#9797=IFCDIRECTION((0.,0.,-1.));
#9798=IFCEXTRUDEDAREASOLID(#9792,#9796,#9797,1.2);
#9799=IFCSHAPEREPRESENTATION(#11,'Body','SweptSolid',(#9798));
#9805=IFCCARTESIANPOINT((3.0551459235989764,0.015001415110740102,0.));
#9806=IFCDIRECTION((0.,0.,1.));
#9807=IFCDIRECTION((0.99999999999974409,-7.1524678377406226E-07,0.));
#9808=IFCAXIS2PLACEMENT3D(#9805,#9806,#9807);
#9809=IFCLOCALPLACEMENT(#16809,#9808);
#9810=IFCCARTESIANPOINT((4.4408920985006262E-16,1.1102230246251565E-16,0.));
#9811=IFCDIRECTION((0.,0.,1.));
#9812=IFCDIRECTION((1.,-1.7347234759768071E-18,0.));
#9813=IFCAXIS2PLACEMENT3D(#9810,#9811,#9812);
#9814=IFCLOCALPLACEMENT(#9809,#9813);
#9815=IFCDOORTYPE('3RXRQ2ZYL9I99$uK1tohnW',$,'Bedroom-1-2F',$,$,(#9816),(#9818,#9826,#9904),$,$,.DOOR.,.SINGLE_SWING_LEFT.,$,$);
#9816=IFCPROPERTYSET('3xHxoIInr9_Q7328Ju$yzp',$,'BBIM_Door',$,(#9817));
#9817=IFCPROPERTYSINGLEVALUE('Data',$,IFCTEXT('{"door_type": "SINGLE_SWING_LEFT", "overall_height": 2.0, "overall_width": 0.9330913424491882, "lining_properties": {"lining_depth": 0.05000000074505806, "lining_thickness": 0.05000000074505806, "lining_offset": 0.0, "lining_to_panel_offset_x": 0.02500000037252903, "lining_to_panel_offset_y": 0.02500000037252903, "transom_thickness": 0.0, "casing_thickness": 0.07500000298023224, "casing_depth": 0.004999999888241291, "threshold_thickness": 0.02500000037252903, "threshold_depth": 0.10000000149011612, "threshold_offset": 0.0}, "panel_properties": {"panel_depth": 0.03500000014901161, "panel_width_ratio": 1.0}}'),$);
#9818=IFCREPRESENTATIONMAP(#9819,#10139);
#9819=IFCAXIS2PLACEMENT3D(#9820,#9821,#9822);
#9820=IFCCARTESIANPOINT((0.,0.,0.));
#9821=IFCDIRECTION((0.,0.,1.));
#9822=IFCDIRECTION((1.,0.,0.));
#9826=IFCREPRESENTATIONMAP(#9827,#10212);
#9827=IFCAXIS2PLACEMENT3D(#9828,#9829,#9830);
#9828=IFCCARTESIANPOINT((0.,0.,0.));
#9829=IFCDIRECTION((0.,0.,1.));
#9830=IFCDIRECTION((1.,0.,0.));
#9904=IFCREPRESENTATIONMAP(#9905,#10226);
#9905=IFCAXIS2PLACEMENT3D(#9906,#9907,#9908);
#9906=IFCCARTESIANPOINT((0.,0.,0.));
#9907=IFCDIRECTION((0.,0.,1.));
#9908=IFCDIRECTION((1.,0.,0.));
#9923=IFCDOOR('16NkexpH14mBU$VbMHIbsZ',$,'Door',$,$,#10251,#9932,$,2.,0.93309134244918823,$,.SINGLE_SWING_LEFT.,$);
#9924=IFCRELDEFINESBYTYPE('2ncOgMDA9BP8mfa9FNTSbC',$,$,$,(#9923),#9815);
#9925=IFCCARTESIANPOINT((0.,0.,0.));
#9926=IFCDIRECTION((1.,0.,0.));
#9927=IFCDIRECTION((0.,1.,0.));
#9928=IFCDIRECTION((0.,0.,1.));
#9929=IFCCARTESIANTRANSFORMATIONOPERATOR3D(#9926,#9927,#9925,1.,#9928);
#9930=IFCMAPPEDITEM(#9818,#9929);
#9931=IFCSHAPEREPRESENTATION(#18,'Profile','MappedRepresentation',(#9930));
#9932=IFCPRODUCTDEFINITIONSHAPE($,$,(#9931,#9939,#9946));
#9933=IFCCARTESIANPOINT((0.,0.,0.));
#9934=IFCDIRECTION((1.,0.,0.));
#9935=IFCDIRECTION((0.,1.,0.));
#9936=IFCDIRECTION((0.,0.,1.));
#9937=IFCCARTESIANTRANSFORMATIONOPERATOR3D(#9934,#9935,#9933,1.,#9936);
#9938=IFCMAPPEDITEM(#9826,#9937);
#9939=IFCSHAPEREPRESENTATION(#11,'Body','MappedRepresentation',(#9938));
#9940=IFCCARTESIANPOINT((0.,0.,0.));
#9941=IFCDIRECTION((1.,0.,0.));
#9942=IFCDIRECTION((0.,1.,0.));
#9943=IFCDIRECTION((0.,0.,1.));
#9944=IFCCARTESIANTRANSFORMATIONOPERATOR3D(#9941,#9942,#9940,1.,#9943);
#9945=IFCMAPPEDITEM(#9904,#9944);
#9946=IFCSHAPEREPRESENTATION(#24,'Body','MappedRepresentation',(#9945));
#9947=IFCOPENINGELEMENT('353g5W5kbAcee5ONxavmCY',$,'Opening',$,$,#10246,#9975,$,.OPENING.);
#9963=IFCCARTESIANPOINT((0.,0.,0.));
#9964=IFCDIRECTION((1.,0.,0.));
#9965=IFCDIRECTION((0.,0.,1.));
#9966=IFCAXIS2PLACEMENT3D(#9963,#9965,#9964);
#9967=IFCREPRESENTATIONMAP(#9966,#10236);
#9968=IFCCARTESIANPOINT((0.,0.,0.));
#9969=IFCDIRECTION((1.,0.,0.));
#9970=IFCDIRECTION((0.,1.,0.));
#9971=IFCDIRECTION((0.,0.,1.));
#9972=IFCCARTESIANTRANSFORMATIONOPERATOR3D(#9969,#9970,#9968,1.,#9971);
#9973=IFCMAPPEDITEM(#9967,#9972);
#9974=IFCSHAPEREPRESENTATION(#11,'Body','MappedRepresentation',(#9973));
#9975=IFCPRODUCTDEFINITIONSHAPE($,$,(#9974));
#9976=IFCRELVOIDSELEMENT('1f4U48tjLDLQ7yF3npg5r1',$,$,$,#6825,#9947);
#9982=IFCRELFILLSELEMENT('2O24UUFGnFEhfiCScNpdGB',$,$,$,#9947,#9923);
#9991=IFCCARTESIANPOINTLIST2D(((0.,0.),(0.,2.),(0.85739582777023315,2.),(0.85739582777023315,0.),(0.83239582739770412,0.),(0.83239582739770412,1.974999999627471),(0.02500000037252903,1.974999999627471),(0.02500000037252903,0.)));
#9992=IFCINDEXEDPOLYCURVE(#9991,(IFCLINEINDEX((1,2,3,4,5,6,7,8,1))),$);
#9993=IFCARBITRARYCLOSEDPROFILEDEF(.AREA.,$,#9992);
#9994=IFCCARTESIANPOINT((0.,0.02500000037252903,0.));
#9995=IFCDIRECTION((0.,-1.,0.));
#9996=IFCDIRECTION((1.,0.,0.));
#9997=IFCAXIS2PLACEMENT3D(#9994,#9995,#9996);
#9998=IFCDIRECTION((0.,0.,-1.));
#9999=IFCEXTRUDEDAREASOLID(#9993,#9997,#9998,0.02500000037252903);
#10000=IFCCARTESIANPOINTLIST2D(((0.,0.),(0.,2.),(0.85739582777023315,2.),(0.85739582777023315,0.),(0.80739582702517509,0.),(0.80739582702517509,1.9499999992549419),(0.05000000074505806,1.9499999992549419),(0.05000000074505806,0.)));
#10001=IFCINDEXEDPOLYCURVE(#10000,(IFCLINEINDEX((1,2,3,4,5,6,7,8,1))),$);
#10002=IFCARBITRARYCLOSEDPROFILEDEF(.AREA.,$,#10001);
#10003=IFCCARTESIANPOINT((0.,0.,0.));
#10004=IFCDIRECTION((0.,-1.,0.));
#10005=IFCDIRECTION((1.,0.,0.));
#10006=IFCAXIS2PLACEMENT3D(#10003,#10004,#10005);
#10007=IFCDIRECTION((0.,0.,-1.));
#10008=IFCEXTRUDEDAREASOLID(#10002,#10006,#10007,0.02500000037252903);
#10009=IFCCARTESIANPOINTLIST2D(((0.,0.),(0.75739582628011703,0.),(0.75739582628011703,0.10000000149011612),(0.,0.10000000149011612)));
#10010=IFCINDEXEDPOLYCURVE(#10009,(IFCLINEINDEX((1,2,3,4,1))),$);
#10011=IFCARBITRARYCLOSEDPROFILEDEF(.AREA.,$,#10010);
#10012=IFCCARTESIANPOINT((0.05000000074505806,0.,0.));
#10013=IFCDIRECTION((0.,0.,1.));
#10014=IFCDIRECTION((1.,0.,0.));
#10015=IFCAXIS2PLACEMENT3D(#10012,#10013,#10014);
#10016=IFCDIRECTION((0.,0.,1.));
#10017=IFCEXTRUDEDAREASOLID(#10011,#10015,#10016,0.02500000037252903);
#10018=IFCCARTESIANPOINTLIST2D(((0.,0.),(0.,2.0250000022351742),(0.90739583224058151,2.0250000022351742),(0.90739583224058151,0.),(0.83239582926034927,0.),(0.83239582926034927,1.9499999992549419),(0.075000002980232239,1.9499999992549419),(0.075000002980232239,0.)));
#10019=IFCINDEXEDPOLYCURVE(#10018,(IFCLINEINDEX((1,2,3,4,5,6,7,8,1))),$);
#10020=IFCARBITRARYCLOSEDPROFILEDEF(.AREA.,$,#10019);
#10021=IFCCARTESIANPOINT((-0.025000002235174179,-0.004999999888241291,0.));
#10022=IFCDIRECTION((0.,-1.,0.));
#10023=IFCDIRECTION((1.,0.,0.));
#10024=IFCAXIS2PLACEMENT3D(#10021,#10022,#10023);
#10025=IFCDIRECTION((0.,0.,-1.));
#10026=IFCEXTRUDEDAREASOLID(#10020,#10024,#10025,0.004999999888241291);
#10027=IFCCARTESIANPOINTLIST2D(((0.,0.),(0.,2.0250000022351742),(0.90739583224058151,2.0250000022351742),(0.90739583224058151,0.),(0.8573958296328783,0.),(0.8573958296328783,1.974999999627471),(0.050000002607703209,1.974999999627471),(0.050000002607703209,0.)));
#10028=IFCINDEXEDPOLYCURVE(#10027,(IFCLINEINDEX((1,2,3,4,5,6,7,8,1))),$);
#10029=IFCARBITRARYCLOSEDPROFILEDEF(.AREA.,$,#10028);
#10030=IFCCARTESIANPOINT((-0.025000002235174179,0.05000000074505806,0.));
#10031=IFCDIRECTION((0.,-1.,0.));
#10032=IFCDIRECTION((1.,0.,0.));
#10033=IFCAXIS2PLACEMENT3D(#10030,#10031,#10032);
#10034=IFCDIRECTION((0.,0.,-1.));
#10035=IFCEXTRUDEDAREASOLID(#10029,#10033,#10034,0.004999999888241291);
#10036=IFCCARTESIANPOINTLIST2D(((0.,0.),(0.80739582702517509,0.),(0.80739582702517509,0.035000000149011612),(0.,0.035000000149011612)));
#10037=IFCINDEXEDPOLYCURVE(#10036,(IFCLINEINDEX((1,2,3,4,1))),$);
#10038=IFCARBITRARYCLOSEDPROFILEDEF(.AREA.,$,#10037);
#10039=IFCCARTESIANPOINT((0.02500000037252903,0.02500000037252903,0.02500000037252903));
#10040=IFCDIRECTION((0.,0.,1.));
#10041=IFCDIRECTION((1.,0.,0.));
#10042=IFCAXIS2PLACEMENT3D(#10039,#10040,#10041);
#10043=IFCDIRECTION((0.,0.,1.));
#10044=IFCEXTRUDEDAREASOLID(#10038,#10042,#10043,1.9499999992549419);
#10045=IFCCARTESIANPOINTLIST2D(((0.,0.),(0.,-0.040000000000000001),(-0.11999999999999988,-0.040000000000000001),(-0.11999999999999988,-0.02),(-0.020000000000000018,-0.02),(-0.020000000000000018,0.)));
#10046=IFCINDEXEDPOLYCURVE(#10045,(IFCLINEINDEX((1,2,3,4,5,6,1))),$);
#10047=IFCARBITRARYCLOSEDPROFILEDEF(.AREA.,$,#10046);
#10048=IFCCARTESIANPOINT((0.78239582739770408,0.02500000037252903,1.015000000372529));
#10049=IFCDIRECTION((0.,0.,1.));
#10050=IFCDIRECTION((1.,0.,0.));
#10051=IFCAXIS2PLACEMENT3D(#10048,#10049,#10050);
#10052=IFCDIRECTION((0.,0.,1.));
#10053=IFCEXTRUDEDAREASOLID(#10047,#10051,#10052,0.02);
#10054=IFCEXTRUDEDAREASOLID(#10055,#10058,#10062,0.02);
#10055=IFCARBITRARYCLOSEDPROFILEDEF(.AREA.,$,#10056);
#10056=IFCINDEXEDPOLYCURVE(#10057,(IFCLINEINDEX((1,2,3,4,5,6,1))),$);
#10057=IFCCARTESIANPOINTLIST2D(((0.,0.),(0.,0.040000000000000008),(-0.11999999999999988,0.040000000000000008),(-0.11999999999999988,0.020000000000000004),(-0.020000000000000018,0.020000000000000004),(-0.020000000000000018,0.)));
#10058=IFCAXIS2PLACEMENT3D(#10059,#10060,#10061);
#10059=IFCCARTESIANPOINT((0.78239582739770408,0.060000000521540642,1.015000000372529));
#10060=IFCDIRECTION((0.,0.,1.));
#10061=IFCDIRECTION((1.,0.,0.));
#10062=IFCDIRECTION((0.,0.,1.));
#10064=IFCSHAPEREPRESENTATION(#11,'Body','SweptSolid',(#10026,#9999,#10184,#10017,#10175,#10148,#10157,#10008,#10166,#10035));
#10065=IFCSHAPEASPECT((#10064),'Lining',$,.T.,#9932);
#10066=IFCSHAPEREPRESENTATION(#11,'Body','SweptSolid',(#10053,#10203,#10054,#10202,#10193,#10044));
#10067=IFCSHAPEASPECT((#10066),'Framing',$,.T.,#9932);
#10137=IFCCARTESIANPOINTLIST3D(((0.,0.,0.),(0.93309134244918823,0.,0.),(0.93309134244918823,0.,2.),(0.,0.,2.)));
#10138=IFCINDEXEDPOLYCURVE(#10137,(IFCLINEINDEX((1,2,3,4,1))),$);
#10139=IFCSHAPEREPRESENTATION(#18,'Profile','Curve3D',(#10138));
#10140=IFCCARTESIANPOINTLIST2D(((0.,0.),(0.,2.),(0.93309134244918823,2.),(0.93309134244918823,0.),(0.9080913420766592,0.),(0.9080913420766592,1.974999999627471),(0.02500000037252903,1.974999999627471),(0.02500000037252903,0.)));
#10141=IFCINDEXEDPOLYCURVE(#10140,(IFCLINEINDEX((1,2,3,4,5,6,7,8,1))),$);
#10142=IFCARBITRARYCLOSEDPROFILEDEF(.AREA.,$,#10141);
#10143=IFCCARTESIANPOINT((0.,0.02500000037252903,0.));
#10144=IFCDIRECTION((0.,-1.,0.));
#10145=IFCDIRECTION((1.,0.,0.));
#10146=IFCAXIS2PLACEMENT3D(#10143,#10144,#10145);
#10147=IFCDIRECTION((0.,0.,-1.));
#10148=IFCEXTRUDEDAREASOLID(#10142,#10146,#10147,0.02500000037252903);
#10149=IFCCARTESIANPOINTLIST2D(((0.,0.),(0.,2.),(0.93309134244918823,2.),(0.93309134244918823,0.),(0.88309134170413017,0.),(0.88309134170413017,1.9499999992549419),(0.05000000074505806,1.9499999992549419),(0.05000000074505806,0.)));
#10150=IFCINDEXEDPOLYCURVE(#10149,(IFCLINEINDEX((1,2,3,4,5,6,7,8,1))),$);
#10151=IFCARBITRARYCLOSEDPROFILEDEF(.AREA.,$,#10150);
#10152=IFCCARTESIANPOINT((0.,0.,0.));
#10153=IFCDIRECTION((0.,-1.,0.));
#10154=IFCDIRECTION((1.,0.,0.));
#10155=IFCAXIS2PLACEMENT3D(#10152,#10153,#10154);
#10156=IFCDIRECTION((0.,0.,-1.));
#10157=IFCEXTRUDEDAREASOLID(#10151,#10155,#10156,0.02500000037252903);
#10158=IFCCARTESIANPOINTLIST2D(((0.,0.),(0.83309134095907211,0.),(0.83309134095907211,0.10000000149011612),(0.,0.10000000149011612)));
#10159=IFCINDEXEDPOLYCURVE(#10158,(IFCLINEINDEX((1,2,3,4,1))),$);
#10160=IFCARBITRARYCLOSEDPROFILEDEF(.AREA.,$,#10159);
#10161=IFCCARTESIANPOINT((0.05000000074505806,0.,0.));
#10162=IFCDIRECTION((0.,0.,1.));
#10163=IFCDIRECTION((1.,0.,0.));
#10164=IFCAXIS2PLACEMENT3D(#10161,#10162,#10163);
#10165=IFCDIRECTION((0.,0.,1.));
#10166=IFCEXTRUDEDAREASOLID(#10160,#10164,#10165,0.02500000037252903);
#10167=IFCCARTESIANPOINTLIST2D(((0.,0.),(0.,2.0250000022351742),(0.98309134691953659,2.0250000022351742),(0.98309134691953659,0.),(0.90809134393930435,0.),(0.90809134393930435,1.9499999992549419),(0.075000002980232239,1.9499999992549419),(0.075000002980232239,0.)));
#10168=IFCINDEXEDPOLYCURVE(#10167,(IFCLINEINDEX((1,2,3,4,5,6,7,8,1))),$);
#10169=IFCARBITRARYCLOSEDPROFILEDEF(.AREA.,$,#10168);
#10170=IFCCARTESIANPOINT((-0.025000002235174179,-0.004999999888241291,0.));
#10171=IFCDIRECTION((0.,-1.,0.));
#10172=IFCDIRECTION((1.,0.,0.));
#10173=IFCAXIS2PLACEMENT3D(#10170,#10171,#10172);
#10174=IFCDIRECTION((0.,0.,-1.));
#10175=IFCEXTRUDEDAREASOLID(#10169,#10173,#10174,0.004999999888241291);
#10176=IFCCARTESIANPOINTLIST2D(((0.,0.),(0.,2.0250000022351742),(0.98309134691953659,2.0250000022351742),(0.98309134691953659,0.),(0.93309134431183338,0.),(0.93309134431183338,1.974999999627471),(0.050000002607703209,1.974999999627471),(0.050000002607703209,0.)));
#10177=IFCINDEXEDPOLYCURVE(#10176,(IFCLINEINDEX((1,2,3,4,5,6,7,8,1))),$);
#10178=IFCARBITRARYCLOSEDPROFILEDEF(.AREA.,$,#10177);
#10179=IFCCARTESIANPOINT((-0.025000002235174179,0.05000000074505806,0.));
#10180=IFCDIRECTION((0.,-1.,0.));
#10181=IFCDIRECTION((1.,0.,0.));
#10182=IFCAXIS2PLACEMENT3D(#10179,#10180,#10181);
#10183=IFCDIRECTION((0.,0.,-1.));
#10184=IFCEXTRUDEDAREASOLID(#10178,#10182,#10183,0.004999999888241291);
#10185=IFCCARTESIANPOINTLIST2D(((0.,0.),(0.88309134170413017,0.),(0.88309134170413017,0.035000000149011612),(0.,0.035000000149011612)));
#10186=IFCINDEXEDPOLYCURVE(#10185,(IFCLINEINDEX((1,2,3,4,1))),$);
#10187=IFCARBITRARYCLOSEDPROFILEDEF(.AREA.,$,#10186);
#10188=IFCCARTESIANPOINT((0.02500000037252903,0.02500000037252903,0.02500000037252903));
#10189=IFCDIRECTION((0.,0.,1.));
#10190=IFCDIRECTION((1.,0.,0.));
#10191=IFCAXIS2PLACEMENT3D(#10188,#10189,#10190);
#10192=IFCDIRECTION((0.,0.,1.));
#10193=IFCEXTRUDEDAREASOLID(#10187,#10191,#10192,1.9499999992549419);
#10194=IFCCARTESIANPOINTLIST2D(((0.,0.),(0.,-0.040000000000000001),(-0.11999999999999988,-0.040000000000000001),(-0.11999999999999988,-0.02),(-0.020000000000000018,-0.02),(-0.020000000000000018,0.)));
#10195=IFCINDEXEDPOLYCURVE(#10194,(IFCLINEINDEX((1,2,3,4,5,6,1))),$);
#10196=IFCARBITRARYCLOSEDPROFILEDEF(.AREA.,$,#10195);
#10197=IFCCARTESIANPOINT((0.85809134207665916,0.02500000037252903,1.015000000372529));
#10198=IFCDIRECTION((0.,0.,1.));
#10199=IFCDIRECTION((1.,0.,0.));
#10200=IFCAXIS2PLACEMENT3D(#10197,#10198,#10199);
#10201=IFCDIRECTION((0.,0.,1.));
#10202=IFCEXTRUDEDAREASOLID(#10196,#10200,#10201,0.02);
#10203=IFCEXTRUDEDAREASOLID(#10204,#10207,#10211,0.02);
#10204=IFCARBITRARYCLOSEDPROFILEDEF(.AREA.,$,#10205);
#10205=IFCINDEXEDPOLYCURVE(#10206,(IFCLINEINDEX((1,2,3,4,5,6,1))),$);
#10206=IFCCARTESIANPOINTLIST2D(((0.,0.),(0.,0.040000000000000008),(-0.11999999999999988,0.040000000000000008),(-0.11999999999999988,0.020000000000000004),(-0.020000000000000018,0.020000000000000004),(-0.020000000000000018,0.)));
#10207=IFCAXIS2PLACEMENT3D(#10208,#10209,#10210);
#10208=IFCCARTESIANPOINT((0.85809134207665916,0.060000000521540642,1.015000000372529));
#10209=IFCDIRECTION((0.,0.,1.));
#10210=IFCDIRECTION((1.,0.,0.));
#10211=IFCDIRECTION((0.,0.,1.));
#10212=IFCSHAPEREPRESENTATION(#11,'Body','SweptSolid',(#10148,#10157,#10193,#10202,#10203,#10166,#10175,#10184));
#10213=IFCCARTESIANPOINTLIST2D(((0.,0.),(0.,0.05000000074505806),(0.02500000037252903,0.05000000074505806),(0.02500000037252903,0.02500000037252903),(0.05000000074505806,0.02500000037252903),(0.05000000074505806,0.)));
#10214=IFCINDEXEDPOLYCURVE(#10213,(IFCLINEINDEX((1,2,3,4,5,6,1))),$);
#10215=IFCINDEXEDPOLYCURVE(#10216,(IFCLINEINDEX((1,2,3,4,5,6,1))),$);
#10216=IFCCARTESIANPOINTLIST2D(((0.93309134244918823,0.),(0.93309134244918823,0.05000000074505806),(0.9080913420766592,0.05000000074505806),(0.9080913420766592,0.02500000037252903),(0.88309134170413017,0.02500000037252903),(0.88309134170413017,0.)));
#10217=IFCDIRECTION((1.,0.));
#10218=IFCCARTESIANPOINT((0.060000000521540642,0.05000000074505806));
#10219=IFCAXIS2PLACEMENT2D(#10218,#10217);
#10220=IFCELLIPSE(#10219,0.84809134155511856,0.88309134170413017);
#10221=IFCCARTESIANPOINT((0.9080913420766592,0.05000000074505806));
#10222=IFCCARTESIANPOINT((0.060000000521540642,0.93309134244918823));
#10223=IFCTRIMMEDCURVE(#10220,(#10221),(#10222),.T.,.CARTESIAN.);
#10224=IFCCARTESIANPOINTLIST2D(((0.02500000037252903,0.05000000074505806),(0.060000000521540642,0.05000000074505806),(0.060000000521540642,0.93309134244918823),(0.02500000037252903,0.93309134244918823)));
#10225=IFCINDEXEDPOLYCURVE(#10224,(IFCLINEINDEX((1,2,3,4,1))),$);
#10226=IFCSHAPEREPRESENTATION(#24,'Body','Curve2D',(#10214,#10215,#10223,#10225));
#10227=IFCCARTESIANPOINTLIST2D(((0.,0.),(0.93309134244918823,0.),(0.93309134244918823,2.),(0.,2.)));
#10228=IFCINDEXEDPOLYCURVE(#10227,(IFCLINEINDEX((1,2,3,4,1))),$);
#10229=IFCARBITRARYCLOSEDPROFILEDEF(.AREA.,$,#10228);
#10230=IFCCARTESIANPOINT((0.,-0.60000002384185791,0.));
#10231=IFCDIRECTION((0.,-1.,0.));
#10232=IFCDIRECTION((1.,0.,0.));
#10233=IFCAXIS2PLACEMENT3D(#10230,#10231,#10232);
#10234=IFCDIRECTION((0.,0.,-1.));
#10235=IFCEXTRUDEDAREASOLID(#10229,#10233,#10234,1.2);
#10236=IFCSHAPEREPRESENTATION(#11,'Body','SweptSolid',(#10235));
#10242=IFCCARTESIANPOINT((4.2408099214226667,0.015000941469735962,0.));
#10243=IFCDIRECTION((0.,0.,1.));
#10244=IFCDIRECTION((0.99999999999993605,-3.5762339124865289E-07,0.));
#10245=IFCAXIS2PLACEMENT3D(#10242,#10243,#10244);
#10246=IFCLOCALPLACEMENT(#16809,#10245);
#10247=IFCCARTESIANPOINT((8.8817841970012523E-16,0.,0.));
#10248=IFCDIRECTION((0.,0.,1.));
#10249=IFCDIRECTION((1.,8.6736173798840355E-19,0.));
#10250=IFCAXIS2PLACEMENT3D(#10247,#10248,#10249);
#10251=IFCLOCALPLACEMENT(#10246,#10250);
#10252=IFCDOORTYPE('2tNZu8RZHC6ODDOHE5hBSq',$,'Bathroom-2F',$,$,(#10253),(#10255,#10263,#10341),$,$,.DOOR.,.SINGLE_SWING_LEFT.,$,$);
#10253=IFCPROPERTYSET('3w4pHB$sD9SvDay$Rd$NK8',$,'BBIM_Door',$,(#10254));
#10254=IFCPROPERTYSINGLEVALUE('Data',$,IFCTEXT('{"door_type": "SINGLE_SWING_LEFT", "overall_height": 2.0, "overall_width": 0.7126829028129578, "lining_properties": {"lining_depth": 0.05000000074505806, "lining_thickness": 0.05000000074505806, "lining_offset": 0.0, "lining_to_panel_offset_x": 0.02500000037252903, "lining_to_panel_offset_y": 0.02500000037252903, "transom_thickness": 0.0, "casing_thickness": 0.07500000298023224, "casing_depth": 0.004999999888241291, "threshold_thickness": 0.02500000037252903, "threshold_depth": 0.10000000149011612, "threshold_offset": 0.0}, "panel_properties": {"panel_depth": 0.03500000014901161, "panel_width_ratio": 1.0}}'),$);
#10255=IFCREPRESENTATIONMAP(#10256,#10442);
#10256=IFCAXIS2PLACEMENT3D(#10257,#10258,#10259);
#10257=IFCCARTESIANPOINT((0.,0.,0.));
#10258=IFCDIRECTION((0.,0.,1.));
#10259=IFCDIRECTION((1.,0.,0.));
#10263=IFCREPRESENTATIONMAP(#10264,#10515);
#10264=IFCAXIS2PLACEMENT3D(#10265,#10266,#10267);
#10265=IFCCARTESIANPOINT((0.,0.,0.));
#10266=IFCDIRECTION((0.,0.,1.));
#10267=IFCDIRECTION((1.,0.,0.));
#10341=IFCREPRESENTATIONMAP(#10342,#10533);
#10342=IFCAXIS2PLACEMENT3D(#10343,#10344,#10345);
#10343=IFCCARTESIANPOINT((0.,0.,0.));
#10344=IFCDIRECTION((0.,0.,1.));
#10345=IFCDIRECTION((1.,0.,0.));
#10360=IFCDOOR('2m5bAKmaLCUQbRVg6VAUlY',$,'Door',$,$,#10558,#10369,$,2.,0.71268290281295776,$,.SINGLE_SWING_LEFT.,$);
#10361=IFCRELDEFINESBYTYPE('2m7a3dE$9F3v8E99fTX33m',$,$,$,(#10360),#10252);
#10362=IFCCARTESIANPOINT((0.,0.,0.));
#10363=IFCDIRECTION((1.,0.,0.));
#10364=IFCDIRECTION((0.,1.,0.));
#10365=IFCDIRECTION((0.,0.,1.));
#10366=IFCCARTESIANTRANSFORMATIONOPERATOR3D(#10363,#10364,#10362,1.,#10365);
#10367=IFCMAPPEDITEM(#10255,#10366);
#10368=IFCSHAPEREPRESENTATION(#18,'Profile','MappedRepresentation',(#10367));
#10369=IFCPRODUCTDEFINITIONSHAPE($,$,(#10368,#10376,#10383));
#10370=IFCCARTESIANPOINT((0.,0.,0.));
#10371=IFCDIRECTION((1.,0.,0.));
#10372=IFCDIRECTION((0.,1.,0.));
#10373=IFCDIRECTION((0.,0.,1.));
#10374=IFCCARTESIANTRANSFORMATIONOPERATOR3D(#10371,#10372,#10370,1.,#10373);
#10375=IFCMAPPEDITEM(#10263,#10374);
#10376=IFCSHAPEREPRESENTATION(#11,'Body','MappedRepresentation',(#10375));
#10377=IFCCARTESIANPOINT((0.,0.,0.));
#10378=IFCDIRECTION((1.,0.,0.));
#10379=IFCDIRECTION((0.,1.,0.));
#10380=IFCDIRECTION((0.,0.,1.));
#10381=IFCCARTESIANTRANSFORMATIONOPERATOR3D(#10378,#10379,#10377,1.,#10380);
#10382=IFCMAPPEDITEM(#10341,#10381);
#10383=IFCSHAPEREPRESENTATION(#24,'Body','MappedRepresentation',(#10382));
#10384=IFCOPENINGELEMENT('1H3nDOLuv3PwvCZS$OBuhg',$,'Opening',$,$,#10553,#10412,$,.OPENING.);
#10400=IFCCARTESIANPOINT((0.,0.,0.));
#10401=IFCDIRECTION((1.,0.,0.));
#10402=IFCDIRECTION((0.,0.,1.));
#10403=IFCAXIS2PLACEMENT3D(#10400,#10402,#10401);
#10404=IFCREPRESENTATIONMAP(#10403,#10543);
#10405=IFCCARTESIANPOINT((0.,0.,0.));
#10406=IFCDIRECTION((1.,0.,0.));
#10407=IFCDIRECTION((0.,1.,0.));
#10408=IFCDIRECTION((0.,0.,1.));
#10409=IFCCARTESIANTRANSFORMATIONOPERATOR3D(#10406,#10407,#10405,1.,#10408);
#10410=IFCMAPPEDITEM(#10404,#10409);
#10411=IFCSHAPEREPRESENTATION(#11,'Body','MappedRepresentation',(#10410));
#10412=IFCPRODUCTDEFINITIONSHAPE($,$,(#10411));
#10413=IFCRELVOIDSELEMENT('1NaFSWS8fANx67oWXPNxJw',$,$,$,#6863,#10384);
#10419=IFCRELFILLSELEMENT('0CvMpyCkD3LR5q$kDSE3Z2',$,$,$,#10384,#10360);
#10440=IFCCARTESIANPOINTLIST3D(((0.,0.,0.),(0.71268290281295776,0.,0.),(0.71268290281295776,0.,2.),(0.,0.,2.)));
#10441=IFCINDEXEDPOLYCURVE(#10440,(IFCLINEINDEX((1,2,3,4,1))),$);
#10442=IFCSHAPEREPRESENTATION(#18,'Profile','Curve3D',(#10441));
#10443=IFCCARTESIANPOINTLIST2D(((0.,0.),(0.,2.),(0.71268290281295776,2.),(0.71268290281295776,0.),(0.68768290244042873,0.),(0.68768290244042873,1.974999999627471),(0.02500000037252903,1.974999999627471),(0.02500000037252903,0.)));
#10444=IFCINDEXEDPOLYCURVE(#10443,(IFCLINEINDEX((1,2,3,4,5,6,7,8,1))),$);
#10445=IFCARBITRARYCLOSEDPROFILEDEF(.AREA.,$,#10444);
#10446=IFCCARTESIANPOINT((0.,0.02500000037252903,0.));
#10447=IFCDIRECTION((0.,-1.,0.));
#10448=IFCDIRECTION((1.,0.,0.));
#10449=IFCAXIS2PLACEMENT3D(#10446,#10447,#10448);
#10450=IFCDIRECTION((0.,0.,-1.));
#10451=IFCEXTRUDEDAREASOLID(#10445,#10449,#10450,0.02500000037252903);
#10452=IFCCARTESIANPOINTLIST2D(((0.,0.),(0.,2.),(0.71268290281295776,2.),(0.71268290281295776,0.),(0.6626829020678997,0.),(0.6626829020678997,1.9499999992549419),(0.05000000074505806,1.9499999992549419),(0.05000000074505806,0.)));
#10453=IFCINDEXEDPOLYCURVE(#10452,(IFCLINEINDEX((1,2,3,4,5,6,7,8,1))),$);
#10454=IFCARBITRARYCLOSEDPROFILEDEF(.AREA.,$,#10453);
#10455=IFCCARTESIANPOINT((0.,0.,0.));
#10456=IFCDIRECTION((0.,-1.,0.));
#10457=IFCDIRECTION((1.,0.,0.));
#10458=IFCAXIS2PLACEMENT3D(#10455,#10456,#10457);
#10459=IFCDIRECTION((0.,0.,-1.));
#10460=IFCEXTRUDEDAREASOLID(#10454,#10458,#10459,0.02500000037252903);
#10461=IFCCARTESIANPOINTLIST2D(((0.,0.),(0.61268290132284164,0.),(0.61268290132284164,0.10000000149011612),(0.,0.10000000149011612)));
#10462=IFCINDEXEDPOLYCURVE(#10461,(IFCLINEINDEX((1,2,3,4,1))),$);
#10463=IFCARBITRARYCLOSEDPROFILEDEF(.AREA.,$,#10462);
#10464=IFCCARTESIANPOINT((0.05000000074505806,0.,0.));
#10465=IFCDIRECTION((0.,0.,1.));
#10466=IFCDIRECTION((1.,0.,0.));
#10467=IFCAXIS2PLACEMENT3D(#10464,#10465,#10466);
#10468=IFCDIRECTION((0.,0.,1.));
#10469=IFCEXTRUDEDAREASOLID(#10463,#10467,#10468,0.02500000037252903);
#10470=IFCCARTESIANPOINTLIST2D(((0.,0.),(0.,2.0250000022351742),(0.76268290728330612,2.0250000022351742),(0.76268290728330612,0.),(0.68768290430307388,0.),(0.68768290430307388,1.9499999992549419),(0.075000002980232239,1.9499999992549419),(0.075000002980232239,0.)));
#10471=IFCINDEXEDPOLYCURVE(#10470,(IFCLINEINDEX((1,2,3,4,5,6,7,8,1))),$);
#10472=IFCARBITRARYCLOSEDPROFILEDEF(.AREA.,$,#10471);
#10473=IFCCARTESIANPOINT((-0.025000002235174179,-0.004999999888241291,0.));
#10474=IFCDIRECTION((0.,-1.,0.));
#10475=IFCDIRECTION((1.,0.,0.));
#10476=IFCAXIS2PLACEMENT3D(#10473,#10474,#10475);
#10477=IFCDIRECTION((0.,0.,-1.));
#10478=IFCEXTRUDEDAREASOLID(#10472,#10476,#10477,0.004999999888241291);
#10479=IFCCARTESIANPOINTLIST2D(((0.,0.),(0.,2.0250000022351742),(0.76268290728330612,2.0250000022351742),(0.76268290728330612,0.),(0.71268290467560291,0.),(0.71268290467560291,1.974999999627471),(0.050000002607703209,1.974999999627471),(0.050000002607703209,0.)));
#10480=IFCINDEXEDPOLYCURVE(#10479,(IFCLINEINDEX((1,2,3,4,5,6,7,8,1))),$);
#10481=IFCARBITRARYCLOSEDPROFILEDEF(.AREA.,$,#10480);
#10482=IFCCARTESIANPOINT((-0.025000002235174179,0.05000000074505806,0.));
#10483=IFCDIRECTION((0.,-1.,0.));
#10484=IFCDIRECTION((1.,0.,0.));
#10485=IFCAXIS2PLACEMENT3D(#10482,#10483,#10484);
#10486=IFCDIRECTION((0.,0.,-1.));
#10487=IFCEXTRUDEDAREASOLID(#10481,#10485,#10486,0.004999999888241291);
#10488=IFCCARTESIANPOINTLIST2D(((0.,0.),(0.6626829020678997,0.),(0.6626829020678997,0.035000000149011612),(0.,0.035000000149011612)));
#10489=IFCINDEXEDPOLYCURVE(#10488,(IFCLINEINDEX((1,2,3,4,1))),$);
#10490=IFCARBITRARYCLOSEDPROFILEDEF(.AREA.,$,#10489);
#10491=IFCCARTESIANPOINT((0.02500000037252903,0.02500000037252903,0.02500000037252903));
#10492=IFCDIRECTION((0.,0.,1.));
#10493=IFCDIRECTION((1.,0.,0.));
#10494=IFCAXIS2PLACEMENT3D(#10491,#10492,#10493);
#10495=IFCDIRECTION((0.,0.,1.));
#10496=IFCEXTRUDEDAREASOLID(#10490,#10494,#10495,1.9499999992549419);
#10497=IFCCARTESIANPOINTLIST2D(((0.,0.),(0.,-0.040000000000000001),(-0.11999999999999988,-0.040000000000000001),(-0.11999999999999988,-0.02),(-0.020000000000000018,-0.02),(-0.020000000000000018,0.)));
#10498=IFCINDEXEDPOLYCURVE(#10497,(IFCLINEINDEX((1,2,3,4,5,6,1))),$);
#10499=IFCARBITRARYCLOSEDPROFILEDEF(.AREA.,$,#10498);
#10500=IFCCARTESIANPOINT((0.63768290244042869,0.02500000037252903,1.015000000372529));
#10501=IFCDIRECTION((0.,0.,1.));
#10502=IFCDIRECTION((1.,0.,0.));
#10503=IFCAXIS2PLACEMENT3D(#10500,#10501,#10502);
#10504=IFCDIRECTION((0.,0.,1.));
#10505=IFCEXTRUDEDAREASOLID(#10499,#10503,#10504,0.02);
#10506=IFCEXTRUDEDAREASOLID(#10507,#10510,#10514,0.02);
#10507=IFCARBITRARYCLOSEDPROFILEDEF(.AREA.,$,#10508);
#10508=IFCINDEXEDPOLYCURVE(#10509,(IFCLINEINDEX((1,2,3,4,5,6,1))),$);
#10509=IFCCARTESIANPOINTLIST2D(((0.,0.),(0.,0.040000000000000008),(-0.11999999999999988,0.040000000000000008),(-0.11999999999999988,0.020000000000000004),(-0.020000000000000018,0.020000000000000004),(-0.020000000000000018,0.)));
#10510=IFCAXIS2PLACEMENT3D(#10511,#10512,#10513);
#10511=IFCCARTESIANPOINT((0.63768290244042869,0.060000000521540642,1.015000000372529));
#10512=IFCDIRECTION((0.,0.,1.));
#10513=IFCDIRECTION((1.,0.,0.));
#10514=IFCDIRECTION((0.,0.,1.));
#10515=IFCSHAPEREPRESENTATION(#11,'Body','SweptSolid',(#10451,#10460,#10496,#10505,#10506,#10469,#10478,#10487));
#10516=IFCSHAPEREPRESENTATION(#11,'Body','SweptSolid',(#10451,#10460,#10469,#10478,#10487));
#10517=IFCSHAPEASPECT((#10516),'Lining',$,.T.,#10369);
#10518=IFCSHAPEREPRESENTATION(#11,'Body','SweptSolid',(#10496,#10505,#10506));
#10519=IFCSHAPEASPECT((#10518),'Framing',$,.T.,#10369);
#10520=IFCCARTESIANPOINTLIST2D(((0.,0.),(0.,0.05000000074505806),(0.02500000037252903,0.05000000074505806),(0.02500000037252903,0.02500000037252903),(0.05000000074505806,0.02500000037252903),(0.05000000074505806,0.)));
#10521=IFCINDEXEDPOLYCURVE(#10520,(IFCLINEINDEX((1,2,3,4,5,6,1))),$);
#10522=IFCINDEXEDPOLYCURVE(#10523,(IFCLINEINDEX((1,2,3,4,5,6,1))),$);
#10523=IFCCARTESIANPOINTLIST2D(((0.71268290281295776,0.),(0.71268290281295776,0.05000000074505806),(0.68768290244042873,0.05000000074505806),(0.68768290244042873,0.02500000037252903),(0.6626829020678997,0.02500000037252903),(0.6626829020678997,0.)));
#10524=IFCDIRECTION((1.,0.));
#10525=IFCCARTESIANPOINT((0.060000000521540642,0.05000000074505806));
#10526=IFCAXIS2PLACEMENT2D(#10525,#10524);
#10527=IFCELLIPSE(#10526,0.62768290191888809,0.6626829020678997);
#10528=IFCCARTESIANPOINT((0.68768290244042873,0.05000000074505806));
#10529=IFCCARTESIANPOINT((0.060000000521540642,0.71268290281295776));
#10530=IFCTRIMMEDCURVE(#10527,(#10528),(#10529),.T.,.CARTESIAN.);
#10531=IFCCARTESIANPOINTLIST2D(((0.02500000037252903,0.05000000074505806),(0.060000000521540642,0.05000000074505806),(0.060000000521540642,0.71268290281295776),(0.02500000037252903,0.71268290281295776)));
#10532=IFCINDEXEDPOLYCURVE(#10531,(IFCLINEINDEX((1,2,3,4,1))),$);
#10533=IFCSHAPEREPRESENTATION(#24,'Body','Curve2D',(#10521,#10522,#10530,#10532));
#10534=IFCCARTESIANPOINTLIST2D(((0.,0.),(0.71268290281295776,0.),(0.71268290281295776,2.),(0.,2.)));
#10535=IFCINDEXEDPOLYCURVE(#10534,(IFCLINEINDEX((1,2,3,4,1))),$);
#10536=IFCARBITRARYCLOSEDPROFILEDEF(.AREA.,$,#10535);
#10537=IFCCARTESIANPOINT((0.,-0.60000002384185791,0.));
#10538=IFCDIRECTION((0.,-1.,0.));
#10539=IFCDIRECTION((1.,0.,0.));
#10540=IFCAXIS2PLACEMENT3D(#10537,#10538,#10539);
#10541=IFCDIRECTION((0.,0.,-1.));
#10542=IFCEXTRUDEDAREASOLID(#10536,#10540,#10541,1.2);
#10543=IFCSHAPEREPRESENTATION(#11,'Body','SweptSolid',(#10542));
#10549=IFCCARTESIANPOINT((0.31459313793276644,-1.4603381170985585E-07,0.));
#10550=IFCDIRECTION((0.,0.,1.));
#10551=IFCDIRECTION((0.9999999999998862,-4.7683715330723391E-07,0.));
#10552=IFCAXIS2PLACEMENT3D(#10549,#10550,#10551);
#10553=IFCLOCALPLACEMENT(#16819,#10552);
#10554=IFCCARTESIANPOINT((1.1102230246251565E-16,0.,0.));
#10555=IFCDIRECTION((0.,0.,1.));
#10556=IFCDIRECTION((1.,0.,0.));
#10557=IFCAXIS2PLACEMENT3D(#10554,#10555,#10556);
#10558=IFCLOCALPLACEMENT(#10553,#10557);
#10670=IFCDOORTYPE('2St0jHRJD4vOfGLqkLZZwB',$,'Masters-2F-2',$,$,(#10671),(#10673,#10681,#10759,#10960),$,$,.DOOR.,.SINGLE_SWING_LEFT.,$,$);
#10671=IFCPROPERTYSET('2am4hOcA1C99qegoWXrvb5',$,'BBIM_Door',$,(#10672));
#10672=IFCPROPERTYSINGLEVALUE('Data',$,IFCTEXT('{"door_type": "SLIDING_TO_RIGHT", "overall_height": 2.0, "overall_width": 2.063081979751587, "lining_properties": {"lining_depth": 0.05000000074505806, "lining_thickness": 0.05000000074505806, "lining_offset": 0.0, "transom_thickness": 0.0, "casing_thickness": 0.07500000298023224, "casing_depth": 0.004999999888241291, "threshold_thickness": 0.02500000037252903, "threshold_depth": 0.10000000149011612, "threshold_offset": 0.0}, "panel_properties": {"panel_depth": 0.03500000014901161, "panel_width_ratio": 1.0}}'),$);
#10673=IFCREPRESENTATIONMAP(#10674,#10875);
#10674=IFCAXIS2PLACEMENT3D(#10675,#10676,#10677);
#10675=IFCCARTESIANPOINT((0.,0.,0.));
#10676=IFCDIRECTION((0.,0.,1.));
#10677=IFCDIRECTION((1.,0.,0.));
#10681=IFCREPRESENTATIONMAP(#10682,#10939);
#10682=IFCAXIS2PLACEMENT3D(#10683,#10684,#10685);
#10683=IFCCARTESIANPOINT((0.,0.,0.));
#10684=IFCDIRECTION((0.,0.,1.));
#10685=IFCDIRECTION((1.,0.,0.));
#10759=IFCREPRESENTATIONMAP(#10760,#10950);
#10760=IFCAXIS2PLACEMENT3D(#10761,#10762,#10763);
#10761=IFCCARTESIANPOINT((0.,0.,0.));
#10762=IFCDIRECTION((0.,0.,1.));
#10763=IFCDIRECTION((1.,0.,0.));
#10778=IFCDOOR('2_OManNB9F_eTjdHVrVoAs',$,'Door',$,$,#10992,#10787,$,2.,2.0630819797515869,$,.SLIDING_TO_RIGHT.,$);
#10779=IFCRELDEFINESBYTYPE('3LtFqaTO15bBJZaXbn31qF',$,$,$,(#10778),#10670);
#10780=IFCCARTESIANPOINT((0.,0.,0.));
#10781=IFCDIRECTION((1.,0.,0.));
#10782=IFCDIRECTION((0.,1.,0.));
#10783=IFCDIRECTION((0.,0.,1.));
#10784=IFCCARTESIANTRANSFORMATIONOPERATOR3D(#10781,#10782,#10780,1.,#10783);
#10785=IFCMAPPEDITEM(#10673,#10784);
#10786=IFCSHAPEREPRESENTATION(#18,'Profile','MappedRepresentation',(#10785));
#10787=IFCPRODUCTDEFINITIONSHAPE($,$,(#10786,#10794,#10801,#10967));
#10788=IFCCARTESIANPOINT((0.,0.,0.));
#10789=IFCDIRECTION((1.,0.,0.));
#10790=IFCDIRECTION((0.,1.,0.));
#10791=IFCDIRECTION((0.,0.,1.));
#10792=IFCCARTESIANTRANSFORMATIONOPERATOR3D(#10789,#10790,#10788,1.,#10791);
#10793=IFCMAPPEDITEM(#10681,#10792);
#10794=IFCSHAPEREPRESENTATION(#11,'Body','MappedRepresentation',(#10793));
#10795=IFCCARTESIANPOINT((0.,0.,0.));
#10796=IFCDIRECTION((1.,0.,0.));
#10797=IFCDIRECTION((0.,1.,0.));
#10798=IFCDIRECTION((0.,0.,1.));
#10799=IFCCARTESIANTRANSFORMATIONOPERATOR3D(#10796,#10797,#10795,1.,#10798);
#10800=IFCMAPPEDITEM(#10759,#10799);
#10801=IFCSHAPEREPRESENTATION(#24,'Body','MappedRepresentation',(#10800));
#10802=IFCOPENINGELEMENT('1MFRz4Faz4g8T_mXxsJAEd',$,'Opening',$,$,#10987,#10830,$,.OPENING.);
#10818=IFCCARTESIANPOINT((0.,0.,0.));
#10819=IFCDIRECTION((1.,0.,0.));
#10820=IFCDIRECTION((0.,0.,1.));
#10821=IFCAXIS2PLACEMENT3D(#10818,#10820,#10819);
#10822=IFCREPRESENTATIONMAP(#10821,#10977);
#10823=IFCCARTESIANPOINT((0.,0.,0.));
#10824=IFCDIRECTION((1.,0.,0.));
#10825=IFCDIRECTION((0.,1.,0.));
#10826=IFCDIRECTION((0.,0.,1.));
#10827=IFCCARTESIANTRANSFORMATIONOPERATOR3D(#10824,#10825,#10823,1.,#10826);
#10828=IFCMAPPEDITEM(#10822,#10827);
#10829=IFCSHAPEREPRESENTATION(#11,'Body','MappedRepresentation',(#10828));
#10830=IFCPRODUCTDEFINITIONSHAPE($,$,(#10829));
#10831=IFCRELVOIDSELEMENT('1j6NCbWZPB4h4c6fSE7jNS',$,$,$,#6224,#10802);
#10837=IFCRELFILLSELEMENT('1P8_g5YvX6PRlSozbp6R8u',$,$,$,#10802,#10778);
#10873=IFCCARTESIANPOINTLIST3D(((0.,0.,0.),(2.0630819797515869,0.,0.),(2.0630819797515869,0.,2.),(0.,0.,2.)));
#10874=IFCINDEXEDPOLYCURVE(#10873,(IFCLINEINDEX((1,2,3,4,1))),$);
#10875=IFCSHAPEREPRESENTATION(#18,'Profile','Curve3D',(#10874));
#10876=IFCCARTESIANPOINTLIST2D(((0.,0.),(0.,2.),(2.0630819797515869,2.),(2.0630819797515869,0.),(2.0130819790065289,0.),(2.0130819790065289,1.9499999992549419),(0.05000000074505806,1.9499999992549419),(0.05000000074505806,0.)));
#10877=IFCINDEXEDPOLYCURVE(#10876,(IFCLINEINDEX((1,2,3,4,5,6,7,8,1))),$);
#10878=IFCARBITRARYCLOSEDPROFILEDEF(.AREA.,$,#10877);
#10879=IFCCARTESIANPOINT((0.,0.,0.));
#10880=IFCDIRECTION((0.,-1.,0.));
#10881=IFCDIRECTION((1.,0.,0.));
#10882=IFCAXIS2PLACEMENT3D(#10879,#10880,#10881);
#10883=IFCDIRECTION((0.,0.,-1.));
#10884=IFCEXTRUDEDAREASOLID(#10878,#10882,#10883,0.05000000074505806);
#10885=IFCCARTESIANPOINTLIST2D(((0.,0.),(1.9630819782614708,0.),(1.9630819782614708,0.10000000149011612),(0.,0.10000000149011612)));
#10886=IFCINDEXEDPOLYCURVE(#10885,(IFCLINEINDEX((1,2,3,4,1))),$);
#10887=IFCARBITRARYCLOSEDPROFILEDEF(.AREA.,$,#10886);
#10888=IFCCARTESIANPOINT((0.05000000074505806,0.,0.));
#10889=IFCDIRECTION((0.,0.,1.));
#10890=IFCDIRECTION((1.,0.,0.));
#10891=IFCAXIS2PLACEMENT3D(#10888,#10889,#10890);
#10892=IFCDIRECTION((0.,0.,1.));
#10893=IFCEXTRUDEDAREASOLID(#10887,#10891,#10892,0.02500000037252903);
#10894=IFCCARTESIANPOINTLIST2D(((0.,0.),(0.,2.0250000022351742),(2.1130819842219353,2.0250000022351742),(2.1130819842219353,0.),(2.038081981241703,0.),(2.038081981241703,1.9499999992549419),(0.075000002980232239,1.9499999992549419),(0.075000002980232239,0.)));
#10895=IFCINDEXEDPOLYCURVE(#10894,(IFCLINEINDEX((1,2,3,4,5,6,7,8,1))),$);
#10896=IFCARBITRARYCLOSEDPROFILEDEF(.AREA.,$,#10895);
#10897=IFCCARTESIANPOINT((-0.025000002235174179,-0.004999999888241291,0.));
#10898=IFCDIRECTION((0.,-1.,0.));
#10899=IFCDIRECTION((1.,0.,0.));
#10900=IFCAXIS2PLACEMENT3D(#10897,#10898,#10899);
#10901=IFCDIRECTION((0.,0.,-1.));
#10902=IFCEXTRUDEDAREASOLID(#10896,#10900,#10901,0.004999999888241291);
#10903=IFCCARTESIANPOINTLIST2D(((0.,0.),(0.,2.0250000022351742),(2.1130819842219353,2.0250000022351742),(2.1130819842219353,0.),(2.038081981241703,0.),(2.038081981241703,1.9499999992549419),(0.075000002980232239,1.9499999992549419),(0.075000002980232239,0.)));
#10904=IFCINDEXEDPOLYCURVE(#10903,(IFCLINEINDEX((1,2,3,4,5,6,7,8,1))),$);
#10905=IFCARBITRARYCLOSEDPROFILEDEF(.AREA.,$,#10904);
#10906=IFCCARTESIANPOINT((-0.025000002235174179,0.05000000074505806,0.));
#10907=IFCDIRECTION((0.,-1.,0.));
#10908=IFCDIRECTION((1.,0.,0.));
#10909=IFCAXIS2PLACEMENT3D(#10906,#10907,#10908);
#10910=IFCDIRECTION((0.,0.,-1.));
#10911=IFCEXTRUDEDAREASOLID(#10905,#10909,#10910,0.004999999888241291);
#10912=IFCCARTESIANPOINTLIST2D(((0.,0.),(1.9630819782614708,0.),(1.9630819782614708,0.035000000149011612),(0.,0.035000000149011612)));
#10913=IFCINDEXEDPOLYCURVE(#10912,(IFCLINEINDEX((1,2,3,4,1))),$);
#10914=IFCARBITRARYCLOSEDPROFILEDEF(.AREA.,$,#10913);
#10915=IFCCARTESIANPOINT((0.05000000074505806,-0.035000000149011612,0.02500000037252903));
#10916=IFCDIRECTION((0.,0.,1.));
#10917=IFCDIRECTION((1.,0.,0.));
#10918=IFCAXIS2PLACEMENT3D(#10915,#10916,#10917);
#10919=IFCDIRECTION((0.,0.,1.));
#10920=IFCEXTRUDEDAREASOLID(#10914,#10918,#10919,1.9249999988824129);
#10921=IFCCARTESIANPOINTLIST2D(((0.,0.),(0.,-0.040000000000000001),(0.12,-0.040000000000000001),(0.12,-0.02),(0.02,-0.02),(0.02,0.)));
#10922=IFCINDEXEDPOLYCURVE(#10921,(IFCLINEINDEX((1,2,3,4,5,6,1))),$);
#10923=IFCARBITRARYCLOSEDPROFILEDEF(.AREA.,$,#10922);
#10924=IFCCARTESIANPOINT((0.10000000074505806,-0.035000000149011612,1.015000000372529));
#10925=IFCDIRECTION((0.,0.,1.));
#10926=IFCDIRECTION((1.,0.,0.));
#10927=IFCAXIS2PLACEMENT3D(#10924,#10925,#10926);
#10928=IFCDIRECTION((0.,0.,1.));
#10929=IFCEXTRUDEDAREASOLID(#10923,#10927,#10928,0.02);
#10930=IFCEXTRUDEDAREASOLID(#10931,#10934,#10938,0.02);
#10931=IFCARBITRARYCLOSEDPROFILEDEF(.AREA.,$,#10932);
#10932=IFCINDEXEDPOLYCURVE(#10933,(IFCLINEINDEX((1,2,3,4,5,6,1))),$);
#10933=IFCCARTESIANPOINTLIST2D(((0.,0.),(0.,0.040000000000000008),(0.11999999999999998,0.040000000000000008),(0.11999999999999998,0.020000000000000004),(0.020000000000000004,0.020000000000000004),(0.020000000000000004,0.)));
#10934=IFCAXIS2PLACEMENT3D(#10935,#10936,#10937);
#10935=IFCCARTESIANPOINT((0.10000000074505806,0.,1.015000000372529));
#10936=IFCDIRECTION((0.,0.,1.));
#10937=IFCDIRECTION((1.,0.,0.));
#10938=IFCDIRECTION((0.,0.,1.));
#10939=IFCSHAPEREPRESENTATION(#11,'Body','SweptSolid',(#10884,#10920,#10929,#10930,#10893,#10902,#10911));
#10940=IFCSHAPEREPRESENTATION(#11,'Body','SweptSolid',(#10884,#10893,#10902,#10911));
#10941=IFCSHAPEASPECT((#10940),'Lining',$,.T.,#10787);
#10942=IFCSHAPEREPRESENTATION(#11,'Body','SweptSolid',(#10920,#10929,#10930));
#10943=IFCSHAPEASPECT((#10942),'Framing',$,.T.,#10787);
#10944=IFCCARTESIANPOINTLIST2D(((0.,0.),(0.05000000074505806,0.),(0.05000000074505806,0.05000000074505806),(0.,0.05000000074505806)));
#10945=IFCINDEXEDPOLYCURVE(#10944,(IFCLINEINDEX((1,2,3,4,1))),$);
#10946=IFCINDEXEDPOLYCURVE(#10947,(IFCLINEINDEX((1,2,3,4,1))),$);
#10947=IFCCARTESIANPOINTLIST2D(((2.0630819797515869,0.),(2.0130819790065289,0.),(2.0130819790065289,0.05000000074505806),(2.0630819797515869,0.05000000074505806)));
#10948=IFCCARTESIANPOINTLIST2D(((2.9946229681372643,-0.035000000149011612),(1.0315409898757935,-0.035000000149011612),(1.0315409898757935,0.),(2.9946229681372643,0.)));
#10949=IFCINDEXEDPOLYCURVE(#10948,(IFCLINEINDEX((1,2,3,4,1))),$);
#10950=IFCSHAPEREPRESENTATION(#24,'Body','Curve2D',(#10945,#10946,#10949));
#10951=IFCCARTESIANPOINTLIST2D(((0.73707869313657282,-0.081587428267465345),(1.3260032866150142,-0.081587428267465345)));
#10952=IFCINDEXEDPOLYCURVE(#10951,$,$);
#10953=IFCCARTESIANPOINTLIST2D(((0.76707869313657284,-0.050529142855162856),(0.73707869313657282,-0.081587428267465345),(0.76707869313657284,-0.11264571367976783)));
#10954=IFCINDEXEDPOLYCURVE(#10953,$,$);
#10955=IFCSHAPEREPRESENTATION(#25,'Annotation','Curve2D',(#10952,#10954));
#10956=IFCCARTESIANPOINT((0.,0.,0.));
#10957=IFCDIRECTION((1.,0.,0.));
#10958=IFCDIRECTION((0.,0.,1.));
#10959=IFCAXIS2PLACEMENT3D(#10956,#10958,#10957);
#10960=IFCREPRESENTATIONMAP(#10959,#10955);
#10961=IFCCARTESIANPOINT((0.,0.,0.));
#10962=IFCDIRECTION((1.,0.,0.));
#10963=IFCDIRECTION((0.,1.,0.));
#10964=IFCDIRECTION((0.,0.,1.));
#10965=IFCCARTESIANTRANSFORMATIONOPERATOR3D(#10962,#10963,#10961,1.,#10964);
#10966=IFCMAPPEDITEM(#10960,#10965);
#10967=IFCSHAPEREPRESENTATION(#25,'Annotation','MappedRepresentation',(#10966));
#10968=IFCCARTESIANPOINTLIST2D(((0.,0.),(2.0630819797515869,0.),(2.0630819797515869,2.),(0.,2.)));
#10969=IFCINDEXEDPOLYCURVE(#10968,(IFCLINEINDEX((1,2,3,4,1))),$);
#10970=IFCARBITRARYCLOSEDPROFILEDEF(.AREA.,$,#10969);
#10971=IFCCARTESIANPOINT((0.,-0.60000002384185791,0.));
#10972=IFCDIRECTION((0.,-1.,0.));
#10973=IFCDIRECTION((1.,0.,0.));
#10974=IFCAXIS2PLACEMENT3D(#10971,#10972,#10973);
#10975=IFCDIRECTION((0.,0.,-1.));
#10976=IFCEXTRUDEDAREASOLID(#10970,#10974,#10975,1.2);
#10977=IFCSHAPEREPRESENTATION(#11,'Body','SweptSolid',(#10976));
#10983=IFCCARTESIANPOINT((3.3794355940189496,0.099998943660300155,0.));
#10984=IFCDIRECTION((0.,0.,1.));
#10985=IFCDIRECTION((-0.99999999999992417,3.8940881024406536E-07,0.));
#10986=IFCAXIS2PLACEMENT3D(#10983,#10984,#10985);
#10987=IFCLOCALPLACEMENT(#16784,#10986);
#10988=IFCCARTESIANPOINT((0.,-2.2204460492503131E-16,0.));
#10989=IFCDIRECTION((0.,0.,1.));
#10990=IFCDIRECTION((1.,4.3368086899420177E-19,0.));
#10991=IFCAXIS2PLACEMENT3D(#10988,#10989,#10990);
#10992=IFCLOCALPLACEMENT(#10987,#10991);
#10997=IFCMATERIALLAYERSET((#10998),$,$);
#10998=IFCMATERIALLAYER(#81,0.10000000000000001,$,$,$,$,$);
#11000=IFCSLABTYPE('0llqvhFujE78VWiVcZ_Dv8',$,'Slab-Roof',$,$,(#11001),$,$,$,.FLOOR.);
#11001=IFCPROPERTYSET('36YveN_q11fBkcfrswuozi',$,'EPset_Parametric',$,(#11002));
#11002=IFCPROPERTYSINGLEVALUE('LayerSetDirection',$,IFCLABEL('AXIS3'),$);
#11003=IFCRELASSOCIATESMATERIAL('0HCGFNRl5DseJUOfwxnaDO',$,$,$,(#11000),#11004);
#11004=IFCMATERIALLAYERSET((#11005),$,$);
#11005=IFCMATERIALLAYER(#81,0.10000000000000001,$,$,$,$,$);
#11006=IFCSLAB('1w8OomGCjDQeYz3oU8DZbB',$,'Slab',$,$,#18279,#11021,$,$);
#11007=IFCRELDEFINESBYTYPE('0WY$S$ycrEMAz2oDyCl9vN',$,$,$,(#11006),#11000);
#11008=IFCMATERIALLAYERSETUSAGE(#11004,.AXIS3.,.POSITIVE.,-0.10000000149011612,$);
#11009=IFCRELASSOCIATESMATERIAL('1rvdKqQdP5CBd5m3YAL5oG',$,$,$,(#11006),#11008);
#11015=IFCCARTESIANPOINTLIST2D(((0.,0.),(-4.,4.76837158203125E-07),(-4.,-0.99125814437866211),(-7.5,-0.9912567138671875),(-7.4999995231628418,-8.1049175262451172),(-3.9722869396209717,-8.1059455871582031),(-3.9722776412963867,-8.7021598815917969),(-2.405512809753418,-8.7026052474975586),(-2.4060583114624023,-9.5966606140136719),(-0.019400119781494141,-9.5981893539428711),(0.,0.)));
#11016=IFCINDEXEDPOLYCURVE(#11015,$,$);
#11017=IFCDIRECTION((0.,0.,1.));
#11018=IFCARBITRARYCLOSEDPROFILEDEF(.AREA.,$,#11016);
#11019=IFCEXTRUDEDAREASOLID(#11018,#11028,#11017,0.10000000000000001);
#11020=IFCSHAPEREPRESENTATION(#11,'Body','SweptSolid',(#11019));
#11021=IFCPRODUCTDEFINITIONSHAPE($,$,(#11020));
#11022=IFCPROPERTYSET('3nbZaLzdD3SQciP7qoPwJP',$,'EPset_Parametric',$,(#11024));
#11023=IFCRELDEFINESBYPROPERTIES('1$6qNGK5XAbPu4JfKmpniD',$,$,$,(#11006),#11022);
#11024=IFCPROPERTYSINGLEVALUE('Engine',$,IFCLABEL('Bonsai.DumbLayer3'),$);
#11025=IFCCARTESIANPOINT((-0.,-0.,-0.10000000149011612));
#11026=IFCDIRECTION((0.,0.,1.));
#11027=IFCDIRECTION((1.,0.,0.));
#11028=IFCAXIS2PLACEMENT3D(#11025,#11026,#11027);
#11029=IFCROOF('2YHLcR1ND4tuCp4lOTvVek',$,'Roof',$,$,#18284,#11038,$,$);
#11030=IFCRELDEFINESBYTYPE('1dHfuz4yP3zvwOPOaNqsIu',$,$,$,(#11029),#4597);
#11031=IFCCARTESIANPOINT((0.,0.,0.));
#11032=IFCDIRECTION((1.,0.,0.));
#11033=IFCDIRECTION((0.,1.,0.));
#11034=IFCDIRECTION((0.,0.,1.));
#11035=IFCCARTESIANTRANSFORMATIONOPERATOR3D(#11032,#11033,#11031,1.,#11034);
#11036=IFCMAPPEDITEM(#4627,#11035);
#11037=IFCSHAPEREPRESENTATION(#11,'Body','MappedRepresentation',(#11036));
#11038=IFCPRODUCTDEFINITIONSHAPE($,$,(#11037,#11045));
#11039=IFCCARTESIANPOINT((0.,0.,0.));
#11040=IFCDIRECTION((1.,0.,0.));
#11041=IFCDIRECTION((0.,1.,0.));
#11042=IFCDIRECTION((0.,0.,1.));
#11043=IFCCARTESIANTRANSFORMATIONOPERATOR3D(#11040,#11041,#11039,1.,#11042);
#11044=IFCMAPPEDITEM(#4655,#11043);
#11045=IFCSHAPEREPRESENTATION(#13,'Box','MappedRepresentation',(#11044));
#11051=IFCCARTESIANPOINT((0.88025939402152464,0.084999886743553521,0.));
#11052=IFCDIRECTION((0.,0.,1.));
#11053=IFCDIRECTION((-0.99999999999994682,3.2584590505956197E-07,0.));
#11054=IFCAXIS2PLACEMENT3D(#11051,#11052,#11053);
#11055=IFCLOCALPLACEMENT(#8985,#11054);
#11076=IFCCARTESIANPOINT((0.14070153599519708,0.015000591078546122,0.));
#11077=IFCDIRECTION((0.,0.,1.));
#11078=IFCDIRECTION((0.99999999999978784,-6.5168205728296456E-07,0.));
#11079=IFCAXIS2PLACEMENT3D(#11076,#11077,#11078);
#11080=IFCLOCALPLACEMENT(#16829,#11079);
#11081=IFCCARTESIANPOINT((0.874682391565062,0.084999989984455848,0.));
#11082=IFCDIRECTION((0.,0.,1.));
#11083=IFCDIRECTION((-0.99999999999999623,-8.7422449675648338E-08,0.));
#11084=IFCAXIS2PLACEMENT3D(#11081,#11082,#11083);
#11085=IFCLOCALPLACEMENT(#11080,#11084);
#11086=IFCCOVERINGTYPE('1SSEol55rFaQcm8NTIISHB',$,'FL-1-GF',$,$,(#11090),$,$,$,.FLOORING.);
#11087=IFCMATERIALLAYERSET((#14722,#14739),$,$);
#11088=IFCRELASSOCIATESMATERIAL('3Ay2wXHYf9JQWNpqPhpb9y',$,$,$,(#11086),#11087);
#11090=IFCPROPERTYSET('0YrlgCNILA9xIjkhKgPuEW',$,'EPset_Parametric',$,(#11091));
#11091=IFCPROPERTYSINGLEVALUE('LayerSetDirection',$,IFCLABEL('AXIS3'),$);
#11092=IFCCOVERING('05FbI0P8v0rw4pmuS8StYv',$,'Covering',$,$,#16844,#11107,$,$);
#11093=IFCRELDEFINESBYTYPE('3Q9mkSpEz9sOCLuWUQiHMr',$,$,$,(#11165,#11129,#11111,#11092),#11086);
#11094=IFCMATERIALLAYERSETUSAGE(#11087,.AXIS3.,.POSITIVE.,0.,$);
#11095=IFCRELASSOCIATESMATERIAL('3vdVbawi9Fiwu_MvVSzHKC',$,$,$,(#11092),#11094);
#11101=IFCCARTESIANPOINTLIST2D(((0.,0.),(1.,0.),(1.,1.),(0.,1.),(0.,0.)));
#11102=IFCINDEXEDPOLYCURVE(#11101,$,$);
#11103=IFCDIRECTION((0.,0.,1.));
#11104=IFCARBITRARYCLOSEDPROFILEDEF(.AREA.,$,#11102);
#11105=IFCEXTRUDEDAREASOLID(#11104,#14730,#11103,0.09999999962747097);
#11106=IFCSHAPEREPRESENTATION(#11,'Body','SweptSolid',(#11105));
#11107=IFCPRODUCTDEFINITIONSHAPE($,$,(#11106));
#11108=IFCPROPERTYSET('3corRzz0nD$f3Db4dxgPtR',$,'EPset_Parametric',$,(#11110));
#11109=IFCRELDEFINESBYPROPERTIES('3JpY46m_PFcgQ2GduNs$21',$,$,$,(#11092),#11108);
#11110=IFCPROPERTYSINGLEVALUE('Engine',$,IFCLABEL('Bonsai.DumbLayer3'),$);
#11111=IFCCOVERING('2Khl08e5nE9eC74cAUEd$N',$,'Covering',$,$,#16849,#11125,$,$);
#11112=IFCMATERIALLAYERSETUSAGE(#11087,.AXIS3.,.POSITIVE.,0.,$);
#11113=IFCRELASSOCIATESMATERIAL('2tQivmJJ5F4xHbkWTOuBLJ',$,$,$,(#11111),#11112);
#11119=IFCCARTESIANPOINTLIST2D(((0.,0.),(1.,0.),(1.,1.),(0.,1.),(0.,0.)));
#11120=IFCINDEXEDPOLYCURVE(#11119,$,$);
#11121=IFCDIRECTION((0.,0.,1.));
#11122=IFCARBITRARYCLOSEDPROFILEDEF(.AREA.,$,#11120);
#11123=IFCEXTRUDEDAREASOLID(#11122,#14738,#11121,0.09999999962747097);
#11124=IFCSHAPEREPRESENTATION(#11,'Body','SweptSolid',(#11123));
#11125=IFCPRODUCTDEFINITIONSHAPE($,$,(#11124));
#11126=IFCPROPERTYSET('1JJ1IZfqPEguoeLBCIuwXz',$,'EPset_Parametric',$,(#11128));
#11127=IFCRELDEFINESBYPROPERTIES('3SicXDPvv6PugjaEP91k8a',$,$,$,(#11111),#11126);
#11128=IFCPROPERTYSINGLEVALUE('Engine',$,IFCLABEL('Bonsai.DumbLayer3'),$);
#11129=IFCCOVERING('2TSMaMZX54RPg18S6XQulP',$,'Covering',$,$,#16854,#11143,$,$);
#11130=IFCMATERIALLAYERSETUSAGE(#11087,.AXIS3.,.POSITIVE.,0.,$);
#11131=IFCRELASSOCIATESMATERIAL('1UFvblEQP8a8iAQ$9PA2_8',$,$,$,(#11129),#11130);
#11137=IFCCARTESIANPOINTLIST2D(((0.,0.),(1.,0.),(1.,1.),(0.,1.),(0.,0.)));
#11138=IFCINDEXEDPOLYCURVE(#11137,$,$);
#11139=IFCDIRECTION((0.,0.,1.));
#11140=IFCARBITRARYCLOSEDPROFILEDEF(.AREA.,$,#11138);
#11141=IFCEXTRUDEDAREASOLID(#11140,#14734,#11139,0.09999999962747097);
#11142=IFCSHAPEREPRESENTATION(#11,'Body','SweptSolid',(#11141));
#11143=IFCPRODUCTDEFINITIONSHAPE($,$,(#11142));
#11144=IFCPROPERTYSET('15bdvSwpD93uuAOz5U4Rs8',$,'EPset_Parametric',$,(#11146));
#11145=IFCRELDEFINESBYPROPERTIES('3aNQfxn8j7pRTU_Vdg$hRu',$,$,$,(#11129),#11144);
#11146=IFCPROPERTYSINGLEVALUE('Engine',$,IFCLABEL('Bonsai.DumbLayer3'),$);
#11165=IFCCOVERING('04brvrvhLA0favJRvGobf_',$,'Covering',$,$,#11172,#11179,$,$);
#11166=IFCMATERIALLAYERSETUSAGE(#11087,.AXIS3.,.POSITIVE.,0.,$);
#11167=IFCRELASSOCIATESMATERIAL('3ds$0md_j1Ivbe69f2a_ED',$,$,$,(#11165),#11166);
#11168=IFCCARTESIANPOINT((2.8888673782348633,4.6729168891906738,0.));
#11169=IFCDIRECTION((0.,0.,1.));
#11170=IFCDIRECTION((1.,0.,0.));
#11171=IFCAXIS2PLACEMENT3D(#11168,#11169,#11170);
#11172=IFCLOCALPLACEMENT(#79,#11171);
#11173=IFCCARTESIANPOINTLIST2D(((0.,0.),(1.,0.),(1.,1.),(0.,1.),(0.,0.)));
#11174=IFCINDEXEDPOLYCURVE(#11173,$,$);
#11175=IFCDIRECTION((0.,0.,1.));
#11176=IFCARBITRARYCLOSEDPROFILEDEF(.AREA.,$,#11174);
#11177=IFCEXTRUDEDAREASOLID(#11176,#14726,#11175,0.09999999962747097);
#11178=IFCSHAPEREPRESENTATION(#11,'Body','SweptSolid',(#11177));
#11179=IFCPRODUCTDEFINITIONSHAPE($,$,(#11178));
#11180=IFCPROPERTYSET('1it65siNf3VAkhCiapIjVH',$,'EPset_Parametric',$,(#11182));
#11181=IFCRELDEFINESBYPROPERTIES('15VOnAaYPBkh4JMM4ELOnN',$,$,$,(#11165),#11180);
#11182=IFCPROPERTYSINGLEVALUE('Engine',$,IFCLABEL('Bonsai.DumbLayer3'),$);
#11183=IFCMATERIAL('screed',$,'cement');
#11184=IFCMATERIAL('parquet',$,'wood');
#14722=IFCMATERIALLAYER(#11183,0.070000000298023224,$,$,$,$,$);
#14723=IFCCARTESIANPOINT((0.,0.,0.));
#14724=IFCDIRECTION((0.,0.,1.));
#14725=IFCDIRECTION((1.,0.,0.));
#14726=IFCAXIS2PLACEMENT3D(#14723,#14724,#14725);
#14727=IFCCARTESIANPOINT((0.,0.,0.));
#14728=IFCDIRECTION((0.,0.,1.));
#14729=IFCDIRECTION((1.,0.,0.));
#14730=IFCAXIS2PLACEMENT3D(#14727,#14728,#14729);
#14731=IFCCARTESIANPOINT((0.,0.,0.));
#14732=IFCDIRECTION((0.,0.,1.));
#14733=IFCDIRECTION((1.,0.,0.));
#14734=IFCAXIS2PLACEMENT3D(#14731,#14732,#14733);
#14735=IFCCARTESIANPOINT((0.,0.,0.));
#14736=IFCDIRECTION((0.,0.,1.));
#14737=IFCDIRECTION((1.,0.,0.));
#14738=IFCAXIS2PLACEMENT3D(#14735,#14736,#14737);
#14739=IFCMATERIALLAYER(#11184,0.029999999329447746,$,$,$,$,$);
#14740=IFCSTAIRFLIGHTTYPE('3tSxClBAj28RPDw8_7t5DO',$,'Stair-1',$,$,(#14741,#14743),(#14785,#14839),$,$,.STRAIGHT.);
#14741=IFCPROPERTYSET('3COOEILiLEgu$EESUbDTQa',$,'BBIM_Stair',$,(#14742));
#14742=IFCPROPERTYSINGLEVALUE('Data',$,IFCTEXT('{"stair_type": "GENERIC", "width": 0.812314510345459, "height": 1.7999999523162842, "number_of_treads": 7, "tread_run": 0.18611744046211243, "nosing_length": 0.0, "nosing_depth": 0.0, "custom_first_last_tread_run": [null, null], "custom_tread_lock": true}'),$);
#14743=IFCPROPERTYSET('1MGIuxui92SOZ8MBwATs9E',$,'Pset_StairFlightCommon',$,(#14744,#14745,#14746,#14747,#14748));
#14744=IFCPROPERTYSINGLEVALUE('NumberOfRiser',$,IFCCOUNTMEASURE(8.),$);
#14745=IFCPROPERTYSINGLEVALUE('NumberOfTreads',$,IFCCOUNTMEASURE(7.),$);
#14746=IFCPROPERTYSINGLEVALUE('RiserHeight',$,IFCPOSITIVELENGTHMEASURE(0.22499999403953552),$);
#14747=IFCPROPERTYSINGLEVALUE('TreadLength',$,IFCPOSITIVELENGTHMEASURE(0.25),$);
#14748=IFCPROPERTYSINGLEVALUE('NosingLength',$,IFCLENGTHMEASURE(0.),$);
#14781=IFCCARTESIANPOINT((0.,0.,0.));
#14782=IFCDIRECTION((1.,0.,0.));
#14783=IFCDIRECTION((0.,0.,1.));
#14784=IFCAXIS2PLACEMENT3D(#14781,#14783,#14782);
#14785=IFCREPRESENTATIONMAP(#14784,#14830);
#14786=IFCSTAIRFLIGHT('2RSQxtRBnEHAxro0ELlQKg',$,'StairFlight',$,$,#14908,#14795,$,8,7,0.22499999403953552,0.25,.STRAIGHT.);
#14787=IFCRELDEFINESBYTYPE('36XfmQ3Pj9kf6Vbj_mk4B_',$,$,$,(#14786),#14740);
#14795=IFCPRODUCTDEFINITIONSHAPE($,$,(#14802,#14846));
#14796=IFCCARTESIANPOINT((0.,0.,0.));
#14797=IFCDIRECTION((1.,0.,0.));
#14798=IFCDIRECTION((0.,1.,0.));
#14799=IFCDIRECTION((0.,0.,1.));
#14800=IFCCARTESIANTRANSFORMATIONOPERATOR3D(#14797,#14798,#14796,1.,#14799);
#14801=IFCMAPPEDITEM(#14785,#14800);
#14802=IFCSHAPEREPRESENTATION(#11,'Body','MappedRepresentation',(#14801));
#14808=IFCINDEXEDPOLYGONALFACE((2,1,18,17,16,15,14,13,12,11,10,9,8,7,6,5,4,3));
#14809=IFCINDEXEDPOLYGONALFACE((19,20,21,22,23,24,25,26,27,28,29,30,31,32,33,34,35,36));
#14810=IFCINDEXEDPOLYGONALFACE((11,12,29,28));
#14811=IFCINDEXEDPOLYGONALFACE((4,5,22,21));
#14812=IFCINDEXEDPOLYGONALFACE((12,13,30,29));
#14813=IFCINDEXEDPOLYGONALFACE((5,6,23,22));
#14814=IFCINDEXEDPOLYGONALFACE((13,14,31,30));
#14815=IFCINDEXEDPOLYGONALFACE((6,7,24,23));
#14816=IFCINDEXEDPOLYGONALFACE((14,15,32,31));
#14817=IFCINDEXEDPOLYGONALFACE((7,8,25,24));
#14818=IFCINDEXEDPOLYGONALFACE((15,16,33,32));
#14819=IFCINDEXEDPOLYGONALFACE((8,9,26,25));
#14820=IFCINDEXEDPOLYGONALFACE((1,2,19,36));
#14821=IFCINDEXEDPOLYGONALFACE((16,17,34,33));
#14822=IFCINDEXEDPOLYGONALFACE((9,10,27,26));
#14823=IFCINDEXEDPOLYGONALFACE((2,3,20,19));
#14824=IFCINDEXEDPOLYGONALFACE((17,18,35,34));
#14825=IFCINDEXEDPOLYGONALFACE((10,11,28,27));
#14826=IFCINDEXEDPOLYGONALFACE((3,4,21,20));
#14827=IFCINDEXEDPOLYGONALFACE((18,1,36,35));
#14828=IFCCARTESIANPOINTLIST3D(((0.,0.,0.),(0.,0.,0.22499999403953552),(0.18611744046211243,0.,0.22499999403953552),(0.18611744046211243,0.,0.44999998807907104),(0.37223488092422485,0.,0.44999998807907104),(0.37223488092422485,0.,0.67499995231628418),(0.55835235118865967,0.,0.67499995231628418),(0.55835235118865967,0.,0.89999997615814209),(0.74446976184844971,0.,0.89999997615814209),(0.74446976184844971,0.,1.125),(0.93058717250823975,0.,1.125),(0.93058717250823975,0.,1.3500000238418579),(1.1167045831680298,0.,1.3500000238418579),(1.1167045831680298,0.,1.5750000476837158),(1.3028219938278198,0.,1.5750000476837158),(1.3028219938278198,0.,1.8000000715255737),(1.4889394044876099,0.,1.8000000715255737),(1.4889394044876099,0.,0.),(0.,0.81231451034545898,0.22499999403953552),(0.18611744046211243,0.81231451034545898,0.22499999403953552),(0.18611744046211243,0.81231451034545898,0.44999998807907104),(0.37223488092422485,0.81231451034545898,0.44999998807907104),(0.37223488092422485,0.81231451034545898,0.67499995231628418),(0.55835235118865967,0.81231451034545898,0.67499995231628418),(0.55835235118865967,0.81231451034545898,0.89999997615814209),(0.74446976184844971,0.81231451034545898,0.89999997615814209),(0.74446976184844971,0.81231451034545898,1.125),(0.93058717250823975,0.81231451034545898,1.125),(0.93058717250823975,0.81231451034545898,1.3500000238418579),(1.1167045831680298,0.81231451034545898,1.3500000238418579),(1.1167045831680298,0.81231451034545898,1.5750000476837158),(1.3028219938278198,0.81231451034545898,1.5750000476837158),(1.3028219938278198,0.81231451034545898,1.8000000715255737),(1.4889394044876099,0.81231451034545898,1.8000000715255737),(1.4889394044876099,0.81231451034545898,0.),(0.,0.81231451034545898,0.)));
#14829=IFCPOLYGONALFACESET(#14828,.T.,(#14808,#14809,#14810,#14811,#14812,#14813,#14814,#14815,#14816,#14817,#14818,#14819,#14820,#14821,#14822,#14823,#14824,#14825,#14826,#14827),$);
#14830=IFCSHAPEREPRESENTATION(#11,'Body','Tessellation',(#14829));
#14832=IFCCARTESIANPOINT((0.,0.,0.));
#14833=IFCBOUNDINGBOX(#14832,1.4889394044876099,0.81231451034545898,1.8000000715255737);
#14834=IFCSHAPEREPRESENTATION(#13,'Box','BoundingBox',(#14833));
#14835=IFCCARTESIANPOINT((0.,0.,0.));
#14836=IFCDIRECTION((1.,0.,0.));
#14837=IFCDIRECTION((0.,0.,1.));
#14838=IFCAXIS2PLACEMENT3D(#14835,#14837,#14836);
#14839=IFCREPRESENTATIONMAP(#14838,#14834);
#14840=IFCCARTESIANPOINT((0.,0.,0.));
#14841=IFCDIRECTION((1.,0.,0.));
#14842=IFCDIRECTION((0.,1.,0.));
#14843=IFCDIRECTION((0.,0.,1.));
#14844=IFCCARTESIANTRANSFORMATIONOPERATOR3D(#14841,#14842,#14840,1.,#14843);
#14845=IFCMAPPEDITEM(#14839,#14844);
#14846=IFCSHAPEREPRESENTATION(#13,'Box','MappedRepresentation',(#14845));
#14852=IFCSLABTYPE('0T0PBpp2H62gOktgMaC9PA',$,'Slab Landing',$,$,(#14856),$,$,$,.LANDING.);
#14853=IFCMATERIALLAYERSET((#14855),$,$);
#14854=IFCRELASSOCIATESMATERIAL('1PXNiS2lf07gGxaaDwywcA',$,$,$,(#14852),#14853);
#14855=IFCMATERIALLAYER(#81,1.7999999523162842,$,$,$,$,$);
#14856=IFCPROPERTYSET('16ZpZHZX95cgkoq3lA_PYw',$,'EPset_Parametric',$,(#14857));
#14857=IFCPROPERTYSINGLEVALUE('LayerSetDirection',$,IFCLABEL('AXIS3'),$);
#14881=IFCSLAB('1WWYuzwwH7PgV$sd$PJODP',$,'Slab',$,$,#14913,#14896,$,$);
#14882=IFCRELDEFINESBYTYPE('3kPoWq0gjDzBZNFtaL5Mqy',$,$,$,(#14881),#14852);
#14883=IFCMATERIALLAYERSETUSAGE(#14853,.AXIS3.,.POSITIVE.,-0.10000000149011612,$);
#14884=IFCRELASSOCIATESMATERIAL('3WfZDhaIz2wQr2D3r0lb0h',$,$,$,(#14881),#14883);
#14892=IFCDIRECTION((0.,0.,1.));
#14894=IFCEXTRUDEDAREASOLID(#15382,#14903,#14892,1.7999999523162842);
#14895=IFCSHAPEREPRESENTATION(#11,'Body','SweptSolid',(#14894));
#14896=IFCPRODUCTDEFINITIONSHAPE($,$,(#14895));
#14897=IFCPROPERTYSET('3BahqmZY9Beg_ZEEfSeScV',$,'EPset_Parametric',$,(#14899));
#14898=IFCRELDEFINESBYPROPERTIES('2xf_zMqm90ChzUUvN7WQsM',$,$,$,(#14881),#14897);
#14899=IFCPROPERTYSINGLEVALUE('Engine',$,IFCLABEL('Bonsai.DumbLayer3'),$);
#14900=IFCCARTESIANPOINT((-0.,-0.,-0.10000000149011612));
#14901=IFCDIRECTION((0.,0.,1.));
#14902=IFCDIRECTION((1.,0.,0.));
#14903=IFCAXIS2PLACEMENT3D(#14900,#14901,#14902);
#14904=IFCCARTESIANPOINT((1.8214244842529297,0.52678322792053223,0.));
#14905=IFCDIRECTION((0.,0.,1.));
#14906=IFCDIRECTION((1.,0.,0.));
#14907=IFCAXIS2PLACEMENT3D(#14904,#14905,#14906);
#14908=IFCLOCALPLACEMENT(#79,#14907);
#14909=IFCCARTESIANPOINT((3.3095967769622803,1.3348596096038818,0.10000000149011612));
#14910=IFCDIRECTION((0.,0.,1.));
#14911=IFCDIRECTION((1.,0.,0.));
#14912=IFCAXIS2PLACEMENT3D(#14909,#14910,#14911);
#14913=IFCLOCALPLACEMENT(#79,#14912);
#14914=IFCRAILINGTYPE('1iYl6UsgvB8vdgpxozlIij',$,'Balcony-1',$,$,(#14915,#14917),(#14946,#14990),$,$,.USERDEFINED.);
#14915=IFCPROPERTYSET('1N2iMvD$n5WfuGAJPKX5bE',$,'BBIM_Railing',$,(#14916));
#14916=IFCPROPERTYSINGLEVALUE('Data',$,IFCTEXT('{"railing_type": "FRAMELESS_PANEL", "height": 1.0, "thickness": 0.05000000074505806, "spacing": 0.05000000074505806, "path_data": {"edges": [[0, 1], [1, 2]], "verts": [[-1.0, 0.0, 0.0], [0.0, 0.0, 0.0], [1.0, 0.0, 0.0]]}}'),$);
#14917=IFCPROPERTYSET('0LcAmvkz1FNfSPtP3sls64',$,'Pset_RailingCommon',$,(#14918));
#14918=IFCPROPERTYSINGLEVALUE('Height',$,IFCPOSITIVELENGTHMEASURE(1.),$);
#14942=IFCCARTESIANPOINT((0.,0.,0.));
#14943=IFCDIRECTION((1.,0.,0.));
#14944=IFCDIRECTION((0.,0.,1.));
#14945=IFCAXIS2PLACEMENT3D(#14942,#14944,#14943);
#14946=IFCREPRESENTATIONMAP(#14945,#14981);
#14947=IFCINDEXEDPOLYGONALFACE((2,3,4));
#14948=IFCINDEXEDPOLYGONALFACE((2,4,1));
#14949=IFCINDEXEDPOLYGONALFACE((6,7,8));
#14950=IFCINDEXEDPOLYGONALFACE((6,8,5));
#14951=IFCINDEXEDPOLYGONALFACE((12,9,10));
#14952=IFCINDEXEDPOLYGONALFACE((12,10,11));
#14953=IFCINDEXEDPOLYGONALFACE((13,14,9));
#14954=IFCINDEXEDPOLYGONALFACE((13,9,12));
#14955=IFCINDEXEDPOLYGONALFACE((18,15,16));
#14956=IFCINDEXEDPOLYGONALFACE((18,16,17));
#14957=IFCINDEXEDPOLYGONALFACE((19,20,15));
#14958=IFCINDEXEDPOLYGONALFACE((19,15,18));
#14959=IFCINDEXEDPOLYGONALFACE((2,9,14));
#14960=IFCINDEXEDPOLYGONALFACE((1,10,9));
#14961=IFCINDEXEDPOLYGONALFACE((1,9,2));
#14962=IFCINDEXEDPOLYGONALFACE((6,19,7));
#14963=IFCINDEXEDPOLYGONALFACE((6,20,19));
#14964=IFCINDEXEDPOLYGONALFACE((18,8,7));
#14965=IFCINDEXEDPOLYGONALFACE((18,7,19));
#14966=IFCINDEXEDPOLYGONALFACE((17,8,18));
#14967=IFCINDEXEDPOLYGONALFACE((16,5,8));
#14968=IFCINDEXEDPOLYGONALFACE((16,8,17));
#14969=IFCINDEXEDPOLYGONALFACE((6,15,20));
#14970=IFCINDEXEDPOLYGONALFACE((5,16,15));
#14971=IFCINDEXEDPOLYGONALFACE((5,15,6));
#14972=IFCINDEXEDPOLYGONALFACE((10,1,4));
#14973=IFCINDEXEDPOLYGONALFACE((10,4,11));
#14974=IFCINDEXEDPOLYGONALFACE((2,13,3));
#14975=IFCINDEXEDPOLYGONALFACE((2,14,13));
#14976=IFCINDEXEDPOLYGONALFACE((12,4,3));
#14977=IFCINDEXEDPOLYGONALFACE((12,3,13));
#14978=IFCINDEXEDPOLYGONALFACE((11,4,12));
#14979=IFCCARTESIANPOINTLIST3D(((-0.02500000037252903,-0.02500000037252903,1.),(-0.02500000037252903,0.02500000037252903,1.),(-0.97500002384185791,0.02500000037252903,1.),(-0.97500002384185791,-0.02500000037252903,1.),(0.97500002384185791,-0.02500000037252903,1.),(0.97500002384185791,0.02500000037252903,1.),(0.02500000037252903,0.02500000037252903,1.),(0.02500000037252903,-0.02500000037252903,1.),(-0.02500000037252903,0.,0.),(-0.02500000037252903,-0.02500000037252903,0.),(-0.97500002384185791,-0.02500000037252903,0.),(-0.97500002384185791,0.,0.),(-0.97500002384185791,0.02500000037252903,0.),(-0.02500000037252903,0.02500000037252903,0.),(0.97500002384185791,0.,0.),(0.97500002384185791,-0.02500000037252903,0.),(0.02500000037252903,-0.02500000037252903,0.),(0.02500000037252903,0.,0.),(0.02500000037252903,0.02500000037252903,0.),(0.97500002384185791,0.02500000037252903,0.)));
#14980=IFCPOLYGONALFACESET(#14979,.T.,(#14947,#14948,#14949,#14950,#14951,#14952,#14953,#14954,#14955,#14956,#14957,#14958,#14959,#14960,#14961,#14962,#14963,#14964,#14965,#14966,#14967,#14968,#14969,#14970,#14971,#14972,#14973,#14974,#14975,#14976,#14977,#14978),$);
#14981=IFCSHAPEREPRESENTATION(#11,'Body','Tessellation',(#14980));
#14983=IFCCARTESIANPOINT((-0.97500002384185791,-0.02500000037252903,0.));
#14984=IFCBOUNDINGBOX(#14983,1.9500000476837158,0.05000000074505806,1.);
#14985=IFCSHAPEREPRESENTATION(#13,'Box','BoundingBox',(#14984));
#14986=IFCCARTESIANPOINT((0.,0.,0.));
#14987=IFCDIRECTION((1.,0.,0.));
#14988=IFCDIRECTION((0.,0.,1.));
#14989=IFCAXIS2PLACEMENT3D(#14986,#14988,#14987);
#14990=IFCREPRESENTATIONMAP(#14989,#14985);
#14991=IFCRAILING('2ihofwdaT7RxzyAjFlDTQN',$,'Railing',$,$,#16859,#15000,$,$);
#14992=IFCRELDEFINESBYTYPE('1Gsh$xlDj3p9ijQPUpl7rX',$,$,$,(#14991,#15018,#15039),#14914);
#14993=IFCCARTESIANPOINT((0.,0.,0.));
#14994=IFCDIRECTION((1.,0.,0.));
#14995=IFCDIRECTION((0.,1.,0.));
#14996=IFCDIRECTION((0.,0.,1.));
#14997=IFCCARTESIANTRANSFORMATIONOPERATOR3D(#14994,#14995,#14993,1.,#14996);
#14998=IFCMAPPEDITEM(#14946,#14997);
#14999=IFCSHAPEREPRESENTATION(#11,'Body','MappedRepresentation',(#14998));
#15000=IFCPRODUCTDEFINITIONSHAPE($,$,(#14999,#15007));
#15001=IFCCARTESIANPOINT((0.,0.,0.));
#15002=IFCDIRECTION((1.,0.,0.));
#15003=IFCDIRECTION((0.,1.,0.));
#15004=IFCDIRECTION((0.,0.,1.));
#15005=IFCCARTESIANTRANSFORMATIONOPERATOR3D(#15002,#15003,#15001,1.,#15004);
#15006=IFCMAPPEDITEM(#14990,#15005);
#15007=IFCSHAPEREPRESENTATION(#13,'Box','MappedRepresentation',(#15006));
#15018=IFCRAILING('19nsx5PyvC$fVN$7I1l_wo',$,'Railing',$,$,#16864,#15031,$,$);
#15024=IFCCARTESIANPOINT((0.,0.,0.));
#15025=IFCDIRECTION((1.,0.,0.));
#15026=IFCDIRECTION((0.,1.,0.));
#15027=IFCDIRECTION((0.,0.,1.));
#15028=IFCCARTESIANTRANSFORMATIONOPERATOR3D(#15025,#15026,#15024,1.,#15027);
#15029=IFCMAPPEDITEM(#14946,#15028);
#15030=IFCSHAPEREPRESENTATION(#11,'Body','MappedRepresentation',(#15029));
#15031=IFCPRODUCTDEFINITIONSHAPE($,$,(#15030,#15038));
#15032=IFCCARTESIANPOINT((0.,0.,0.));
#15033=IFCDIRECTION((1.,0.,0.));
#15034=IFCDIRECTION((0.,1.,0.));
#15035=IFCDIRECTION((0.,0.,1.));
#15036=IFCCARTESIANTRANSFORMATIONOPERATOR3D(#15033,#15034,#15032,1.,#15035);
#15037=IFCMAPPEDITEM(#14990,#15036);
#15038=IFCSHAPEREPRESENTATION(#13,'Box','MappedRepresentation',(#15037));
#15039=IFCRAILING('2cM8n_nsT8w9C8iH9yW6J$',$,'Railing',$,$,#16874,#15052,$,$);
#15045=IFCCARTESIANPOINT((0.,0.,0.));
#15046=IFCDIRECTION((1.,0.,0.));
#15047=IFCDIRECTION((0.,1.,0.));
#15048=IFCDIRECTION((0.,0.,1.));
#15049=IFCCARTESIANTRANSFORMATIONOPERATOR3D(#15046,#15047,#15045,1.,#15048);
#15050=IFCMAPPEDITEM(#14946,#15049);
#15051=IFCSHAPEREPRESENTATION(#11,'Body','MappedRepresentation',(#15050));
#15052=IFCPRODUCTDEFINITIONSHAPE($,$,(#15051,#15059));
#15053=IFCCARTESIANPOINT((0.,0.,0.));
#15054=IFCDIRECTION((1.,0.,0.));
#15055=IFCDIRECTION((0.,1.,0.));
#15056=IFCDIRECTION((0.,0.,1.));
#15057=IFCCARTESIANTRANSFORMATIONOPERATOR3D(#15054,#15055,#15053,1.,#15056);
#15058=IFCMAPPEDITEM(#14990,#15057);
#15059=IFCSHAPEREPRESENTATION(#13,'Box','MappedRepresentation',(#15058));
#15060=IFCRAILINGTYPE('0142cxJCP1pQUEed3yA6PV',$,'Balcony-2',$,$,(#15061,#15063),(#15065,#15179),$,$,.USERDEFINED.);
#15061=IFCPROPERTYSET('2oT1yyePH04P$alBr_icOC',$,'BBIM_Railing',$,(#15062));
#15062=IFCPROPERTYSINGLEVALUE('Data',$,IFCTEXT('{"railing_type": "FRAMELESS_PANEL", "height": 1.0, "thickness": 0.05000000074505806, "spacing": 0.05000000074505806, "path_data": {"edges": [[0, 1], [1, 2]], "verts": [[-0.13860511779785156, -4.76837158203125e-07, 0.0], [0.0, 0.0, 0.0], [1.0, 0.0, 0.0]]}}'),$);
#15063=IFCPROPERTYSET('194jaPU3r55gUtwalgpadq',$,'Pset_RailingCommon',$,(#15064));
#15064=IFCPROPERTYSINGLEVALUE('Height',$,IFCPOSITIVELENGTHMEASURE(1.),$);
#15065=IFCREPRESENTATIONMAP(#15066,#15170);
#15066=IFCAXIS2PLACEMENT3D(#15067,#15068,#15069);
#15067=IFCCARTESIANPOINT((0.,0.,0.));
#15068=IFCDIRECTION((0.,0.,1.));
#15069=IFCDIRECTION((1.,0.,0.));
#15113=IFCRAILING('0PXTl5ZPbAwO7pYoosQJoW',$,'Railing',$,'FRAMELESS_PANEL',#16879,#15122,$,.USERDEFINED.);
#15114=IFCRELDEFINESBYTYPE('2va1IOS5L7Cwt$d00YV5oL',$,$,$,(#15135,#15113),#15060);
#15115=IFCCARTESIANPOINT((0.,0.,0.));
#15116=IFCDIRECTION((1.,0.,0.));
#15117=IFCDIRECTION((0.,1.,0.));
#15118=IFCDIRECTION((0.,0.,1.));
#15119=IFCCARTESIANTRANSFORMATIONOPERATOR3D(#15116,#15117,#15115,1.,#15118);
#15120=IFCMAPPEDITEM(#15065,#15119);
#15121=IFCSHAPEREPRESENTATION(#11,'Body','MappedRepresentation',(#15120));
#15122=IFCPRODUCTDEFINITIONSHAPE($,$,(#15121,#15193));
#15135=IFCRAILING('1jUtyQ0KvBXQIW$9p$w7EU',$,'Railing',$,'FRAMELESS_PANEL',#16869,#15143,$,$);
#15136=IFCCARTESIANPOINT((0.,0.,0.));
#15137=IFCDIRECTION((1.,0.,0.));
#15138=IFCDIRECTION((0.,1.,0.));
#15139=IFCDIRECTION((0.,0.,1.));
#15140=IFCCARTESIANTRANSFORMATIONOPERATOR3D(#15137,#15138,#15136,1.,#15139);
#15141=IFCMAPPEDITEM(#15065,#15140);
#15142=IFCSHAPEREPRESENTATION(#11,'Body','MappedRepresentation',(#15141));
#15143=IFCPRODUCTDEFINITIONSHAPE($,$,(#15142,#15186));
#15156=IFCINDEXEDPOLYGONALFACE((16,19,18,17));
#15157=IFCINDEXEDPOLYGONALFACE((20,23,22,21));
#15158=IFCINDEXEDPOLYGONALFACE((5,11,10,4,8,9));
#15159=IFCINDEXEDPOLYGONALFACE((7,15,14,6,12,13));
#15160=IFCINDEXEDPOLYGONALFACE((15,20,21,14));
#15161=IFCINDEXEDPOLYGONALFACE((6,14,21,22,12));
#15162=IFCINDEXEDPOLYGONALFACE((9,19,16,11,5));
#15163=IFCINDEXEDPOLYGONALFACE((7,13,23,20,15));
#15164=IFCINDEXEDPOLYGONALFACE((11,16,17,10));
#15165=IFCINDEXEDPOLYGONALFACE((8,18,19,9));
#15166=IFCINDEXEDPOLYGONALFACE((12,22,23,13));
#15167=IFCINDEXEDPOLYGONALFACE((10,17,18,8,4));
#15168=IFCCARTESIANPOINTLIST3D(((-0.13860511779785156,-4.76837158203125E-07,0.),(0.,0.,0.),(1.,0.,0.),(-0.11360511928796768,-3.9083073488654918E-07,0.),(-0.02500000037252903,-8.6006409105721104E-08,0.),(0.02500000037252903,0.,0.),(0.97500002384185791,0.,0.),(-0.11360520869493484,0.024999609217047691,0.),(-0.025000086054205894,0.024999914690852165,0.),(-0.11360502988100052,-0.025000391528010368,0.),(-0.024999914690852165,-0.025000086054205894,0.),(0.02500000037252903,0.02500000037252903,0.),(0.97500002384185791,0.02500000037252903,0.),(0.02500000037252903,-0.02500000037252903,0.),(0.97500002384185791,-0.02500000037252903,0.),(-0.024999914690852165,-0.025000086054205894,1.),(-0.11360502988100052,-0.025000391528010368,1.),(-0.11360520869493484,0.024999609217047691,1.),(-0.025000086054205894,0.024999914690852165,1.),(0.97500002384185791,-0.02500000037252903,1.),(0.02500000037252903,-0.02500000037252903,1.),(0.02500000037252903,0.02500000037252903,1.),(0.97500002384185791,0.02500000037252903,1.)));
#15169=IFCPOLYGONALFACESET(#15168,.F.,(#15156,#15157,#15158,#15159,#15160,#15161,#15162,#15163,#15164,#15165,#15166,#15167),$);
#15170=IFCSHAPEREPRESENTATION(#11,'Body','Tessellation',(#15169));
#15172=IFCCARTESIANPOINT((-0.13860511779785156,-0.025000391528010368,0.));
#15173=IFCBOUNDINGBOX(#15172,1.1386051177978516,0.050000391900539398,1.);
#15174=IFCSHAPEREPRESENTATION(#13,'Box','BoundingBox',(#15173));
#15175=IFCCARTESIANPOINT((0.,0.,0.));
#15176=IFCDIRECTION((1.,0.,0.));
#15177=IFCDIRECTION((0.,0.,1.));
#15178=IFCAXIS2PLACEMENT3D(#15175,#15177,#15176);
#15179=IFCREPRESENTATIONMAP(#15178,#15174);
#15180=IFCCARTESIANPOINT((0.,0.,0.));
#15181=IFCDIRECTION((1.,0.,0.));
#15182=IFCDIRECTION((0.,1.,0.));
#15183=IFCDIRECTION((0.,0.,1.));
#15184=IFCCARTESIANTRANSFORMATIONOPERATOR3D(#15181,#15182,#15180,1.,#15183);
#15185=IFCMAPPEDITEM(#15179,#15184);
#15186=IFCSHAPEREPRESENTATION(#13,'Box','MappedRepresentation',(#15185));
#15187=IFCCARTESIANPOINT((0.,0.,0.));
#15188=IFCDIRECTION((1.,0.,0.));
#15189=IFCDIRECTION((0.,1.,0.));
#15190=IFCDIRECTION((0.,0.,1.));
#15191=IFCCARTESIANTRANSFORMATIONOPERATOR3D(#15188,#15189,#15187,1.,#15190);
#15192=IFCMAPPEDITEM(#15179,#15191);
#15193=IFCSHAPEREPRESENTATION(#13,'Box','MappedRepresentation',(#15192));
#15204=IFCRAILINGTYPE('12zc6BfInDKOFmTaGDBX$L',$,'Balcony-3',$,$,(#15205,#15207),(#15209,#15364),$,$,.USERDEFINED.);
#15205=IFCPROPERTYSET('26Y16mfiDCShrCBmNNAqCG',$,'BBIM_Railing',$,(#15206));
#15206=IFCPROPERTYSINGLEVALUE('Data',$,IFCTEXT('{"railing_type": "FRAMELESS_PANEL", "height": 1.0, "thickness": 0.05000000074505806, "spacing": 0.05000000074505806, "path_data": {"edges": [[0, 1], [1, 2]], "verts": [[-0.9750003814697266, 0.0022294502705335617, 0.0], [0.0, 0.0, 0.0], [0.5200423002243042, 0.0007317275740206242, 0.0]]}}'),$);
#15207=IFCPROPERTYSET('0p7NcAzyLFAfWORN8WD51c',$,'Pset_RailingCommon',$,(#15208));
#15208=IFCPROPERTYSINGLEVALUE('Height',$,IFCPOSITIVELENGTHMEASURE(1.),$);
#15209=IFCREPRESENTATIONMAP(#15210,#15355);
#15210=IFCAXIS2PLACEMENT3D(#15211,#15212,#15213);
#15211=IFCCARTESIANPOINT((0.,0.,0.));
#15212=IFCDIRECTION((0.,0.,1.));
#15213=IFCDIRECTION((1.,0.,0.));
#15257=IFCRAILING('0f6rhhlLXC59DLQKi4GWx9',$,'Railing',$,'FRAMELESS_PANEL',#16884,#15266,$,.USERDEFINED.);
#15258=IFCRELDEFINESBYTYPE('1rG9Ndjr99tRiNrfHWHxax',$,$,$,(#15257),#15204);
#15259=IFCCARTESIANPOINT((0.,0.,0.));
#15260=IFCDIRECTION((1.,0.,0.));
#15261=IFCDIRECTION((0.,1.,0.));
#15262=IFCDIRECTION((0.,0.,1.));
#15263=IFCCARTESIANTRANSFORMATIONOPERATOR3D(#15260,#15261,#15259,1.,#15262);
#15264=IFCMAPPEDITEM(#15209,#15263);
#15265=IFCSHAPEREPRESENTATION(#11,'Body','MappedRepresentation',(#15264));
#15266=IFCPRODUCTDEFINITIONSHAPE($,$,(#15265,#15371));
#15341=IFCINDEXEDPOLYGONALFACE((16,19,18,17));
#15342=IFCINDEXEDPOLYGONALFACE((20,23,22,21));
#15343=IFCINDEXEDPOLYGONALFACE((5,11,10,4,8,9));
#15344=IFCINDEXEDPOLYGONALFACE((7,15,14,6,12,13));
#15345=IFCINDEXEDPOLYGONALFACE((6,14,21,22,12));
#15346=IFCINDEXEDPOLYGONALFACE((9,19,16,11,5));
#15347=IFCINDEXEDPOLYGONALFACE((7,13,23,20,15));
#15348=IFCINDEXEDPOLYGONALFACE((11,16,17,10));
#15349=IFCINDEXEDPOLYGONALFACE((8,18,19,9));
#15350=IFCINDEXEDPOLYGONALFACE((12,22,23,13));
#15351=IFCINDEXEDPOLYGONALFACE((15,20,21,14));
#15352=IFCINDEXEDPOLYGONALFACE((10,17,18,8,4));
#15353=IFCCARTESIANPOINTLIST3D(((-0.97500038146972656,0.0022294502705335617,0.),(0.,0.,0.),(0.5200423002243042,0.00073172757402062416,0.),(-0.95000046491622925,0.0021722849924117327,0.),(-0.024999937042593956,5.7165219914168119E-05,0.),(0.024999974295496941,3.5176311939721927E-05,0.),(0.49504232406616211,0.00069655128754675388,0.),(-0.94994330406188965,0.02717222087085247,0.),(-0.024942772462964058,0.025057099759578705,0.),(-0.95005762577056885,-0.022827649489045143,0.),(-0.025057101622223854,-0.024942770600318909,0.),(0.024964798241853714,0.025035150349140167,0.),(0.49500715732574463,0.025696525350213051,0.),(0.025035150349140167,-0.024964798241853714,0.),(0.49507749080657959,-0.02430342324078083,0.),(-0.025057101622223854,-0.024942770600318909,1.),(-0.95005762577056885,-0.022827649489045143,1.),(-0.94994330406188965,0.02717222087085247,1.),(-0.024942772462964058,0.025057099759578705,1.),(0.49507749080657959,-0.02430342324078083,1.),(0.025035150349140167,-0.024964798241853714,1.),(0.024964798241853714,0.025035150349140167,1.),(0.49500715732574463,0.025696525350213051,1.)));
#15354=IFCPOLYGONALFACESET(#15353,.F.,(#15341,#15342,#15343,#15344,#15345,#15346,#15347,#15348,#15349,#15350,#15351,#15352),$);
#15355=IFCSHAPEREPRESENTATION(#11,'Body','Tessellation',(#15354));
#15357=IFCCARTESIANPOINT((-0.97500038146972656,-0.024964798241853714,0.));
#15358=IFCBOUNDINGBOX(#15357,1.4950426816940308,0.052137017250061035,1.);
#15359=IFCSHAPEREPRESENTATION(#13,'Box','BoundingBox',(#15358));
#15360=IFCCARTESIANPOINT((0.,0.,0.));
#15361=IFCDIRECTION((1.,0.,0.));
#15362=IFCDIRECTION((0.,0.,1.));
#15363=IFCAXIS2PLACEMENT3D(#15360,#15362,#15361);
#15364=IFCREPRESENTATIONMAP(#15363,#15359);
#15365=IFCCARTESIANPOINT((0.,0.,0.));
#15366=IFCDIRECTION((1.,0.,0.));
#15367=IFCDIRECTION((0.,1.,0.));
#15368=IFCDIRECTION((0.,0.,1.));
#15369=IFCCARTESIANTRANSFORMATIONOPERATOR3D(#15366,#15367,#15365,1.,#15368);
#15370=IFCMAPPEDITEM(#15364,#15369);
#15371=IFCSHAPEREPRESENTATION(#13,'Box','MappedRepresentation',(#15370));
#15380=IFCCARTESIANPOINTLIST2D(((0.,0.),(0.00076699256896972656,-0.80807638168334961),(0.8179619312286377,-0.80335497856140137),(0.81958508491516113,0.94470953941345215),(-0.00019383430480957031,0.94065213203430176),(0.,0.)));
#15381=IFCINDEXEDPOLYCURVE(#15380,$,$);
#15382=IFCARBITRARYCLOSEDPROFILEDEF(.AREA.,$,#15381);
#15383=IFCSLABTYPE('1sH$aOwjHB4hUDg9km2MDp',$,'Slab Landing-2',$,$,(#15384),$,$,$,.LANDING.);
#15384=IFCPROPERTYSET('3GUE6w6RXDVRt84U5aPTy3',$,'EPset_Parametric',$,(#15385));
#15385=IFCPROPERTYSINGLEVALUE('LayerSetDirection',$,IFCLABEL('AXIS3'),$);
#15386=IFCRELASSOCIATESMATERIAL('33zFoFJYb6LBwaQl6NMPC2',$,$,$,(#15383),#15387);
#15387=IFCMATERIALLAYERSET((#15388),$,$);
#15388=IFCMATERIALLAYER(#81,1.7999999523162842,$,$,$,$,$);
#15389=IFCSLAB('23QWFPVUf5owwQ96yNVc7r',$,'Slab',$,$,#15890,#15404,$,$);
#15390=IFCRELDEFINESBYTYPE('1BD5JlZr17phxKl1fzcjjB',$,$,$,(#15389),#15383);
#15391=IFCMATERIALLAYERSETUSAGE(#15387,.AXIS3.,.POSITIVE.,-1.7999999523162842,$);
#15392=IFCRELASSOCIATESMATERIAL('1yq0hHM4nFTRbhdu49tZtX',$,$,$,(#15389),#15391);
#15398=IFCCARTESIANPOINTLIST2D(((0.,0.),(0.00017833709716796875,-0.86511778831481934),(-1.4870400428771973,-0.86674165725708008),(-1.4886631965637207,-0.0017156600952148438),(0.,0.)));
#15399=IFCINDEXEDPOLYCURVE(#15398,$,$);
#15400=IFCDIRECTION((0.,0.,1.));
#15401=IFCARBITRARYCLOSEDPROFILEDEF(.AREA.,$,#15399);
#15402=IFCEXTRUDEDAREASOLID(#15401,#15411,#15400,1.7999999523162842);
#15403=IFCSHAPEREPRESENTATION(#11,'Body','SweptSolid',(#15402));
#15404=IFCPRODUCTDEFINITIONSHAPE($,$,(#15403));
#15405=IFCPROPERTYSET('3G4181gLv0LBi608gF0$ct',$,'EPset_Parametric',$,(#15407));
#15406=IFCRELDEFINESBYPROPERTIES('3h9PVPl6zCZuSgX29dzcKE',$,$,$,(#15389),#15405);
#15407=IFCPROPERTYSINGLEVALUE('Engine',$,IFCLABEL('Bonsai.DumbLayer3'),$);
#15408=IFCCARTESIANPOINT((-0.,-0.,-1.7999999523162842));
#15409=IFCDIRECTION((0.,0.,1.));
#15410=IFCDIRECTION((1.,0.,0.));
#15411=IFCAXIS2PLACEMENT3D(#15408,#15409,#15410);
#15412=IFCSTAIRFLIGHTTYPE('0uAcoAerf0UvSHvNLasbGo',$,'Stair-2',$,$,(#15413,#15415),(#15421,#15665),$,$,.STRAIGHT.);
#15413=IFCPROPERTYSET('0i$btDaHb0H93z9wo0izPt',$,'BBIM_Stair',$,(#15414));
#15414=IFCPROPERTYSINGLEVALUE('Data',$,IFCTEXT('{"stair_type": "GENERIC", "width": 0.8656212091445923, "height": 1.2000000476837158, "number_of_treads": 7, "tread_run": 0.18611744046211243, "nosing_length": 0.0, "nosing_depth": 0.0, "custom_first_last_tread_run": [null, null], "custom_tread_lock": true}'),$);
#15415=IFCPROPERTYSET('3tqn7Yhyj8eOETbpvtQkK6',$,'Pset_StairFlightCommon',$,(#15416,#15417,#15418,#15419,#15420));
#15416=IFCPROPERTYSINGLEVALUE('NumberOfRiser',$,IFCCOUNTMEASURE(8.),$);
#15417=IFCPROPERTYSINGLEVALUE('NumberOfTreads',$,IFCCOUNTMEASURE(7.),$);
#15418=IFCPROPERTYSINGLEVALUE('RiserHeight',$,IFCPOSITIVELENGTHMEASURE(0.15000000596046448),$);
#15419=IFCPROPERTYSINGLEVALUE('TreadLength',$,IFCPOSITIVELENGTHMEASURE(0.25),$);
#15420=IFCPROPERTYSINGLEVALUE('NosingLength',$,IFCLENGTHMEASURE(0.),$);
#15421=IFCREPRESENTATIONMAP(#15422,#15656);
#15422=IFCAXIS2PLACEMENT3D(#15423,#15424,#15425);
#15423=IFCCARTESIANPOINT((0.,0.,0.));
#15424=IFCDIRECTION((0.,0.,1.));
#15425=IFCDIRECTION((1.,0.,0.));
#15457=IFCSTAIRFLIGHT('0ZUhtz9av01O4GilsONm0x',$,'StairFlight',$,$,#15895,#15466,$,8,7,0.15000000596046448,0.25,.STRAIGHT.);
#15458=IFCRELDEFINESBYTYPE('0KCNfzAOb1YeNvZxcgSBtX',$,$,$,(#15457),#15412);
#15459=IFCCARTESIANPOINT((0.,0.,0.));
#15460=IFCDIRECTION((1.,0.,0.));
#15461=IFCDIRECTION((0.,1.,0.));
#15462=IFCDIRECTION((0.,0.,1.));
#15463=IFCCARTESIANTRANSFORMATIONOPERATOR3D(#15460,#15461,#15459,1.,#15462);
#15464=IFCMAPPEDITEM(#15421,#15463);
#15465=IFCSHAPEREPRESENTATION(#11,'Body','MappedRepresentation',(#15464));
#15466=IFCPRODUCTDEFINITIONSHAPE($,$,(#15465,#15672));
#15557=IFCRAILINGTYPE('3G9MInR$r9Gv5GbJAUAGef',$,'Stair Railing',$,$,(#15558,#15560),(#15589,#16228),$,$,.USERDEFINED.);
#15558=IFCPROPERTYSET('0PO9far6H5ZOPoWkcefu0F',$,'BBIM_Railing',$,(#15559));
#15559=IFCPROPERTYSINGLEVALUE('Data',$,IFCTEXT('{"railing_type": "FRAMELESS_PANEL", "height": 0.699999988079071, "thickness": 0.05000000074505806, "spacing": 0.05000000074505806, "path_data": {"edges": [[0, 1], [1, 2]], "verts": [[0.22446227073669434, 0.0, 0.0], [0.15692520141601562, 0.0, 0.0], [1.0, 0.0, 0.0]]}}'),$);
#15560=IFCPROPERTYSET('18lEUT9UXDWRyFdXFBAf_h',$,'Pset_RailingCommon',$,(#15561));
#15561=IFCPROPERTYSINGLEVALUE('Height',$,IFCPOSITIVELENGTHMEASURE(0.69999998807907104),$);
#15585=IFCCARTESIANPOINT((0.,0.,0.));
#15586=IFCDIRECTION((1.,0.,0.));
#15587=IFCDIRECTION((0.,0.,1.));
#15588=IFCAXIS2PLACEMENT3D(#15585,#15587,#15586);
#15589=IFCREPRESENTATIONMAP(#15588,#16219);
#15634=IFCINDEXEDPOLYGONALFACE((2,1,18,17,16,15,14,13,12,11,10,9,8,7,6,5,4,3));
#15635=IFCINDEXEDPOLYGONALFACE((19,20,21,22,23,24,25,26,27,28,29,30,31,32,33,34,35,36));
#15636=IFCINDEXEDPOLYGONALFACE((14,15,32,31));
#15637=IFCINDEXEDPOLYGONALFACE((7,8,25,24));
#15638=IFCINDEXEDPOLYGONALFACE((15,16,33,32));
#15639=IFCINDEXEDPOLYGONALFACE((8,9,26,25));
#15640=IFCINDEXEDPOLYGONALFACE((1,2,19,36));
#15641=IFCINDEXEDPOLYGONALFACE((16,17,34,33));
#15642=IFCINDEXEDPOLYGONALFACE((9,10,27,26));
#15643=IFCINDEXEDPOLYGONALFACE((2,3,20,19));
#15644=IFCINDEXEDPOLYGONALFACE((17,18,35,34));
#15645=IFCINDEXEDPOLYGONALFACE((10,11,28,27));
#15646=IFCINDEXEDPOLYGONALFACE((3,4,21,20));
#15647=IFCINDEXEDPOLYGONALFACE((18,1,36,35));
#15648=IFCINDEXEDPOLYGONALFACE((11,12,29,28));
#15649=IFCINDEXEDPOLYGONALFACE((4,5,22,21));
#15650=IFCINDEXEDPOLYGONALFACE((12,13,30,29));
#15651=IFCINDEXEDPOLYGONALFACE((5,6,23,22));
#15652=IFCINDEXEDPOLYGONALFACE((13,14,31,30));
#15653=IFCINDEXEDPOLYGONALFACE((6,7,24,23));
#15654=IFCCARTESIANPOINTLIST3D(((0.,0.,0.),(0.,0.,0.15000000596046448),(0.18611744046211243,0.,0.15000000596046448),(0.18611744046211243,0.,0.30000001192092896),(0.37223488092422485,0.,0.30000001192092896),(0.37223488092422485,0.,0.45000001788139343),(0.55835235118865967,0.,0.45000001788139343),(0.55835235118865967,0.,0.60000002384185791),(0.74446976184844971,0.,0.60000002384185791),(0.74446976184844971,0.,0.75),(0.93058717250823975,0.,0.75),(0.93058717250823975,0.,0.89999997615814209),(1.1167045831680298,0.,0.89999997615814209),(1.1167045831680298,0.,1.0499999523162842),(1.3028219938278198,0.,1.0499999523162842),(1.3028219938278198,0.,1.1999999284744263),(1.4889394044876099,0.,1.1999999284744263),(1.4889394044876099,0.,0.),(0.,0.86562120914459229,0.15000000596046448),(0.18611744046211243,0.86562120914459229,0.15000000596046448),(0.18611744046211243,0.86562120914459229,0.30000001192092896),(0.37223488092422485,0.86562120914459229,0.30000001192092896),(0.37223488092422485,0.86562120914459229,0.45000001788139343),(0.55835235118865967,0.86562120914459229,0.45000001788139343),(0.55835235118865967,0.86562120914459229,0.60000002384185791),(0.74446976184844971,0.86562120914459229,0.60000002384185791),(0.74446976184844971,0.86562120914459229,0.75),(0.93058717250823975,0.86562120914459229,0.75),(0.93058717250823975,0.86562120914459229,0.89999997615814209),(1.1167045831680298,0.86562120914459229,0.89999997615814209),(1.1167045831680298,0.86562120914459229,1.0499999523162842),(1.3028219938278198,0.86562120914459229,1.0499999523162842),(1.3028219938278198,0.86562120914459229,1.1999999284744263),(1.4889394044876099,0.86562120914459229,1.1999999284744263),(1.4889394044876099,0.86562120914459229,0.),(0.,0.86562120914459229,0.)));
#15655=IFCPOLYGONALFACESET(#15654,.T.,(#15634,#15635,#15636,#15637,#15638,#15639,#15640,#15641,#15642,#15643,#15644,#15645,#15646,#15647,#15648,#15649,#15650,#15651,#15652,#15653),$);
#15656=IFCSHAPEREPRESENTATION(#11,'Body','Tessellation',(#15655));
#15658=IFCCARTESIANPOINT((0.,0.,0.));
#15659=IFCBOUNDINGBOX(#15658,1.4889394044876099,0.86562120914459229,1.1999999284744263);
#15660=IFCSHAPEREPRESENTATION(#13,'Box','BoundingBox',(#15659));
#15661=IFCCARTESIANPOINT((0.,0.,0.));
#15662=IFCDIRECTION((1.,0.,0.));
#15663=IFCDIRECTION((0.,0.,1.));
#15664=IFCAXIS2PLACEMENT3D(#15661,#15663,#15662);
#15665=IFCREPRESENTATIONMAP(#15664,#15660);
#15666=IFCCARTESIANPOINT((0.,0.,0.));
#15667=IFCDIRECTION((1.,0.,0.));
#15668=IFCDIRECTION((0.,1.,0.));
#15669=IFCDIRECTION((0.,0.,1.));
#15670=IFCCARTESIANTRANSFORMATIONOPERATOR3D(#15667,#15668,#15666,1.,#15669);
#15671=IFCMAPPEDITEM(#15665,#15670);
#15672=IFCSHAPEREPRESENTATION(#13,'Box','MappedRepresentation',(#15671));
#15673=IFCRAILING('3thnH0ZOf8fQmZ8_hPg8rg',$,'Railing',$,'FRAMELESS_PANEL',#15885,#15682,$,.USERDEFINED.);
#15674=IFCRELDEFINESBYTYPE('0OzCGBNfLF2fQn6OtDnCGe',$,$,$,(#15673,#15926),#15557);
#15675=IFCCARTESIANPOINT((0.,0.,0.));
#15676=IFCDIRECTION((1.,0.,0.));
#15677=IFCDIRECTION((0.,1.,0.));
#15678=IFCDIRECTION((0.,0.,1.));
#15679=IFCCARTESIANTRANSFORMATIONOPERATOR3D(#15676,#15677,#15675,1.,#15678);
#15680=IFCMAPPEDITEM(#15589,#15679);
#15681=IFCSHAPEREPRESENTATION(#11,'Body','MappedRepresentation',(#15680));
#15682=IFCPRODUCTDEFINITIONSHAPE($,$,(#15681,#16235));
#15881=IFCCARTESIANPOINT((3.1524772644042969,0.5552448034286499,1.7999999523162842));
#15882=IFCDIRECTION((0.,0.,1.));
#15883=IFCDIRECTION((1.,0.,0.));
#15884=IFCAXIS2PLACEMENT3D(#15881,#15882,#15883);
#15885=IFCLOCALPLACEMENT(#79,#15884);
#15886=IFCCARTESIANPOINT((3.3094029426574707,2.2755117416381836,1.7999999523162842));
#15887=IFCDIRECTION((0.,0.,1.));
#15888=IFCDIRECTION((1.,0.,0.));
#15889=IFCAXIS2PLACEMENT3D(#15886,#15887,#15888);
#15890=IFCLOCALPLACEMENT(#79,#15889);
#15891=IFCCARTESIANPOINT((3.3094029426574707,2.2755117416381836,1.7999999523162842));
#15892=IFCDIRECTION((-3.2584139830756793E-07,3.2584131304243964E-07,0.99999999999989386));
#15893=IFCDIRECTION((-0.99999999999993805,-1.3435879964162346E-07,-3.258413698858729E-07));
#15894=IFCAXIS2PLACEMENT3D(#15891,#15892,#15893);
#15895=IFCLOCALPLACEMENT(#79,#15894);
#15926=IFCRAILING('3v_rrdB$r3RA6neBrtVWnJ',$,'Railing',$,'FRAMELESS_PANEL',#15988,#15939,$,.USERDEFINED.);
#15932=IFCCARTESIANPOINT((0.,0.,0.));
#15933=IFCDIRECTION((1.,0.,0.));
#15934=IFCDIRECTION((0.,1.,0.));
#15935=IFCDIRECTION((0.,0.,1.));
#15936=IFCCARTESIANTRANSFORMATIONOPERATOR3D(#15933,#15934,#15932,1.,#15935);
#15937=IFCMAPPEDITEM(#15589,#15936);
#15938=IFCSHAPEREPRESENTATION(#11,'Body','MappedRepresentation',(#15937));
#15939=IFCPRODUCTDEFINITIONSHAPE($,$,(#15938,#16242));
#15984=IFCCARTESIANPOINT((3.1524777412414551,2.254518985748291,1.8000006675720215));
#15985=IFCDIRECTION((0.,0.,1.));
#15986=IFCDIRECTION((1.,0.,0.));
#15987=IFCAXIS2PLACEMENT3D(#15984,#15985,#15986);
#15988=IFCLOCALPLACEMENT(#79,#15987);
#15990=IFCMATERIALLAYERSET((#15992),$,$);
#15992=IFCMATERIALLAYER(#81,0.10000000000000001,$,$,$,$,$);
#15996=IFCMATERIALLAYERSET((#15998),$,$);
#15998=IFCMATERIALLAYER(#81,0.10000000000000001,$,$,$,$,$);
#16001=IFCRAILINGTYPE('3JGIELveX4zudk1koYmu4V',$,'Stairs-1',$,$,(#16002,#16004),(#16006,#16641),$,$,.USERDEFINED.);
#16002=IFCPROPERTYSET('0OmD72q_fFSfDc_r0SNpIX',$,'BBIM_Railing',$,(#16003));
#16003=IFCPROPERTYSINGLEVALUE('Data',$,IFCTEXT('{"railing_type": "FRAMELESS_PANEL", "height": 0.699999988079071, "thickness": 0.05000000074505806, "spacing": 0.05000000074505806, "path_data": {"edges": [[0, 1], [1, 2]], "verts": [[-0.5139391422271729, -0.0077797770500183105, -1.3499306440353394], [0.3235893249511719, -0.0077797770500183105, -0.44993066787719727], [0.9750001430511475, -0.0077797770500183105, 0.3909369707107544]]}}'),$);
#16004=IFCPROPERTYSET('0utVPE9R1B2uf03QeC2TCE',$,'Pset_RailingCommon',$,(#16005));
#16005=IFCPROPERTYSINGLEVALUE('Height',$,IFCPOSITIVELENGTHMEASURE(0.69999998807907104),$);
#16006=IFCREPRESENTATIONMAP(#16007,#16632);
#16007=IFCAXIS2PLACEMENT3D(#16008,#16009,#16010);
#16008=IFCCARTESIANPOINT((0.,0.,0.));
#16009=IFCDIRECTION((0.,0.,1.));
#16010=IFCDIRECTION((1.,0.,0.));
#16054=IFCRAILING('0cThmTdZ90u91WcYbLkZTM',$,'Railing',$,'FRAMELESS_PANEL',#16653,#16063,$,.USERDEFINED.);
#16055=IFCRELDEFINESBYTYPE('2IyZpyb9LFrvwq978FVlb$',$,$,$,(#16054,#16659),#16001);
#16056=IFCCARTESIANPOINT((0.,0.,0.));
#16057=IFCDIRECTION((1.,0.,0.));
#16058=IFCDIRECTION((0.,1.,0.));
#16059=IFCDIRECTION((0.,0.,1.));
#16060=IFCCARTESIANTRANSFORMATIONOPERATOR3D(#16057,#16058,#16056,1.,#16059);
#16061=IFCMAPPEDITEM(#16006,#16060);
#16062=IFCSHAPEREPRESENTATION(#11,'Body','MappedRepresentation',(#16061));
#16063=IFCPRODUCTDEFINITIONSHAPE($,$,(#16062,#16648));
#16206=IFCINDEXEDPOLYGONALFACE((13,17,15,14));
#16207=IFCINDEXEDPOLYGONALFACE((16,18,13,17));
#16208=IFCINDEXEDPOLYGONALFACE((5,9,8,4,7,11));
#16209=IFCINDEXEDPOLYGONALFACE((6,12,11,5,9,10));
#16210=IFCINDEXEDPOLYGONALFACE((6,10,18,16,12));
#16211=IFCINDEXEDPOLYGONALFACE((9,13,14,8));
#16212=IFCINDEXEDPOLYGONALFACE((7,15,17,11));
#16213=IFCINDEXEDPOLYGONALFACE((5,11,17,13,9));
#16214=IFCINDEXEDPOLYGONALFACE((9,13,18,10));
#16215=IFCINDEXEDPOLYGONALFACE((12,16,17,11));
#16216=IFCINDEXEDPOLYGONALFACE((4,8,14,15,7));
#16217=IFCCARTESIANPOINTLIST3D(((0.22446227073669434,0.,0.),(0.15692520141601562,0.,0.),(1.,0.,0.),(0.19946226477622986,0.,0.),(0.1819252073764801,0.,0.),(0.97500002384185791,0.,0.),(0.19946226477622986,-0.02500000037252903,0.),(0.19946226477622986,0.02500000037252903,0.),(0.1819252073764801,0.02500000037252903,0.),(0.97500002384185791,0.02500000037252903,0.),(0.1819252073764801,-0.02500000037252903,0.),(0.97500002384185791,-0.02500000037252903,0.),(0.1819252073764801,0.02500000037252903,0.69999998807907104),(0.19946226477622986,0.02500000037252903,0.69999998807907104),(0.19946226477622986,-0.02500000037252903,0.69999998807907104),(0.97500002384185791,-0.02500000037252903,0.69999998807907104),(0.1819252073764801,-0.02500000037252903,0.69999998807907104),(0.97500002384185791,0.02500000037252903,0.69999998807907104)));
#16218=IFCPOLYGONALFACESET(#16217,.F.,(#16206,#16207,#16208,#16209,#16210,#16211,#16212,#16213,#16214,#16215,#16216),$);
#16219=IFCSHAPEREPRESENTATION(#11,'Body','Tessellation',(#16218));
#16221=IFCCARTESIANPOINT((0.15692520141601562,-0.02500000037252903,0.));
#16222=IFCBOUNDINGBOX(#16221,0.84307479858398438,0.05000000074505806,0.69999998807907104);
#16223=IFCSHAPEREPRESENTATION(#13,'Box','BoundingBox',(#16222));
#16224=IFCCARTESIANPOINT((0.,0.,0.));
#16225=IFCDIRECTION((1.,0.,0.));
#16226=IFCDIRECTION((0.,0.,1.));
#16227=IFCAXIS2PLACEMENT3D(#16224,#16226,#16225);
#16228=IFCREPRESENTATIONMAP(#16227,#16223);
#16229=IFCCARTESIANPOINT((0.,0.,0.));
#16230=IFCDIRECTION((1.,0.,0.));
#16231=IFCDIRECTION((0.,1.,0.));
#16232=IFCDIRECTION((0.,0.,1.));
#16233=IFCCARTESIANTRANSFORMATIONOPERATOR3D(#16230,#16231,#16229,1.,#16232);
#16234=IFCMAPPEDITEM(#16228,#16233);
#16235=IFCSHAPEREPRESENTATION(#13,'Box','MappedRepresentation',(#16234));
#16236=IFCCARTESIANPOINT((0.,0.,0.));
#16237=IFCDIRECTION((1.,0.,0.));
#16238=IFCDIRECTION((0.,1.,0.));
#16239=IFCDIRECTION((0.,0.,1.));
#16240=IFCCARTESIANTRANSFORMATIONOPERATOR3D(#16237,#16238,#16236,1.,#16239);
#16241=IFCMAPPEDITEM(#16228,#16240);
#16242=IFCSHAPEREPRESENTATION(#13,'Box','MappedRepresentation',(#16241));
#16357=IFCRAILINGTYPE('26Co5AlAzD0wuJx0fgxL0I',$,'Stairs-2',$,$,(#16358,#16360),(#16362,#16579),$,$,.USERDEFINED.);
#16358=IFCPROPERTYSET('0YM3_jxiLDSQks4VNv1Nuy',$,'BBIM_Railing',$,(#16359));
#16359=IFCPROPERTYSINGLEVALUE('Data',$,IFCTEXT('{"railing_type": "FRAMELESS_PANEL", "height": 0.699999988079071, "thickness": 0.05000000074505806, "spacing": 0.05000000074505806, "path_data": {"edges": [[0, 1], [1, 2]], "verts": [[-0.6759157180786133, 0.0, 0.8845424652099609], [-0.024504661560058594, -2.384185791015625e-07, 0.4345426559448242], [0.8130240440368652, -2.384185791015625e-07, -0.1654571294784546]]}}'),$);
#16360=IFCPROPERTYSET('2r$qqdzbv8ee6KJxY$SzWt',$,'Pset_RailingCommon',$,(#16361));
#16361=IFCPROPERTYSINGLEVALUE('Height',$,IFCPOSITIVELENGTHMEASURE(0.69999998807907104),$);
#16362=IFCREPRESENTATIONMAP(#16363,#16570);
#16363=IFCAXIS2PLACEMENT3D(#16364,#16365,#16366);
#16364=IFCCARTESIANPOINT((0.,0.,0.));
#16365=IFCDIRECTION((0.,0.,1.));
#16366=IFCDIRECTION((1.,0.,0.));
#16410=IFCRAILING('1AqsRvPFr5meK_YaYaz5gy',$,'Railing',$,'FRAMELESS_PANEL',#16658,#16419,$,.USERDEFINED.);
#16411=IFCRELDEFINESBYTYPE('0kGDYLStDEzfizKCJfd1Er',$,$,$,(#16410,#16680),#16357);
#16412=IFCCARTESIANPOINT((0.,0.,0.));
#16413=IFCDIRECTION((1.,0.,0.));
#16414=IFCDIRECTION((0.,1.,0.));
#16415=IFCDIRECTION((0.,0.,1.));
#16416=IFCCARTESIANTRANSFORMATIONOPERATOR3D(#16413,#16414,#16412,1.,#16415);
#16417=IFCMAPPEDITEM(#16362,#16416);
#16418=IFCSHAPEREPRESENTATION(#11,'Body','MappedRepresentation',(#16417));
#16419=IFCPRODUCTDEFINITIONSHAPE($,$,(#16418,#16586));
#16556=IFCINDEXEDPOLYGONALFACE((16,19,18,17));
#16557=IFCINDEXEDPOLYGONALFACE((20,23,22,21));
#16558=IFCINDEXEDPOLYGONALFACE((5,11,10,4,8,9));
#16559=IFCINDEXEDPOLYGONALFACE((7,15,14,6,12,13));
#16560=IFCINDEXEDPOLYGONALFACE((7,13,23,20,15));
#16561=IFCINDEXEDPOLYGONALFACE((11,16,17,10));
#16562=IFCINDEXEDPOLYGONALFACE((8,18,19,9));
#16563=IFCINDEXEDPOLYGONALFACE((5,9,19,16,11));
#16564=IFCINDEXEDPOLYGONALFACE((12,22,23,13));
#16565=IFCINDEXEDPOLYGONALFACE((6,14,21,22,12));
#16566=IFCINDEXEDPOLYGONALFACE((15,20,21,14));
#16567=IFCINDEXEDPOLYGONALFACE((4,10,17,18,8));
#16568=IFCCARTESIANPOINTLIST3D(((-0.67591571807861328,0.,0.88454246520996094),(-0.024504661560058594,-2.384185791015625E-07,0.43454265594482422),(0.81302404403686523,-2.384185791015625E-07,-0.16545712947845459),(-0.65091574192047119,-9.1500815813105874E-09,0.86727225780487061),(-0.049504660069942474,-2.2926849396753823E-07,0.45181286334991455),(0.0004953388124704361,-2.384185791015625E-07,0.41663283109664917),(0.78802406787872314,-2.384185791015625E-07,-0.14754730463027954),(-0.65091574192047119,0.024999991059303284,0.86727225780487061),(-0.049504652619361877,0.024999771267175674,0.45181286334991455),(-0.65091574192047119,-0.025000009685754776,0.86727225780487061),(-0.049504667520523071,-0.025000229477882385,0.45181286334991455),(0.0004953388124704361,0.024999761953949928,0.41663283109664917),(0.78802406787872314,0.024999761953949928,-0.14754730463027954),(0.0004953388124704361,-0.025000238791108131,0.41663283109664917),(0.78802406787872314,-0.025000238791108131,-0.14754730463027954),(-0.049504667520523071,-0.025000229477882385,1.1518127918243408),(-0.65091574192047119,-0.025000009685754776,1.5672721862792969),(-0.65091574192047119,0.024999991059303284,1.5672721862792969),(-0.049504652619361877,0.024999771267175674,1.1518127918243408),(0.78802406787872314,-0.025000238791108131,0.5524526834487915),(0.0004953388124704361,-0.025000238791108131,1.1166328191757202),(0.0004953388124704361,0.024999761953949928,1.1166328191757202),(0.78802406787872314,0.024999761953949928,0.5524526834487915)));
#16569=IFCPOLYGONALFACESET(#16568,.F.,(#16556,#16557,#16558,#16559,#16560,#16561,#16562,#16563,#16564,#16565,#16566,#16567),$);
#16570=IFCSHAPEREPRESENTATION(#11,'Body','Tessellation',(#16569));
#16572=IFCCARTESIANPOINT((-0.67591571807861328,-0.025000238791108131,-0.16545712947845459));
#16573=IFCBOUNDINGBOX(#16572,1.4889397621154785,0.050000227987766266,1.7327293157577515);
#16574=IFCSHAPEREPRESENTATION(#13,'Box','BoundingBox',(#16573));
#16575=IFCCARTESIANPOINT((0.,0.,0.));
#16576=IFCDIRECTION((1.,0.,0.));
#16577=IFCDIRECTION((0.,0.,1.));
#16578=IFCAXIS2PLACEMENT3D(#16575,#16577,#16576);
#16579=IFCREPRESENTATIONMAP(#16578,#16574);
#16580=IFCCARTESIANPOINT((0.,0.,0.));
#16581=IFCDIRECTION((1.,0.,0.));
#16582=IFCDIRECTION((0.,1.,0.));
#16583=IFCDIRECTION((0.,0.,1.));
#16584=IFCCARTESIANTRANSFORMATIONOPERATOR3D(#16581,#16582,#16580,1.,#16583);
#16585=IFCMAPPEDITEM(#16579,#16584);
#16586=IFCSHAPEREPRESENTATION(#13,'Box','MappedRepresentation',(#16585));
#16618=IFCINDEXEDPOLYGONALFACE((16,19,18,17));
#16619=IFCINDEXEDPOLYGONALFACE((20,23,22,21));
#16620=IFCINDEXEDPOLYGONALFACE((5,11,10,4,8,9));
#16621=IFCINDEXEDPOLYGONALFACE((7,15,14,6,12,13));
#16622=IFCINDEXEDPOLYGONALFACE((6,14,21,22,12));
#16623=IFCINDEXEDPOLYGONALFACE((9,19,16,11,5));
#16624=IFCINDEXEDPOLYGONALFACE((7,13,23,20,15));
#16625=IFCINDEXEDPOLYGONALFACE((11,16,17,10));
#16626=IFCINDEXEDPOLYGONALFACE((8,18,19,9));
#16627=IFCINDEXEDPOLYGONALFACE((12,22,23,13));
#16628=IFCINDEXEDPOLYGONALFACE((15,20,21,14));
#16629=IFCINDEXEDPOLYGONALFACE((10,17,18,8,4));
#16630=IFCCARTESIANPOINTLIST3D(((-0.51393914222717285,-0.0077797770500183105,-1.3499306440353394),(0.32358932495117188,-0.0077797770500183105,-0.44993066787719727),(0.97500014305114746,-0.0077797770500183105,0.39093697071075439),(-0.48893913626670837,-0.0077797770500183105,-1.3230658769607544),(0.2985893189907074,-0.0077797770500183105,-0.47679543495178223),(0.34858933091163635,-0.0077797770500183105,-0.41765964031219482),(0.95000016689300537,-0.0077797770500183105,0.35866594314575195),(-0.48893913626670837,0.017220223322510719,-1.3230658769607544),(0.2985893189907074,0.017220223322510719,-0.47679543495178223),(-0.48893913626670837,-0.032779775559902191,-1.3230658769607544),(0.2985893189907074,-0.032779775559902191,-0.47679543495178223),(0.34858933091163635,0.017220223322510719,-0.41765964031219482),(0.95000016689300537,0.017220223322510719,0.35866594314575195),(0.34858933091163635,-0.032779775559902191,-0.41765964031219482),(0.95000016689300537,-0.032779775559902191,0.35866594314575195),(0.2985893189907074,-0.032779775559902191,0.22320455312728882),(-0.48893913626670837,-0.032779775559902191,-0.62306588888168335),(-0.48893913626670837,0.017220223322510719,-0.62306588888168335),(0.2985893189907074,0.017220223322510719,0.22320455312728882),(0.95000016689300537,-0.032779775559902191,1.0586659908294678),(0.34858933091163635,-0.032779775559902191,0.28234034776687622),(0.34858933091163635,0.017220223322510719,0.28234034776687622),(0.95000016689300537,0.017220223322510719,1.0586659908294678)));
#16631=IFCPOLYGONALFACESET(#16630,.F.,(#16618,#16619,#16620,#16621,#16622,#16623,#16624,#16625,#16626,#16627,#16628,#16629),$);
#16632=IFCSHAPEREPRESENTATION(#11,'Body','Tessellation',(#16631));
#16634=IFCCARTESIANPOINT((-0.51393914222717285,-0.032779775559902191,-1.3499306440353394));
#16635=IFCBOUNDINGBOX(#16634,1.4889392852783203,0.049999997019767761,2.4085965156555176);
#16636=IFCSHAPEREPRESENTATION(#13,'Box','BoundingBox',(#16635));
#16637=IFCCARTESIANPOINT((0.,0.,0.));
#16638=IFCDIRECTION((1.,0.,0.));
#16639=IFCDIRECTION((0.,0.,1.));
#16640=IFCAXIS2PLACEMENT3D(#16637,#16639,#16638);
#16641=IFCREPRESENTATIONMAP(#16640,#16636);
#16642=IFCCARTESIANPOINT((0.,0.,0.));
#16643=IFCDIRECTION((1.,0.,0.));
#16644=IFCDIRECTION((0.,1.,0.));
#16645=IFCDIRECTION((0.,0.,1.));
#16646=IFCCARTESIANTRANSFORMATIONOPERATOR3D(#16643,#16644,#16642,1.,#16645);
#16647=IFCMAPPEDITEM(#16641,#16646);
#16648=IFCSHAPEREPRESENTATION(#13,'Box','MappedRepresentation',(#16647));
#16649=IFCCARTESIANPOINT((2.3353636264801025,0.55956298112869263,1.4090631008148193));
#16650=IFCDIRECTION((0.,0.,1.));
#16651=IFCDIRECTION((1.,0.,0.));
#16652=IFCAXIS2PLACEMENT3D(#16649,#16650,#16651);
#16653=IFCLOCALPLACEMENT(#79,#16652);
#16654=IFCCARTESIANPOINT((2.4839649200439453,2.250511646270752,1.9475471973419189));
#16655=IFCDIRECTION((0.,0.,1.));
#16656=IFCDIRECTION((1.,0.,0.));
#16657=IFCAXIS2PLACEMENT3D(#16654,#16655,#16656);
#16658=IFCLOCALPLACEMENT(#79,#16657);
#16659=IFCRAILING('0AVFz44yr1NPvGzDrRjBaV',$,'Railing',$,'FRAMELESS_PANEL',#16705,#16672,$,.USERDEFINED.);
#16665=IFCCARTESIANPOINT((0.,0.,0.));
#16666=IFCDIRECTION((1.,0.,0.));
#16667=IFCDIRECTION((0.,1.,0.));
#16668=IFCDIRECTION((0.,0.,1.));
#16669=IFCCARTESIANTRANSFORMATIONOPERATOR3D(#16666,#16667,#16665,1.,#16668);
#16670=IFCMAPPEDITEM(#16006,#16669);
#16671=IFCSHAPEREPRESENTATION(#11,'Body','MappedRepresentation',(#16670));
#16672=IFCPRODUCTDEFINITIONSHAPE($,$,(#16671,#16679));
#16673=IFCCARTESIANPOINT((0.,0.,0.));
#16674=IFCDIRECTION((1.,0.,0.));
#16675=IFCDIRECTION((0.,1.,0.));
#16676=IFCDIRECTION((0.,0.,1.));
#16677=IFCCARTESIANTRANSFORMATIONOPERATOR3D(#16674,#16675,#16673,1.,#16676);
#16678=IFCMAPPEDITEM(#16641,#16677);
#16679=IFCSHAPEREPRESENTATION(#13,'Box','MappedRepresentation',(#16678));
#16680=IFCRAILING('1WpWd4JST1E9T8IlK4$1r_',$,'Railing',$,'FRAMELESS_PANEL',#16710,#16693,$,.USERDEFINED.);
#16686=IFCCARTESIANPOINT((0.,0.,0.));
#16687=IFCDIRECTION((1.,0.,0.));
#16688=IFCDIRECTION((0.,1.,0.));
#16689=IFCDIRECTION((0.,0.,1.));
#16690=IFCCARTESIANTRANSFORMATIONOPERATOR3D(#16687,#16688,#16686,1.,#16689);
#16691=IFCMAPPEDITEM(#16362,#16690);
#16692=IFCSHAPEREPRESENTATION(#11,'Body','MappedRepresentation',(#16691));
#16693=IFCPRODUCTDEFINITIONSHAPE($,$,(#16692,#16700));
#16694=IFCCARTESIANPOINT((0.,0.,0.));
#16695=IFCDIRECTION((1.,0.,0.));
#16696=IFCDIRECTION((0.,1.,0.));
#16697=IFCDIRECTION((0.,0.,1.));
#16698=IFCCARTESIANTRANSFORMATIONOPERATOR3D(#16695,#16696,#16694,1.,#16697);
#16699=IFCMAPPEDITEM(#16579,#16698);
#16700=IFCSHAPEREPRESENTATION(#13,'Box','MappedRepresentation',(#16699));
#16701=IFCCARTESIANPOINT((2.3353636264801025,1.3218774795532227,1.4090629816055298));
#16702=IFCDIRECTION((0.,0.,1.));
#16703=IFCDIRECTION((1.,0.,0.));
#16704=IFCAXIS2PLACEMENT3D(#16701,#16702,#16703);
#16705=IFCLOCALPLACEMENT(#79,#16704);
#16706=IFCCARTESIANPOINT((2.4839649200439453,1.4348908662796021,1.9475471973419189));
#16707=IFCDIRECTION((0.,0.,1.));
#16708=IFCDIRECTION((1.,0.,0.));
#16709=IFCAXIS2PLACEMENT3D(#16706,#16707,#16708);
#16710=IFCLOCALPLACEMENT(#79,#16709);
#16745=IFCCARTESIANPOINT((0.,0.,3.));
#16746=IFCDIRECTION((0.,0.,1.));
#16747=IFCDIRECTION((1.,0.,0.));
#16748=IFCAXIS2PLACEMENT3D(#16745,#16746,#16747);
#16749=IFCLOCALPLACEMENT(#56,#16748);
#16750=IFCCARTESIANPOINT((4.2274765968322754,-2.6000680923461914,0.));
#16751=IFCDIRECTION((0.,0.,1.));
#16752=IFCDIRECTION((1.,0.,0.));
#16753=IFCAXIS2PLACEMENT3D(#16750,#16751,#16752);
#16754=IFCLOCALPLACEMENT(#16749,#16753);
#16755=IFCCARTESIANPOINT((4.2274770736694336,6.5099315643310547,0.));
#16756=IFCDIRECTION((0.,0.,1.));
#16757=IFCDIRECTION((1.,0.,0.));
#16758=IFCAXIS2PLACEMENT3D(#16755,#16756,#16757);
#16759=IFCLOCALPLACEMENT(#16749,#16758);
#16760=IFCCARTESIANPOINT((0.26092076301574707,-2.1920778751373291,0.));
#16761=IFCDIRECTION((0.,0.,1.));
#16762=IFCDIRECTION((0.99999821540782563,-0.0018892276633489845,0.));
#16763=IFCAXIS2PLACEMENT3D(#16760,#16761,#16762);
#16764=IFCLOCALPLACEMENT(#16749,#16763);
#16765=IFCCARTESIANPOINT((0.22747707366944889,6.509931914022161,0.));
#16766=IFCDIRECTION((0.,0.,1.));
#16767=IFCDIRECTION((-4.3711388286737889E-08,-0.99999999999999911,0.));
#16768=IFCAXIS2PLACEMENT3D(#16765,#16766,#16767);
#16769=IFCLOCALPLACEMENT(#16749,#16768);
#16770=IFCCARTESIANPOINT((0.22747703034016395,5.5186734199524095,0.));
#16771=IFCDIRECTION((0.,0.,1.));
#16772=IFCDIRECTION((-0.99999999999992428,3.8941436741876494E-07,0.));
#16773=IFCAXIS2PLACEMENT3D(#16770,#16771,#16772);
#16774=IFCLOCALPLACEMENT(#16749,#16773);
#16775=IFCCARTESIANPOINT((-3.2725229263306335,5.5186747829026785,0.));
#16776=IFCDIRECTION((0.,0.,1.));
#16777=IFCDIRECTION((7.5497901264043123E-08,-0.99999999999999722,0.));
#16778=IFCAXIS2PLACEMENT3D(#16775,#16776,#16777);
#16779=IFCLOCALPLACEMENT(#16749,#16778);
#16780=IFCCARTESIANPOINT((-3.2725223892641768,-1.5949859616423794,0.));
#16781=IFCDIRECTION((0.,0.,1.));
#16782=IFCDIRECTION((0.99999883766520337,-0.0015246862766497009,0.));
#16783=IFCAXIS2PLACEMENT3D(#16780,#16781,#16782);
#16784=IFCLOCALPLACEMENT(#16749,#16783);
#16785=IFCCARTESIANPOINT((0.26192861781968618,-1.6003748968521176,0.));
#16786=IFCDIRECTION((0.,0.,1.));
#16787=IFCDIRECTION((-0.0017033051356800573,-0.9999985493747553,0.));
#16788=IFCAXIS2PLACEMENT3D(#16785,#16786,#16787);
#16789=IFCLOCALPLACEMENT(#16749,#16788);
#16790=IFCCARTESIANPOINT((1.819606780988452,-2.1950225931360787,0.));
#16791=IFCDIRECTION((0.,0.,1.));
#16792=IFCDIRECTION((-0.0017186831909427307,-0.99999852306295389,0.));
#16793=IFCAXIS2PLACEMENT3D(#16790,#16791,#16792);
#16794=IFCLOCALPLACEMENT(#16749,#16793);
#16795=IFCCARTESIANPOINT((1.8180684798650704,-3.0900676250037327,0.));
#16796=IFCDIRECTION((0.,0.,1.));
#16797=IFCDIRECTION((0.99999852375255183,-0.0017182819085080302,0.));
#16798=IFCAXIS2PLACEMENT3D(#16795,#16796,#16797);
#16799=IFCLOCALPLACEMENT(#16749,#16798);
#16800=IFCCARTESIANPOINT((4.2080650330927316,-3.0941743189050364,0.));
#16801=IFCDIRECTION((0.,0.,1.));
#16802=IFCDIRECTION((0.0020213867205233255,0.99999795699577609,0.));
#16803=IFCAXIS2PLACEMENT3D(#16800,#16801,#16802);
#16804=IFCLOCALPLACEMENT(#16749,#16803);
#16805=IFCCARTESIANPOINT((0.36209884285926819,-1.5005275011062622,0.));
#16806=IFCDIRECTION((0.,0.,1.));
#16807=IFCDIRECTION((-0.0050038327349183516,0.99998748075061472,0.));
#16808=IFCAXIS2PLACEMENT3D(#16805,#16806,#16807);
#16809=IFCLOCALPLACEMENT(#16749,#16808);
#16810=IFCCARTESIANPOINT((-3.1725225448608398,2.5501916408538818,0.));
#16811=IFCDIRECTION((0.,0.,1.));
#16812=IFCDIRECTION((0.99999999708961695,-7.6293945090455395E-05,0.));
#16813=IFCAXIS2PLACEMENT3D(#16810,#16811,#16812);
#16814=IFCLOCALPLACEMENT(#16749,#16813);
#16815=IFCCARTESIANPOINT((0.32891935110092163,4.9261174201965332,0.));
#16816=IFCDIRECTION((0.,0.,1.));
#16817=IFCDIRECTION((0.99999999489045888,-0.00010108947702254166,0.));
#16818=IFCAXIS2PLACEMENT3D(#16815,#16816,#16817);
#16819=IFCLOCALPLACEMENT(#16749,#16818);
#16820=IFCCARTESIANPOINT((4.2274786848497774,6.5099315643309135,0.));
#16821=IFCDIRECTION((0.,0.,1.));
#16822=IFCDIRECTION((-0.99999999999999623,8.7422776573475527E-08,0.));
#16823=IFCAXIS2PLACEMENT3D(#16820,#16821,#16822);
#16824=IFCLOCALPLACEMENT(#16749,#16823);
#16825=IFCCARTESIANPOINT((0.35142195224761963,0.38975995779037476,0.));
#16826=IFCDIRECTION((0.,0.,1.));
#16827=IFCDIRECTION((0.99999999971007014,2.4080276482276221E-05,0.));
#16828=IFCAXIS2PLACEMENT3D(#16825,#16826,#16827);
#16829=IFCLOCALPLACEMENT(#16749,#16828);
#16840=IFCCARTESIANPOINT((2.8742597103118896,4.9789848327636719,0.));
#16841=IFCDIRECTION((0.,0.,1.));
#16842=IFCDIRECTION((1.,0.,0.));
#16843=IFCAXIS2PLACEMENT3D(#16840,#16841,#16842);
#16844=IFCLOCALPLACEMENT(#16749,#16843);
#16845=IFCCARTESIANPOINT((2.8742597103118896,4.9789848327636719,0.));
#16846=IFCDIRECTION((0.,0.,1.));
#16847=IFCDIRECTION((1.,0.,0.));
#16848=IFCAXIS2PLACEMENT3D(#16845,#16846,#16847);
#16849=IFCLOCALPLACEMENT(#16749,#16848);
#16850=IFCCARTESIANPOINT((2.8742597103118896,4.9789848327636719,0.));
#16851=IFCDIRECTION((0.,0.,1.));
#16852=IFCDIRECTION((1.,0.,0.));
#16853=IFCAXIS2PLACEMENT3D(#16850,#16851,#16852);
#16854=IFCLOCALPLACEMENT(#16749,#16853);
#16855=IFCCARTESIANPOINT((0.84460687637329102,-3.0652785301208496,0.));
#16856=IFCDIRECTION((0.,0.,1.));
#16857=IFCDIRECTION((1.,0.,0.));
#16858=IFCAXIS2PLACEMENT3D(#16855,#16856,#16857);
#16859=IFCLOCALPLACEMENT(#16749,#16858);
#16860=IFCCARTESIANPOINT((0.84460687637329102,-3.0652785301208496,0.));
#16861=IFCDIRECTION((0.,0.,1.));
#16862=IFCDIRECTION((1.,0.,0.));
#16863=IFCAXIS2PLACEMENT3D(#16860,#16861,#16862);
#16864=IFCLOCALPLACEMENT(#16749,#16863);
#16865=IFCCARTESIANPOINT((-3.4536232948303223,244998.953125,0.));
#16866=IFCDIRECTION((0.,0.,1.));
#16867=IFCDIRECTION((1.,0.,0.));
#16868=IFCAXIS2PLACEMENT3D(#16865,#16866,#16867);
#16869=IFCLOCALPLACEMENT(#16749,#16868);
#16870=IFCCARTESIANPOINT((-1.1453155279159546,-3.0652785301208496,0.));
#16871=IFCDIRECTION((0.,0.,1.));
#16872=IFCDIRECTION((1.,0.,0.));
#16873=IFCAXIS2PLACEMENT3D(#16870,#16871,#16872);
#16874=IFCLOCALPLACEMENT(#16749,#16873);
#16875=IFCCARTESIANPOINT((-3.1339166164398193,-3.0650687217712402,0.));
#16876=IFCDIRECTION((0.,0.,1.));
#16877=IFCDIRECTION((1.,0.,0.));
#16878=IFCAXIS2PLACEMENT3D(#16875,#16876,#16877);
#16879=IFCLOCALPLACEMENT(#16749,#16878);
#16880=IFCCARTESIANPOINT((-3.2452921867370605,-2.1150686740875244,0.));
#16881=IFCDIRECTION((0.,0.,1.));
#16882=IFCDIRECTION((-4.3711388286737889E-08,0.99999999999999911,0.));
#16883=IFCAXIS2PLACEMENT3D(#16880,#16881,#16882);
#16884=IFCLOCALPLACEMENT(#16749,#16883);
#16885=IFCCOLUMNTYPE('11_fi7aU50lOhoSqPuWavG',$,'Unnamed',$,$,$,$,$,$,.COLUMN.);
#16886=IFCRECTANGLEPROFILEDEF(.AREA.,'New Profile',$,0.5,0.5);
#16887=IFCMATERIALPROFILESET($,$,(#16889),$);
#16888=IFCRELASSOCIATESMATERIAL('25LBBzIOT9kxg4kDa1pjFT',$,$,$,(#16885),#16887);
#16889=IFCMATERIALPROFILE($,$,#81,#16886,$,$);
#16890=IFCCOLUMN('0xLOJHeEz5rv1wSZQQWswZ',$,'Column',$,$,#16898,#16902,$,$);
#16891=IFCRELDEFINESBYTYPE('2qLuqZtD5278DbIaipTYWj',$,$,$,(#18439,#16890,#17094,#17148,#16935,#16957,#17072,#17023,#17121,#16913,#16979,#17001,#17050,#18461,#18488,#18515,#18542,#18564,#18591,#18618,#18645,#18667,#18694,#18716,#18914),#16885);
#16892=IFCMATERIALPROFILESETUSAGE(#16887,5,$);
#16893=IFCRELASSOCIATESMATERIAL('3MZEcIgRX9E8KHaaCcdzEE',$,$,$,(#16890),#16892);
#16894=IFCCARTESIANPOINT((0.22747701406478882,-2.6000680923461914,0.));
#16895=IFCDIRECTION((0.,0.,1.));
#16896=IFCDIRECTION((1.,0.,0.));
#16897=IFCAXIS2PLACEMENT3D(#16894,#16895,#16896);
#16898=IFCLOCALPLACEMENT(#79,#16897);
#16902=IFCPRODUCTDEFINITIONSHAPE($,$,(#17977,#17984));
#16910=IFCPROPERTYSET('3llyeGyYb66f02LqehbSQG',$,'EPset_Parametric',$,(#16912));
#16911=IFCRELDEFINESBYPROPERTIES('3jR8WkIb17R92Mpe8KT4FJ',$,$,$,(#16890),#16910);
#16912=IFCPROPERTYSINGLEVALUE('Engine',$,IFCLABEL('Bonsai.DumbProfile'),$);
#16913=IFCCOLUMN('1mYu4kiYz7oviptzix05t9',$,'Column',$,$,#16920,#16924,$,$);
#16914=IFCMATERIALPROFILESETUSAGE(#16887,5,$);
#16915=IFCRELASSOCIATESMATERIAL('1QUCu2rIz71xomfHtYsxSL',$,$,$,(#16913),#16914);
#16916=IFCCARTESIANPOINT((4.2274765968322754,-2.6000680923461914,0.));
#16917=IFCDIRECTION((0.,0.,1.));
#16918=IFCDIRECTION((1.,0.,0.));
#16919=IFCAXIS2PLACEMENT3D(#16916,#16917,#16918);
#16920=IFCLOCALPLACEMENT(#79,#16919);
#16924=IFCPRODUCTDEFINITIONSHAPE($,$,(#18037,#18044));
#16932=IFCPROPERTYSET('3EQO7$wnn9bv6hzCPD$76G',$,'EPset_Parametric',$,(#16934));
#16933=IFCRELDEFINESBYPROPERTIES('2ttgPbruX3exNnqwHdo0wr',$,$,$,(#16913),#16932);
#16934=IFCPROPERTYSINGLEVALUE('Engine',$,IFCLABEL('Bonsai.DumbProfile'),$);
#16935=IFCCOLUMN('0dy5TpeM94jhAtPNiS$6lD',$,'Column',$,$,#16942,#16946,$,$);
#16936=IFCMATERIALPROFILESETUSAGE(#16887,5,$);
#16937=IFCRELASSOCIATESMATERIAL('1zJQXQWXvE$OwJuipacm_x',$,$,$,(#16935),#16936);
#16938=IFCCARTESIANPOINT((4.2274770736694336,6.5099315643310547,0.));
#16939=IFCDIRECTION((0.,0.,1.));
#16940=IFCDIRECTION((1.,0.,0.));
#16941=IFCAXIS2PLACEMENT3D(#16938,#16939,#16940);
#16942=IFCLOCALPLACEMENT(#79,#16941);
#16946=IFCPRODUCTDEFINITIONSHAPE($,$,(#17957,#17964));
#16954=IFCPROPERTYSET('1KD3LBtxv7NgGp42GjfXYt',$,'EPset_Parametric',$,(#16956));
#16955=IFCRELDEFINESBYPROPERTIES('0EUp6a_$94ZQgpXa1fpRMe',$,$,$,(#16935),#16954);
#16956=IFCPROPERTYSINGLEVALUE('Engine',$,IFCLABEL('Bonsai.DumbProfile'),$);
#16957=IFCCOLUMN('3Je8k0oNj0IPDCQYlzJkZk',$,'Column',$,$,#16964,#16968,$,$);
#16958=IFCMATERIALPROFILESETUSAGE(#16887,5,$);
#16959=IFCRELASSOCIATESMATERIAL('2c_l8Hqbj2tgrlvPiLxQDw',$,$,$,(#16957),#16958);
#16960=IFCCARTESIANPOINT((-2.7825226783752441,5.0499324798583984,0.));
#16961=IFCDIRECTION((0.,0.,1.));
#16962=IFCDIRECTION((1.,0.,0.));
#16963=IFCAXIS2PLACEMENT3D(#16960,#16961,#16962);
#16964=IFCLOCALPLACEMENT(#79,#16963);
#16968=IFCPRODUCTDEFINITIONSHAPE($,$,(#17987,#17994));
#16976=IFCPROPERTYSET('2AtCHF0oX6iQk5WzEzNOYD',$,'EPset_Parametric',$,(#16978));
#16977=IFCRELDEFINESBYPROPERTIES('2rsF1Uuyb8IxmcRWo1w96w',$,$,$,(#16957),#16976);
#16978=IFCPROPERTYSINGLEVALUE('Engine',$,IFCLABEL('Bonsai.DumbProfile'),$);
#16979=IFCCOLUMN('2V17t9ULD1let_9YlAD76J',$,'Column',$,$,#16986,#16990,$,$);
#16980=IFCMATERIALPROFILESETUSAGE(#16887,5,$);
#16981=IFCRELASSOCIATESMATERIAL('28hnUJ5s13LAcCT4Q2l3CD',$,$,$,(#16979),#16980);
#16982=IFCCARTESIANPOINT((-2.7825217247009277,-0.10006856918334961,0.));
#16983=IFCDIRECTION((0.,0.,1.));
#16984=IFCDIRECTION((1.,0.,0.));
#16985=IFCAXIS2PLACEMENT3D(#16982,#16983,#16984);
#16986=IFCLOCALPLACEMENT(#79,#16985);
#16990=IFCPRODUCTDEFINITIONSHAPE($,$,(#17967,#17974));
#16998=IFCPROPERTYSET('2ENjF2S7b8PxMXXMqrgwdt',$,'EPset_Parametric',$,(#17000));
#16999=IFCRELDEFINESBYPROPERTIES('39137s2rTBjA_V0PLhm2Z3',$,$,$,(#16979),#16998);
#17000=IFCPROPERTYSINGLEVALUE('Engine',$,IFCLABEL('Bonsai.DumbProfile'),$);
#17001=IFCCOLUMN('0Meq9ZwFLBZvXL6b$Z1eQf',$,'Column',$,$,#17049,#17012,$,$);
#17002=IFCMATERIALPROFILESETUSAGE(#16887,5,$);
#17003=IFCRELASSOCIATESMATERIAL('3kH_SZEdz8LujsN9$eMtHf',$,$,$,(#17001),#17002);
#17012=IFCPRODUCTDEFINITIONSHAPE($,$,(#17937,#17944));
#17020=IFCPROPERTYSET('1uKmkLKaT7DAE$TQZk0n1D',$,'EPset_Parametric',$,(#17022));
#17021=IFCRELDEFINESBYPROPERTIES('2PEPz6dW93jezh52nPNSt0',$,$,$,(#17001),#17020);
#17022=IFCPROPERTYSINGLEVALUE('Engine',$,IFCLABEL('Bonsai.DumbProfile'),$);
#17023=IFCCOLUMN('2AsZZ2fEHFkQKrSINVFto9',$,'Column',$,$,#17876,#17034,$,$);
#17029=IFCRELASSOCIATESMATERIAL('3JDbIREQ5CL8AbOAxJWk12',$,$,$,(#17023),#17030);
#17030=IFCMATERIALPROFILESETUSAGE(#16887,5,$);
#17031=IFCRELDEFINESBYPROPERTIES('11voEYvqHBxOTjxlHyR_kB',$,$,$,(#17023),#17032);
#17032=IFCPROPERTYSET('3Ykybk8Pj4CAjmwjBccOI_',$,'EPset_Parametric',$,(#17033));
#17033=IFCPROPERTYSINGLEVALUE('Engine',$,IFCLABEL('Bonsai.DumbProfile'),$);
#17034=IFCPRODUCTDEFINITIONSHAPE($,$,(#18027,#18034));
#17045=IFCCARTESIANPOINT((-2.7825226783752441,2.5999307632446289,0.));
#17046=IFCDIRECTION((0.,0.,1.));
#17047=IFCDIRECTION((1.,0.,0.));
#17048=IFCAXIS2PLACEMENT3D(#17045,#17046,#17047);
#17049=IFCLOCALPLACEMENT(#79,#17048);
#17050=IFCCOLUMN('2Qvb4DaKHCdvXSER8kbDQ4',$,'Column',$,$,#17881,#17061,$,$);
#17056=IFCRELASSOCIATESMATERIAL('3sfSIgqSXBMfVhjthPn7kS',$,$,$,(#17050),#17057);
#17057=IFCMATERIALPROFILESETUSAGE(#16887,5,$);
#17058=IFCRELDEFINESBYPROPERTIES('0Ua69Yn_TESfHaD8GnRIHu',$,$,$,(#17050),#17059);
#17059=IFCPROPERTYSET('02AxSnA310JRnTj7uBmvTH',$,'EPset_Parametric',$,(#17060));
#17060=IFCPROPERTYSINGLEVALUE('Engine',$,IFCLABEL('Bonsai.DumbProfile'),$);
#17061=IFCPRODUCTDEFINITIONSHAPE($,$,(#17927,#17934));
#17072=IFCCOLUMN('1HRbDGd_D77fEql_ysJEIv',$,'Column',$,$,#17886,#17083,$,$);
#17078=IFCRELDEFINESBYPROPERTIES('0VajF$_E538ehVEWp7YCRB',$,$,$,(#17072),#17079);
#17079=IFCPROPERTYSET('36uhw_YoL3ChTM0Cbyejv5',$,'EPset_Parametric',$,(#17080));
#17080=IFCPROPERTYSINGLEVALUE('Engine',$,IFCLABEL('Bonsai.DumbProfile'),$);
#17081=IFCRELASSOCIATESMATERIAL('0$1XIqJ3j088AohSRGHiXK',$,$,$,(#17072),#17082);
#17082=IFCMATERIALPROFILESETUSAGE(#16887,5,$);
#17083=IFCPRODUCTDEFINITIONSHAPE($,$,(#17947,#17954));
#17094=IFCCOLUMN('0E4QCEQV9CiPb2T$VwoJzT',$,'Column',$,$,#17120,#17105,$,$);
#17100=IFCRELDEFINESBYPROPERTIES('2v$MSr5vLCdOUllyezp0v3',$,$,$,(#17094),#17101);
#17101=IFCPROPERTYSET('0El6Op4j198BcstZ3zUVsz',$,'EPset_Parametric',$,(#17102));
#17102=IFCPROPERTYSINGLEVALUE('Engine',$,IFCLABEL('Bonsai.DumbProfile'),$);
#17103=IFCRELASSOCIATESMATERIAL('1x5AZ05U10LwI$Skly3bXF',$,$,$,(#17094),#17104);
#17104=IFCMATERIALPROFILESETUSAGE(#16887,5,$);
#17105=IFCPRODUCTDEFINITIONSHAPE($,$,(#18007,#18014));
#17116=IFCCARTESIANPOINT((0.22747701406478882,-0.10006856918334961,0.));
#17117=IFCDIRECTION((0.,0.,1.));
#17118=IFCDIRECTION((1.,0.,0.));
#17119=IFCAXIS2PLACEMENT3D(#17116,#17117,#17118);
#17120=IFCLOCALPLACEMENT(#79,#17119);
#17121=IFCCOLUMN('0dANPIJk97TPUgxs9qwZh2',$,'Column',$,$,#17147,#17132,$,$);
#17127=IFCRELASSOCIATESMATERIAL('3QbN_eui18fRUSEr8CQ1Yj',$,$,$,(#17121),#17128);
#17128=IFCMATERIALPROFILESETUSAGE(#16887,5,$);
#17129=IFCRELDEFINESBYPROPERTIES('1pPcpOTVT1DhSloZauF8L3',$,$,$,(#17121),#17130);
#17130=IFCPROPERTYSET('2fEyqFb7bBVh3szm_$sfSJ',$,'EPset_Parametric',$,(#17131));
#17131=IFCPROPERTYSINGLEVALUE('Engine',$,IFCLABEL('Bonsai.DumbProfile'),$);
#17132=IFCPRODUCTDEFINITIONSHAPE($,$,(#18017,#18024));
#17143=IFCCARTESIANPOINT((0.22747701406478882,5.0499324798583984,0.));
#17144=IFCDIRECTION((0.,0.,1.));
#17145=IFCDIRECTION((1.,0.,0.));
#17146=IFCAXIS2PLACEMENT3D(#17143,#17144,#17145);
#17147=IFCLOCALPLACEMENT(#79,#17146);
#17148=IFCCOLUMN('221JyaIv16l9OiradOC6Xa',$,'Column',$,$,#17891,#17159,$,$);
#17154=IFCRELDEFINESBYPROPERTIES('1v2ggkWb9Ecf86h1KKiRlB',$,$,$,(#17148),#17155);
#17155=IFCPROPERTYSET('3JLAMe_obDjw1D8G7Mi03u',$,'EPset_Parametric',$,(#17156));
#17156=IFCPROPERTYSINGLEVALUE('Engine',$,IFCLABEL('Bonsai.DumbProfile'),$);
#17157=IFCRELASSOCIATESMATERIAL('0IQ$AsYlv0_h5cZjX6guxu',$,$,$,(#17148),#17158);
#17158=IFCMATERIALPROFILESETUSAGE(#16887,5,$);
#17159=IFCPRODUCTDEFINITIONSHAPE($,$,(#17997,#18004));
#17521=IFCCARTESIANPOINTLIST2D(((0.,0.),(0.,0.10000000149011612),(2.4999997726924965,0.10000000149011612),(2.5999997968319857,0.)));
#17522=IFCINDEXEDPOLYCURVE(#17521,(IFCLINEINDEX((1,2,3,4,1))),$);
#17523=IFCARBITRARYCLOSEDPROFILEDEF(.AREA.,$,#17522);
#17524=IFCCARTESIANPOINT((0.,0.,0.));
#17525=IFCDIRECTION((0.,0.,1.));
#17526=IFCDIRECTION((1.,0.,0.));
#17527=IFCAXIS2PLACEMENT3D(#17524,#17525,#17526);
#17528=IFCDIRECTION((0.,0.,1.));
#17529=IFCEXTRUDEDAREASOLID(#17523,#17527,#17528,3.);
#17530=IFCSHAPEREPRESENTATION(#11,'Body','SweptSolid',(#17529));
#17531=IFCCARTESIANPOINTLIST2D(((0.,0.),(2.5999997968319857,0.)));
#17532=IFCINDEXEDPOLYCURVE(#17531,$,$);
#17533=IFCSHAPEREPRESENTATION(#23,'Axis','Curve2D',(#17532));
#17534=IFCCARTESIANPOINTLIST2D(((0.,0.),(0.1000000241394894,0.10000000149011612),(3.3600002551553798,0.10000000149011612),(3.4600002490957058,0.)));
#17535=IFCINDEXEDPOLYCURVE(#17534,(IFCLINEINDEX((1,2,3,4,1))),$);
#17536=IFCARBITRARYCLOSEDPROFILEDEF(.AREA.,$,#17535);
#17537=IFCCARTESIANPOINT((0.,0.,0.));
#17538=IFCDIRECTION((0.,0.,1.));
#17539=IFCDIRECTION((1.,0.,0.));
#17540=IFCAXIS2PLACEMENT3D(#17537,#17538,#17539);
#17541=IFCDIRECTION((0.,0.,1.));
#17542=IFCEXTRUDEDAREASOLID(#17536,#17540,#17541,3.);
#17543=IFCSHAPEREPRESENTATION(#11,'Body','SweptSolid',(#17542));
#17544=IFCCARTESIANPOINTLIST2D(((0.,0.),(3.4600002490957058,0.)));
#17545=IFCINDEXEDPOLYCURVE(#17544,$,$);
#17546=IFCSHAPEREPRESENTATION(#23,'Axis','Curve2D',(#17545));
#17547=IFCCARTESIANPOINTLIST2D(((0.,0.),(0.099600844474714387,0.10000000149011612),(3.8999998846032309,0.10000000149011612),(3.9999998785435569,0.)));
#17548=IFCINDEXEDPOLYCURVE(#17547,(IFCLINEINDEX((1,2,3,4,1))),$);
#17549=IFCARBITRARYCLOSEDPROFILEDEF(.AREA.,$,#17548);
#17550=IFCCARTESIANPOINT((0.,0.,0.));
#17551=IFCDIRECTION((0.,0.,1.));
#17552=IFCDIRECTION((1.,0.,0.));
#17553=IFCAXIS2PLACEMENT3D(#17550,#17551,#17552);
#17554=IFCDIRECTION((0.,0.,1.));
#17555=IFCEXTRUDEDAREASOLID(#17549,#17553,#17554,3.);
#17556=IFCSHAPEREPRESENTATION(#11,'Body','SweptSolid',(#17555));
#17557=IFCCARTESIANPOINTLIST2D(((0.,0.),(3.9999998785435569,0.)));
#17558=IFCINDEXEDPOLYCURVE(#17557,$,$);
#17559=IFCSHAPEREPRESENTATION(#23,'Axis','Curve2D',(#17558));
#17560=IFCCARTESIANPOINTLIST2D(((0.,0.),(0.,0.10000000149011612),(3.7955488944835745,0.10000000149011612),(3.7953568643826832,0.)));
#17561=IFCINDEXEDPOLYCURVE(#17560,(IFCLINEINDEX((1,2,3,4,1))),$);
#17562=IFCARBITRARYCLOSEDPROFILEDEF(.AREA.,$,#17561);
#17563=IFCCARTESIANPOINT((0.,0.,0.));
#17564=IFCDIRECTION((0.,0.,1.));
#17565=IFCDIRECTION((1.,0.,0.));
#17566=IFCAXIS2PLACEMENT3D(#17563,#17564,#17565);
#17567=IFCDIRECTION((0.,0.,1.));
#17568=IFCEXTRUDEDAREASOLID(#17562,#17566,#17567,3.);
#17569=IFCSHAPEREPRESENTATION(#11,'Body','SweptSolid',(#17568));
#17570=IFCCARTESIANPOINTLIST2D(((0.,0.),(3.8953570502504249,0.)));
#17571=IFCINDEXEDPOLYCURVE(#17570,$,$);
#17572=IFCSHAPEREPRESENTATION(#23,'Axis','Curve2D',(#17571));
#17573=IFCCARTESIANPOINTLIST2D(((0.,0.),(0.10000004161842749,0.10000000149011612),(2.2900303859111086,0.10000000149011612),(2.3900000814591831,0.)));
#17574=IFCINDEXEDPOLYCURVE(#17573,(IFCLINEINDEX((1,2,3,4,1))),$);
#17575=IFCARBITRARYCLOSEDPROFILEDEF(.AREA.,$,#17574);
#17576=IFCCARTESIANPOINT((0.,0.,0.));
#17577=IFCDIRECTION((0.,0.,1.));
#17578=IFCDIRECTION((1.,0.,0.));
#17579=IFCAXIS2PLACEMENT3D(#17576,#17577,#17578);
#17580=IFCDIRECTION((0.,0.,1.));
#17581=IFCEXTRUDEDAREASOLID(#17575,#17579,#17580,3.);
#17582=IFCSHAPEREPRESENTATION(#11,'Body','SweptSolid',(#17581));
#17583=IFCCARTESIANPOINTLIST2D(((0.,0.),(2.3900000814591831,0.)));
#17584=IFCINDEXEDPOLYCURVE(#17583,$,$);
#17585=IFCSHAPEREPRESENTATION(#23,'Axis','Curve2D',(#17584));
#17586=IFCCARTESIANPOINTLIST2D(((0.,0.),(0.10000004798135449,0.10000000149011612),(7.0138131031667976,0.10000000149011612),(7.1136607445450775,0.)));
#17587=IFCINDEXEDPOLYCURVE(#17586,(IFCLINEINDEX((1,2,3,4,1))),$);
#17588=IFCARBITRARYCLOSEDPROFILEDEF(.AREA.,$,#17587);
#17589=IFCCARTESIANPOINT((0.,0.,0.));
#17590=IFCDIRECTION((0.,0.,1.));
#17591=IFCDIRECTION((1.,0.,0.));
#17592=IFCAXIS2PLACEMENT3D(#17589,#17590,#17591);
#17593=IFCDIRECTION((0.,0.,1.));
#17594=IFCEXTRUDEDAREASOLID(#17588,#17592,#17593,3.);
#17595=IFCSHAPEREPRESENTATION(#11,'Body','SweptSolid',(#17594));
#17596=IFCCARTESIANPOINTLIST2D(((0.,0.),(7.1136607445450775,0.)));
#17597=IFCINDEXEDPOLYCURVE(#17596,$,$);
#17598=IFCSHAPEREPRESENTATION(#23,'Axis','Curve2D',(#17597));
#17599=IFCCARTESIANPOINTLIST2D(((0.,0.),(0.099999993940326173,0.10000000149011612),(3.0996009333916472,0.10000000149011612),(3.0000000889169329,0.)));
#17600=IFCINDEXEDPOLYCURVE(#17599,(IFCLINEINDEX((1,2,3,4,1))),$);
#17601=IFCARBITRARYCLOSEDPROFILEDEF(.AREA.,$,#17600);
#17602=IFCCARTESIANPOINT((0.,0.,0.));
#17603=IFCDIRECTION((0.,0.,1.));
#17604=IFCDIRECTION((1.,0.,0.));
#17605=IFCAXIS2PLACEMENT3D(#17602,#17603,#17604);
#17606=IFCDIRECTION((0.,0.,1.));
#17607=IFCEXTRUDEDAREASOLID(#17601,#17605,#17606,3.);
#17608=IFCSHAPEREPRESENTATION(#11,'Body','SweptSolid',(#17607));
#17609=IFCCARTESIANPOINTLIST2D(((0.,0.),(3.0000000889169329,0.)));
#17610=IFCINDEXEDPOLYCURVE(#17609,$,$);
#17611=IFCSHAPEREPRESENTATION(#23,'Axis','Curve2D',(#17610));
#17612=IFCCARTESIANPOINTLIST2D(((0.,0.),(0.10000000586125511,0.10000000149011612),(1.0912585301301723,0.10000000149011612),(0.99125849406975175,0.)));
#17613=IFCINDEXEDPOLYCURVE(#17612,(IFCLINEINDEX((1,2,3,4,1))),$);
#17614=IFCARBITRARYCLOSEDPROFILEDEF(.AREA.,$,#17613);
#17615=IFCCARTESIANPOINT((0.,0.,0.));
#17616=IFCDIRECTION((0.,0.,1.));
#17617=IFCDIRECTION((1.,0.,0.));
#17618=IFCAXIS2PLACEMENT3D(#17615,#17616,#17617);
#17619=IFCDIRECTION((0.,0.,1.));
#17620=IFCEXTRUDEDAREASOLID(#17614,#17618,#17619,3.);
#17621=IFCSHAPEREPRESENTATION(#11,'Body','SweptSolid',(#17620));
#17622=IFCCARTESIANPOINTLIST2D(((0.,0.),(0.99125849406975175,0.)));
#17623=IFCINDEXEDPOLYCURVE(#17622,$,$);
#17624=IFCSHAPEREPRESENTATION(#23,'Axis','Curve2D',(#17623));
#17625=IFCCARTESIANPOINTLIST2D(((0.,0.),(0.1000000241394894,0.10000000149011612),(2.9996013159549548,0.10000000149011612),(2.9996013084051647,0.)));
#17626=IFCINDEXEDPOLYCURVE(#17625,(IFCLINEINDEX((1,2,3,4,1))),$);
#17627=IFCARBITRARYCLOSEDPROFILEDEF(.AREA.,$,#17626);
#17628=IFCCARTESIANPOINT((0.,0.,0.));
#17629=IFCDIRECTION((0.,0.,1.));
#17630=IFCDIRECTION((1.,0.,0.));
#17631=IFCAXIS2PLACEMENT3D(#17628,#17629,#17630);
#17632=IFCDIRECTION((0.,0.,1.));
#17633=IFCEXTRUDEDAREASOLID(#17627,#17631,#17632,3.);
#17634=IFCSHAPEREPRESENTATION(#11,'Body','SweptSolid',(#17633));
#17635=IFCCARTESIANPOINTLIST2D(((0.,0.),(3.0996013098952808,0.)));
#17636=IFCINDEXEDPOLYCURVE(#17635,$,$);
#17637=IFCSHAPEREPRESENTATION(#23,'Axis','Curve2D',(#17636));
#17638=IFCCARTESIANPOINTLIST2D(((0.,0.),(0.,0.10000000149011612),(3.7648257609466178,0.10000000149011612),(3.7648257609466178,0.)));
#17639=IFCINDEXEDPOLYCURVE(#17638,(IFCLINEINDEX((1,2,3,4,1))),$);
#17640=IFCARBITRARYCLOSEDPROFILEDEF(.AREA.,$,#17639);
#17641=IFCCARTESIANPOINT((0.,0.,0.));
#17642=IFCDIRECTION((0.,0.,1.));
#17643=IFCDIRECTION((1.,0.,0.));
#17644=IFCAXIS2PLACEMENT3D(#17641,#17642,#17643);
#17645=IFCDIRECTION((0.,0.,1.));
#17646=IFCEXTRUDEDAREASOLID(#17640,#17644,#17645,3.);
#17647=IFCSHAPEREPRESENTATION(#11,'Body','SweptSolid',(#17646));
#17648=IFCCARTESIANPOINTLIST2D(((0.,0.),(3.7648257609466178,0.)));
#17649=IFCINDEXEDPOLYCURVE(#17648,$,$);
#17650=IFCSHAPEREPRESENTATION(#23,'Axis','Curve2D',(#17649));
#17651=IFCCARTESIANPOINTLIST2D(((0.,0.),(0.,0.10000000149011612),(3.4138440537792087,0.10000000149011612),(3.4143520729132479,0.)));
#17652=IFCINDEXEDPOLYCURVE(#17651,(IFCLINEINDEX((1,2,3,4,1))),$);
#17653=IFCARBITRARYCLOSEDPROFILEDEF(.AREA.,$,#17652);
#17654=IFCCARTESIANPOINT((0.,0.,0.));
#17655=IFCDIRECTION((0.,0.,1.));
#17656=IFCDIRECTION((1.,0.,0.));
#17657=IFCAXIS2PLACEMENT3D(#17654,#17655,#17656);
#17658=IFCDIRECTION((0.,0.,1.));
#17659=IFCEXTRUDEDAREASOLID(#17653,#17657,#17658,3.);
#17660=IFCSHAPEREPRESENTATION(#11,'Body','SweptSolid',(#17659));
#17661=IFCCARTESIANPOINTLIST2D(((0.,0.),(3.514353364812222,0.)));
#17662=IFCINDEXEDPOLYCURVE(#17661,$,$);
#17663=IFCSHAPEREPRESENTATION(#23,'Axis','Curve2D',(#17662));
#17664=IFCCARTESIANPOINTLIST2D(((0.,0.),(0.,0.10000000149011612),(2.3500005860753066,0.10000000149011612),(2.3500005666045878,0.)));
#17665=IFCINDEXEDPOLYCURVE(#17664,(IFCLINEINDEX((1,2,3,4,1))),$);
#17666=IFCARBITRARYCLOSEDPROFILEDEF(.AREA.,$,#17665);
#17667=IFCCARTESIANPOINT((0.,0.,0.));
#17668=IFCDIRECTION((0.,0.,1.));
#17669=IFCDIRECTION((1.,0.,0.));
#17670=IFCAXIS2PLACEMENT3D(#17667,#17668,#17669);
#17671=IFCDIRECTION((0.,0.,1.));
#17672=IFCEXTRUDEDAREASOLID(#17666,#17670,#17671,3.);
#17673=IFCSHAPEREPRESENTATION(#11,'Body','SweptSolid',(#17672));
#17674=IFCCARTESIANPOINTLIST2D(((0.,0.),(2.4500005680947061,0.)));
#17675=IFCINDEXEDPOLYCURVE(#17674,$,$);
#17676=IFCSHAPEREPRESENTATION(#23,'Axis','Curve2D',(#17675));
#17677=IFCCARTESIANPOINTLIST2D(((0.,0.),(0.09996969554807425,0.10000000149011612),(9.5039231683859118,0.10000000149011612),(9.6041255045049212,0.)));
#17678=IFCINDEXEDPOLYCURVE(#17677,(IFCLINEINDEX((1,2,3,4,1))),$);
#17679=IFCARBITRARYCLOSEDPROFILEDEF(.AREA.,$,#17678);
#17680=IFCCARTESIANPOINT((0.,0.,0.));
#17681=IFCDIRECTION((0.,0.,1.));
#17682=IFCDIRECTION((1.,0.,0.));
#17683=IFCAXIS2PLACEMENT3D(#17680,#17681,#17682);
#17684=IFCDIRECTION((0.,0.,1.));
#17685=IFCEXTRUDEDAREASOLID(#17679,#17683,#17684,3.);
#17686=IFCSHAPEREPRESENTATION(#11,'Body','SweptSolid',(#17685));
#17687=IFCCARTESIANPOINTLIST2D(((0.,0.),(9.6041255045049212,0.)));
#17688=IFCINDEXEDPOLYCURVE(#17687,$,$);
#17689=IFCSHAPEREPRESENTATION(#23,'Axis','Curve2D',(#17688));
#17690=IFCCARTESIANPOINTLIST2D(((0.,0.),(-0.10000003606042052,0.10000000149011612),(3.3999999086897077,0.10000000149011612),(3.4999999566710622,0.)));
#17691=IFCINDEXEDPOLYCURVE(#17690,(IFCLINEINDEX((1,2,3,4,1))),$);
#17692=IFCARBITRARYCLOSEDPROFILEDEF(.AREA.,$,#17691);
#17693=IFCCARTESIANPOINT((0.,0.,0.));
#17694=IFCDIRECTION((0.,0.,1.));
#17695=IFCDIRECTION((1.,0.,0.));
#17696=IFCAXIS2PLACEMENT3D(#17693,#17694,#17695);
#17697=IFCDIRECTION((0.,0.,1.));
#17698=IFCEXTRUDEDAREASOLID(#17692,#17696,#17697,3.);
#17699=IFCSHAPEREPRESENTATION(#11,'Body','SweptSolid',(#17698));
#17700=IFCCARTESIANPOINTLIST2D(((0.,0.),(3.4999999566710622,0.)));
#17701=IFCINDEXEDPOLYCURVE(#17700,$,$);
#17702=IFCSHAPEREPRESENTATION(#23,'Axis','Curve2D',(#17701));
#17703=IFCCARTESIANPOINTLIST2D(((0.,0.),(0.099999993940326173,0.10000000149011612),(1.5600000405200032,0.10000000149011612),(1.4599999925386486,0.)));
#17704=IFCINDEXEDPOLYCURVE(#17703,(IFCLINEINDEX((1,2,3,4,1))),$);
#17705=IFCARBITRARYCLOSEDPROFILEDEF(.AREA.,$,#17704);
#17706=IFCCARTESIANPOINT((0.,0.,0.));
#17707=IFCDIRECTION((0.,0.,1.));
#17708=IFCDIRECTION((1.,0.,0.));
#17709=IFCAXIS2PLACEMENT3D(#17706,#17707,#17708);
#17710=IFCDIRECTION((0.,0.,1.));
#17711=IFCEXTRUDEDAREASOLID(#17705,#17709,#17710,3.);
#17712=IFCSHAPEREPRESENTATION(#11,'Body','SweptSolid',(#17711));
#17713=IFCCARTESIANPOINTLIST2D(((0.,0.),(1.4599999925386486,0.)));
#17714=IFCINDEXEDPOLYCURVE(#17713,$,$);
#17715=IFCSHAPEREPRESENTATION(#23,'Axis','Curve2D',(#17714));
#17716=IFCCARTESIANPOINTLIST2D(((0.10000000149013319,0.),(0.10000005990228916,0.10000000149011612),(1.590000069439127,0.10000000149011612),(1.4900000095368378,0.)));
#17717=IFCINDEXEDPOLYCURVE(#17716,(IFCLINEINDEX((1,2,3,4,1))),$);
#17718=IFCARBITRARYCLOSEDPROFILEDEF(.AREA.,$,#17717);
#17719=IFCCARTESIANPOINT((0.,0.,0.));
#17720=IFCDIRECTION((0.,0.,1.));
#17721=IFCDIRECTION((1.,0.,0.));
#17722=IFCAXIS2PLACEMENT3D(#17719,#17720,#17721);
#17723=IFCDIRECTION((0.,0.,1.));
#17724=IFCEXTRUDEDAREASOLID(#17718,#17722,#17723,3.);
#17725=IFCSHAPEREPRESENTATION(#11,'Body','SweptSolid',(#17724));
#17726=IFCCARTESIANPOINTLIST2D(((0.,0.),(1.4900000095368378,0.)));
#17727=IFCINDEXEDPOLYCURVE(#17726,$,$);
#17728=IFCSHAPEREPRESENTATION(#23,'Axis','Curve2D',(#17727));
#17729=IFCCARTESIANPOINTLIST2D(((0.,0.),(-0.099982948468961122,0.10000000149011612),(0.79504631217634392,0.10000000149011612),(0.89504635379477149,0.)));
#17730=IFCINDEXEDPOLYCURVE(#17729,(IFCLINEINDEX((1,2,3,4,1))),$);
#17731=IFCARBITRARYCLOSEDPROFILEDEF(.AREA.,$,#17730);
#17732=IFCCARTESIANPOINT((0.,0.,0.));
#17733=IFCDIRECTION((0.,0.,1.));
#17734=IFCDIRECTION((1.,0.,0.));
#17735=IFCAXIS2PLACEMENT3D(#17732,#17733,#17734);
#17736=IFCDIRECTION((0.,0.,1.));
#17737=IFCEXTRUDEDAREASOLID(#17731,#17735,#17736,3.);
#17738=IFCSHAPEREPRESENTATION(#11,'Body','SweptSolid',(#17737));
#17739=IFCCARTESIANPOINTLIST2D(((0.,0.),(0.89504635379477149,0.)));
#17740=IFCINDEXEDPOLYCURVE(#17739,$,$);
#17741=IFCSHAPEREPRESENTATION(#23,'Axis','Curve2D',(#17740));
#17742=IFCCARTESIANPOINTLIST2D(((0.,0.),(-0.10000004798135448,0.10000000149011612),(3.4499997761436263,0.10000000149011612),(3.5499998241249808,0.)));
#17743=IFCINDEXEDPOLYCURVE(#17742,(IFCLINEINDEX((1,2,3,4,1))),$);
#17744=IFCARBITRARYCLOSEDPROFILEDEF(.AREA.,$,#17743);
#17745=IFCCARTESIANPOINT((0.,0.,0.));
#17746=IFCDIRECTION((0.,0.,1.));
#17747=IFCDIRECTION((1.,0.,0.));
#17748=IFCAXIS2PLACEMENT3D(#17745,#17746,#17747);
#17749=IFCDIRECTION((0.,0.,1.));
#17750=IFCEXTRUDEDAREASOLID(#17744,#17748,#17749,3.);
#17751=IFCSHAPEREPRESENTATION(#11,'Body','SweptSolid',(#17750));
#17752=IFCCARTESIANPOINTLIST2D(((0.,0.),(3.5499998241249808,0.)));
#17753=IFCINDEXEDPOLYCURVE(#17752,$,$);
#17754=IFCSHAPEREPRESENTATION(#23,'Axis','Curve2D',(#17753));
#17755=IFCCARTESIANPOINTLIST2D(((0.,0.),(-0.10001786499500304,0.10000000149011612),(0.49172242569548308,0.10000000149011612),(0.5917038366306846,0.)));
#17756=IFCINDEXEDPOLYCURVE(#17755,(IFCLINEINDEX((1,2,3,4,1))),$);
#17757=IFCARBITRARYCLOSEDPROFILEDEF(.AREA.,$,#17756);
#17758=IFCCARTESIANPOINT((0.,0.,0.));
#17759=IFCDIRECTION((0.,0.,1.));
#17760=IFCDIRECTION((1.,0.,0.));
#17761=IFCAXIS2PLACEMENT3D(#17758,#17759,#17760);
#17762=IFCDIRECTION((0.,0.,1.));
#17763=IFCEXTRUDEDAREASOLID(#17757,#17761,#17762,3.);
#17764=IFCSHAPEREPRESENTATION(#11,'Body','SweptSolid',(#17763));
#17765=IFCCARTESIANPOINTLIST2D(((0.,0.),(0.5917038366306846,0.)));
#17766=IFCINDEXEDPOLYCURVE(#17765,$,$);
#17767=IFCSHAPEREPRESENTATION(#23,'Axis','Curve2D',(#17766));
#17768=IFCCARTESIANPOINTLIST2D(((0.,0.),(0.099981410935201423,0.10000000149011612),(1.6586717454452908,0.10000000149011612),(1.5586887969763297,0.)));
#17769=IFCINDEXEDPOLYCURVE(#17768,(IFCLINEINDEX((1,2,3,4,1))),$);
#17770=IFCARBITRARYCLOSEDPROFILEDEF(.AREA.,$,#17769);
#17771=IFCCARTESIANPOINT((0.,0.,0.));
#17772=IFCDIRECTION((0.,0.,1.));
#17773=IFCDIRECTION((1.,0.,0.));
#17774=IFCAXIS2PLACEMENT3D(#17771,#17772,#17773);
#17775=IFCDIRECTION((0.,0.,1.));
#17776=IFCEXTRUDEDAREASOLID(#17770,#17774,#17775,3.);
#17777=IFCSHAPEREPRESENTATION(#11,'Body','SweptSolid',(#17776));
#17778=IFCCARTESIANPOINTLIST2D(((0.,0.),(1.5586887969763297,0.)));
#17779=IFCINDEXEDPOLYCURVE(#17778,$,$);
#17780=IFCSHAPEREPRESENTATION(#23,'Axis','Curve2D',(#17779));
#17781=IFCCARTESIANPOINTLIST2D(((0.,0.),(0.10000004798135449,0.10000000149011612),(5.0500010070109012,0.10000000149011612),(5.150001000951228,0.)));
#17782=IFCINDEXEDPOLYCURVE(#17781,(IFCLINEINDEX((1,2,3,4,1))),$);
#17783=IFCARBITRARYCLOSEDPROFILEDEF(.AREA.,$,#17782);
#17784=IFCCARTESIANPOINT((0.,0.,0.));
#17785=IFCDIRECTION((0.,0.,1.));
#17786=IFCDIRECTION((1.,0.,0.));
#17787=IFCAXIS2PLACEMENT3D(#17784,#17785,#17786);
#17788=IFCDIRECTION((0.,0.,1.));
#17789=IFCEXTRUDEDAREASOLID(#17783,#17787,#17788,3.);
#17790=IFCSHAPEREPRESENTATION(#11,'Body','SweptSolid',(#17789));
#17791=IFCCARTESIANPOINTLIST2D(((0.,0.),(5.150001000951228,0.)));
#17792=IFCINDEXEDPOLYCURVE(#17791,$,$);
#17793=IFCSHAPEREPRESENTATION(#23,'Axis','Curve2D',(#17792));
#17794=IFCCARTESIANPOINTLIST2D(((0.,0.),(0.,0.10000000149011612),(6.9192874040225822,0.10000000149011612),(6.9192874040225822,0.)));
#17795=IFCINDEXEDPOLYCURVE(#17794,(IFCLINEINDEX((1,2,3,4,1))),$);
#17796=IFCARBITRARYCLOSEDPROFILEDEF(.AREA.,$,#17795);
#17797=IFCCARTESIANPOINT((0.,0.,0.));
#17798=IFCDIRECTION((0.,0.,1.));
#17799=IFCDIRECTION((1.,0.,0.));
#17800=IFCAXIS2PLACEMENT3D(#17797,#17798,#17799);
#17801=IFCDIRECTION((0.,0.,1.));
#17802=IFCEXTRUDEDAREASOLID(#17796,#17800,#17801,3.);
#17803=IFCSHAPEREPRESENTATION(#11,'Body','SweptSolid',(#17802));
#17804=IFCCARTESIANPOINTLIST2D(((0.,0.),(6.9192874040225822,0.)));
#17805=IFCINDEXEDPOLYCURVE(#17804,$,$);
#17806=IFCSHAPEREPRESENTATION(#23,'Axis','Curve2D',(#17805));
#17807=IFCCARTESIANPOINTLIST2D(((0.,0.),(-0.10000005990228915,0.10000000149011612),(1.9486434104834676,0.10000000149011612),(1.9486434299541864,0.)));
#17808=IFCINDEXEDPOLYCURVE(#17807,(IFCLINEINDEX((1,2,3,4,1))),$);
#17809=IFCARBITRARYCLOSEDPROFILEDEF(.AREA.,$,#17808);
#17810=IFCCARTESIANPOINT((0.,0.,0.));
#17811=IFCDIRECTION((0.,0.,1.));
#17812=IFCDIRECTION((1.,0.,0.));
#17813=IFCAXIS2PLACEMENT3D(#17810,#17811,#17812);
#17814=IFCDIRECTION((0.,0.,1.));
#17815=IFCEXTRUDEDAREASOLID(#17809,#17813,#17814,3.);
#17816=IFCSHAPEREPRESENTATION(#11,'Body','SweptSolid',(#17815));
#17817=IFCCARTESIANPOINTLIST2D(((0.,0.),(1.9486434299541864,0.)));
#17818=IFCINDEXEDPOLYCURVE(#17817,$,$);
#17819=IFCSHAPEREPRESENTATION(#23,'Axis','Curve2D',(#17818));
#17820=IFCCARTESIANPOINTLIST2D(((0.,0.),(-0.099600844474714373,0.10000000149011612),(2.4004186742879416,0.10000000149011612),(2.5000195187626559,0.)));
#17821=IFCINDEXEDPOLYCURVE(#17820,(IFCLINEINDEX((1,2,3,4,1))),$);
#17822=IFCARBITRARYCLOSEDPROFILEDEF(.AREA.,$,#17821);
#17823=IFCCARTESIANPOINT((0.,0.,0.));
#17824=IFCDIRECTION((0.,0.,1.));
#17825=IFCDIRECTION((1.,0.,0.));
#17826=IFCAXIS2PLACEMENT3D(#17823,#17824,#17825);
#17827=IFCDIRECTION((0.,0.,1.));
#17828=IFCEXTRUDEDAREASOLID(#17822,#17826,#17827,3.);
#17829=IFCSHAPEREPRESENTATION(#11,'Body','SweptSolid',(#17828));
#17830=IFCCARTESIANPOINTLIST2D(((0.,0.),(2.5000195187626559,0.)));
#17831=IFCINDEXEDPOLYCURVE(#17830,$,$);
#17832=IFCSHAPEREPRESENTATION(#23,'Axis','Curve2D',(#17831));
#17833=IFCCARTESIANPOINTLIST2D(((0.,0.),(0.10020233611900964,0.10000000149011612),(3.9000016053190887,0.10000000149011612),(4.0000016111803438,0.)));
#17834=IFCINDEXEDPOLYCURVE(#17833,(IFCLINEINDEX((1,2,3,4,1))),$);
#17835=IFCARBITRARYCLOSEDPROFILEDEF(.AREA.,$,#17834);
#17836=IFCCARTESIANPOINT((0.,0.,0.));
#17837=IFCDIRECTION((0.,0.,1.));
#17838=IFCDIRECTION((1.,0.,0.));
#17839=IFCAXIS2PLACEMENT3D(#17836,#17837,#17838);
#17840=IFCDIRECTION((0.,0.,1.));
#17841=IFCEXTRUDEDAREASOLID(#17835,#17839,#17840,3.);
#17842=IFCSHAPEREPRESENTATION(#11,'Body','SweptSolid',(#17841));
#17843=IFCCARTESIANPOINTLIST2D(((0.,0.),(4.0000016111803438,0.)));
#17844=IFCINDEXEDPOLYCURVE(#17843,$,$);
#17845=IFCSHAPEREPRESENTATION(#23,'Axis','Curve2D',(#17844));
#17846=IFCCARTESIANPOINTLIST2D(((0.,0.),(0.09999999394032616,0.10000000149011612),(9.0099996325378129,0.10000000149011612),(9.1099996566773029,0.)));
#17847=IFCINDEXEDPOLYCURVE(#17846,(IFCLINEINDEX((1,2,3,4,1))),$);
#17848=IFCARBITRARYCLOSEDPROFILEDEF(.AREA.,$,#17847);
#17849=IFCCARTESIANPOINT((0.,0.,0.));
#17850=IFCDIRECTION((0.,0.,1.));
#17851=IFCDIRECTION((1.,0.,0.));
#17852=IFCAXIS2PLACEMENT3D(#17849,#17850,#17851);
#17853=IFCDIRECTION((0.,0.,1.));
#17854=IFCEXTRUDEDAREASOLID(#17848,#17852,#17853,3.);
#17855=IFCSHAPEREPRESENTATION(#11,'Body','SweptSolid',(#17854));
#17856=IFCCARTESIANPOINTLIST2D(((0.,0.),(9.1099996566773029,0.)));
#17857=IFCINDEXEDPOLYCURVE(#17856,$,$);
#17858=IFCSHAPEREPRESENTATION(#23,'Axis','Curve2D',(#17857));
#17859=IFCCARTESIANPOINTLIST2D(((0.,0.),(0.099847641378279478,0.10000000149011612),(3.6344729802990337,0.10000000149011612),(3.5344551153040307,0.)));
#17860=IFCINDEXEDPOLYCURVE(#17859,(IFCLINEINDEX((1,2,3,4,1))),$);
#17861=IFCARBITRARYCLOSEDPROFILEDEF(.AREA.,$,#17860);
#17862=IFCCARTESIANPOINT((0.,0.,0.));
#17863=IFCDIRECTION((0.,0.,1.));
#17864=IFCDIRECTION((1.,0.,0.));
#17865=IFCAXIS2PLACEMENT3D(#17862,#17863,#17864);
#17866=IFCDIRECTION((0.,0.,1.));
#17867=IFCEXTRUDEDAREASOLID(#17861,#17865,#17866,3.);
#17868=IFCSHAPEREPRESENTATION(#11,'Body','SweptSolid',(#17867));
#17869=IFCCARTESIANPOINTLIST2D(((0.,0.),(3.5344551153040307,0.)));
#17870=IFCINDEXEDPOLYCURVE(#17869,$,$);
#17871=IFCSHAPEREPRESENTATION(#23,'Axis','Curve2D',(#17870));
#17872=IFCCARTESIANPOINT((4.2274770736694336,5.0499324798583984,0.));
#17873=IFCDIRECTION((0.,0.,1.));
#17874=IFCDIRECTION((1.,0.,0.));
#17875=IFCAXIS2PLACEMENT3D(#17872,#17873,#17874);
#17876=IFCLOCALPLACEMENT(#79,#17875);
#17877=IFCCARTESIANPOINT((4.2274770736694336,2.5999307632446289,0.));
#17878=IFCDIRECTION((0.,0.,1.));
#17879=IFCDIRECTION((1.,0.,0.));
#17880=IFCAXIS2PLACEMENT3D(#17877,#17878,#17879);
#17881=IFCLOCALPLACEMENT(#79,#17880);
#17882=IFCCARTESIANPOINT((4.22747802734375,-0.10006856918334961,0.));
#17883=IFCDIRECTION((0.,0.,1.));
#17884=IFCDIRECTION((1.,0.,0.));
#17885=IFCAXIS2PLACEMENT3D(#17882,#17883,#17884);
#17886=IFCLOCALPLACEMENT(#79,#17885);
#17887=IFCCARTESIANPOINT((0.22747701406478882,6.5099315643310547,0.));
#17888=IFCDIRECTION((0.,0.,1.));
#17889=IFCDIRECTION((1.,0.,0.));
#17890=IFCAXIS2PLACEMENT3D(#17887,#17888,#17889);
#17891=IFCLOCALPLACEMENT(#79,#17890);
#17892=IFCBUILDINGSTOREY('1PUWky4Fv2IONRYsdqTzIP',$,'Roof',$,$,#18274,$,$,$,$);
#17914=IFCRELCONTAINEDINSPATIALSTRUCTURE('18U$OgnT9AgBX0fHj1Xdze',$,$,$,(#11006,#11029),#17892);
#17925=IFCCARTESIANPOINTLIST3D(((0.,0.,0.),(0.,0.,3.)));
#17926=IFCINDEXEDPOLYCURVE(#17925,$,.F.);
#17927=IFCSHAPEREPRESENTATION(#12,'Axis','Curve3D',(#17926));
#17928=IFCCARTESIANPOINT((0.,0.,0.));
#17929=IFCDIRECTION((0.,0.,1.));
#17930=IFCDIRECTION((1.,0.,0.));
#17931=IFCAXIS2PLACEMENT3D(#17928,#17929,#17930);
#17932=IFCDIRECTION((0.,0.,1.));
#17933=IFCEXTRUDEDAREASOLID(#16886,#17931,#17932,3.);
#17934=IFCSHAPEREPRESENTATION(#11,'Body','SweptSolid',(#17933));
#17935=IFCCARTESIANPOINTLIST3D(((0.,0.,0.),(0.,0.,3.)));
#17936=IFCINDEXEDPOLYCURVE(#17935,$,.F.);
#17937=IFCSHAPEREPRESENTATION(#12,'Axis','Curve3D',(#17936));
#17938=IFCCARTESIANPOINT((0.,0.,0.));
#17939=IFCDIRECTION((0.,0.,1.));
#17940=IFCDIRECTION((1.,0.,0.));
#17941=IFCAXIS2PLACEMENT3D(#17938,#17939,#17940);
#17942=IFCDIRECTION((0.,0.,1.));
#17943=IFCEXTRUDEDAREASOLID(#16886,#17941,#17942,3.);
#17944=IFCSHAPEREPRESENTATION(#11,'Body','SweptSolid',(#17943));
#17945=IFCCARTESIANPOINTLIST3D(((0.,0.,0.),(0.,0.,3.)));
#17946=IFCINDEXEDPOLYCURVE(#17945,$,.F.);
#17947=IFCSHAPEREPRESENTATION(#12,'Axis','Curve3D',(#17946));
#17948=IFCCARTESIANPOINT((0.,0.,0.));
#17949=IFCDIRECTION((0.,0.,1.));
#17950=IFCDIRECTION((1.,0.,0.));
#17951=IFCAXIS2PLACEMENT3D(#17948,#17949,#17950);
#17952=IFCDIRECTION((0.,0.,1.));
#17953=IFCEXTRUDEDAREASOLID(#16886,#17951,#17952,3.);
#17954=IFCSHAPEREPRESENTATION(#11,'Body','SweptSolid',(#17953));
#17955=IFCCARTESIANPOINTLIST3D(((0.,0.,0.),(0.,0.,3.)));
#17956=IFCINDEXEDPOLYCURVE(#17955,$,.F.);
#17957=IFCSHAPEREPRESENTATION(#12,'Axis','Curve3D',(#17956));
#17958=IFCCARTESIANPOINT((0.,0.,0.));
#17959=IFCDIRECTION((0.,0.,1.));
#17960=IFCDIRECTION((1.,0.,0.));
#17961=IFCAXIS2PLACEMENT3D(#17958,#17959,#17960);
#17962=IFCDIRECTION((0.,0.,1.));
#17963=IFCEXTRUDEDAREASOLID(#16886,#17961,#17962,3.);
#17964=IFCSHAPEREPRESENTATION(#11,'Body','SweptSolid',(#17963));
#17965=IFCCARTESIANPOINTLIST3D(((0.,0.,0.),(0.,0.,3.)));
#17966=IFCINDEXEDPOLYCURVE(#17965,$,.F.);
#17967=IFCSHAPEREPRESENTATION(#12,'Axis','Curve3D',(#17966));
#17968=IFCCARTESIANPOINT((0.,0.,0.));
#17969=IFCDIRECTION((0.,0.,1.));
#17970=IFCDIRECTION((1.,0.,0.));
#17971=IFCAXIS2PLACEMENT3D(#17968,#17969,#17970);
#17972=IFCDIRECTION((0.,0.,1.));
#17973=IFCEXTRUDEDAREASOLID(#16886,#17971,#17972,3.);
#17974=IFCSHAPEREPRESENTATION(#11,'Body','SweptSolid',(#17973));
#17975=IFCCARTESIANPOINTLIST3D(((0.,0.,0.),(0.,0.,3.)));
#17976=IFCINDEXEDPOLYCURVE(#17975,$,.F.);
#17977=IFCSHAPEREPRESENTATION(#12,'Axis','Curve3D',(#17976));
#17978=IFCCARTESIANPOINT((0.,0.,0.));
#17979=IFCDIRECTION((0.,0.,1.));
#17980=IFCDIRECTION((1.,0.,0.));
#17981=IFCAXIS2PLACEMENT3D(#17978,#17979,#17980);
#17982=IFCDIRECTION((0.,0.,1.));
#17983=IFCEXTRUDEDAREASOLID(#16886,#17981,#17982,3.);
#17984=IFCSHAPEREPRESENTATION(#11,'Body','SweptSolid',(#17983));
#17985=IFCCARTESIANPOINTLIST3D(((0.,0.,0.),(0.,0.,3.)));
#17986=IFCINDEXEDPOLYCURVE(#17985,$,.F.);
#17987=IFCSHAPEREPRESENTATION(#12,'Axis','Curve3D',(#17986));
#17988=IFCCARTESIANPOINT((0.,0.,0.));
#17989=IFCDIRECTION((0.,0.,1.));
#17990=IFCDIRECTION((1.,0.,0.));
#17991=IFCAXIS2PLACEMENT3D(#17988,#17989,#17990);
#17992=IFCDIRECTION((0.,0.,1.));
#17993=IFCEXTRUDEDAREASOLID(#16886,#17991,#17992,3.);
#17994=IFCSHAPEREPRESENTATION(#11,'Body','SweptSolid',(#17993));
#17995=IFCCARTESIANPOINTLIST3D(((0.,0.,0.),(0.,0.,3.)));
#17996=IFCINDEXEDPOLYCURVE(#17995,$,.F.);
#17997=IFCSHAPEREPRESENTATION(#12,'Axis','Curve3D',(#17996));
#17998=IFCCARTESIANPOINT((0.,0.,0.));
#17999=IFCDIRECTION((0.,0.,1.));
#18000=IFCDIRECTION((1.,0.,0.));
#18001=IFCAXIS2PLACEMENT3D(#17998,#17999,#18000);
#18002=IFCDIRECTION((0.,0.,1.));
#18003=IFCEXTRUDEDAREASOLID(#16886,#18001,#18002,3.);
#18004=IFCSHAPEREPRESENTATION(#11,'Body','SweptSolid',(#18003));
#18005=IFCCARTESIANPOINTLIST3D(((0.,0.,0.),(0.,0.,3.)));
#18006=IFCINDEXEDPOLYCURVE(#18005,$,.F.);
#18007=IFCSHAPEREPRESENTATION(#12,'Axis','Curve3D',(#18006));
#18008=IFCCARTESIANPOINT((0.,0.,0.));
#18009=IFCDIRECTION((0.,0.,1.));
#18010=IFCDIRECTION((1.,0.,0.));
#18011=IFCAXIS2PLACEMENT3D(#18008,#18009,#18010);
#18012=IFCDIRECTION((0.,0.,1.));
#18013=IFCEXTRUDEDAREASOLID(#16886,#18011,#18012,3.);
#18014=IFCSHAPEREPRESENTATION(#11,'Body','SweptSolid',(#18013));
#18015=IFCCARTESIANPOINTLIST3D(((0.,0.,0.),(0.,0.,3.)));
#18016=IFCINDEXEDPOLYCURVE(#18015,$,.F.);
#18017=IFCSHAPEREPRESENTATION(#12,'Axis','Curve3D',(#18016));
#18018=IFCCARTESIANPOINT((0.,0.,0.));
#18019=IFCDIRECTION((0.,0.,1.));
#18020=IFCDIRECTION((1.,0.,0.));
#18021=IFCAXIS2PLACEMENT3D(#18018,#18019,#18020);
#18022=IFCDIRECTION((0.,0.,1.));
#18023=IFCEXTRUDEDAREASOLID(#16886,#18021,#18022,3.);
#18024=IFCSHAPEREPRESENTATION(#11,'Body','SweptSolid',(#18023));
#18025=IFCCARTESIANPOINTLIST3D(((0.,0.,0.),(0.,0.,3.)));
#18026=IFCINDEXEDPOLYCURVE(#18025,$,.F.);
#18027=IFCSHAPEREPRESENTATION(#12,'Axis','Curve3D',(#18026));
#18028=IFCCARTESIANPOINT((0.,0.,0.));
#18029=IFCDIRECTION((0.,0.,1.));
#18030=IFCDIRECTION((1.,0.,0.));
#18031=IFCAXIS2PLACEMENT3D(#18028,#18029,#18030);
#18032=IFCDIRECTION((0.,0.,1.));
#18033=IFCEXTRUDEDAREASOLID(#16886,#18031,#18032,3.);
#18034=IFCSHAPEREPRESENTATION(#11,'Body','SweptSolid',(#18033));
#18035=IFCCARTESIANPOINTLIST3D(((0.,0.,0.),(0.,0.,3.)));
#18036=IFCINDEXEDPOLYCURVE(#18035,$,.F.);
#18037=IFCSHAPEREPRESENTATION(#12,'Axis','Curve3D',(#18036));
#18038=IFCCARTESIANPOINT((0.,0.,0.));
#18039=IFCDIRECTION((0.,0.,1.));
#18040=IFCDIRECTION((1.,0.,0.));
#18041=IFCAXIS2PLACEMENT3D(#18038,#18039,#18040);
#18042=IFCDIRECTION((0.,0.,1.));
#18043=IFCEXTRUDEDAREASOLID(#16886,#18041,#18042,3.);
#18044=IFCSHAPEREPRESENTATION(#11,'Body','SweptSolid',(#18043));
#18045=IFCBEAMTYPE('3zHFDBp2jBYOEGQcz$eXG1',$,'Unnamed',$,$,$,$,$,$,.BEAM.);
#18046=IFCMATERIALPROFILESET($,$,(#18048),$);
#18047=IFCRELASSOCIATESMATERIAL('01weZjLzn9UxeZXzZhVbv_',$,$,$,(#18045),#18046);
#18048=IFCMATERIALPROFILE($,$,#81,#16886,$,$);
#18049=IFCBEAM('0nbu2aLOjDxATkKaqomgZ0',$,'Beam',$,$,#18057,#18061,$,$);
#18050=IFCRELDEFINESBYTYPE('3_qbNXkZnEEB0T5_$gmrCn',$,$,$,(#18094,#18138,#18160,#18760,#18782,#18204,#18804,#18870,#18826,#18892,#18738,#18285,#18049,#18248,#18072),#18045);
#18051=IFCMATERIALPROFILESETUSAGE(#18046,7,$);
#18052=IFCRELASSOCIATESMATERIAL('1QuRNX8yv07eAzpXQRaSGY',$,$,$,(#18049),#18051);
#18053=IFCCARTESIANPOINT((4.4774770736694336,6.7599315643310547,3.));
#18054=IFCDIRECTION((-4.9618839401444133E-08,-0.99999999999994948,3.1391648226021402E-07));
#18055=IFCDIRECTION((0.99999999999999889,-4.9618840591847349E-08,5.8529637842093189E-15));
#18056=IFCAXIS2PLACEMENT3D(#18053,#18054,#18055);
#18057=IFCLOCALPLACEMENT(#79,#18056);
#18058=IFCCARTESIANPOINTLIST3D(((0.,0.,0.),(0.,0.,9.6099998208958048)));
#18059=IFCINDEXEDPOLYCURVE(#18058,$,.F.);
#18060=IFCSHAPEREPRESENTATION(#12,'Axis','Curve3D',(#18059));
#18061=IFCPRODUCTDEFINITIONSHAPE($,$,(#18060,#18068));
#18062=IFCCARTESIANPOINT((-0.25,-0.25,0.));
#18063=IFCDIRECTION((0.,0.,1.));
#18064=IFCDIRECTION((1.,0.,0.));
#18065=IFCAXIS2PLACEMENT3D(#18062,#18063,#18064);
#18066=IFCDIRECTION((0.,0.,1.));
#18067=IFCEXTRUDEDAREASOLID(#16886,#18065,#18066,9.6099998208958048);
#18068=IFCSHAPEREPRESENTATION(#11,'Body','SweptSolid',(#18067));
#18069=IFCPROPERTYSET('1fpToASKDCt9yknlOxxxUG',$,'EPset_Parametric',$,(#18071));
#18070=IFCRELDEFINESBYPROPERTIES('0sFwr1pjT76eH9LOF0SKBo',$,$,$,(#18049),#18069);
#18071=IFCPROPERTYSINGLEVALUE('Engine',$,IFCLABEL('Bonsai.DumbProfile'),$);
#18072=IFCBEAM('3u9Kw_cYv7_wfgoTWKeKr4',$,'Beam',$,$,#18079,#18083,$,$);
#18073=IFCMATERIALPROFILESETUSAGE(#18046,7,$);
#18074=IFCRELASSOCIATESMATERIAL('3iof3Hc4bArBCuZ4CAJTo7',$,$,$,(#18072),#18073);
#18075=IFCCARTESIANPOINT((0.47747701406478882,6.7599315643310547,3.));
#18076=IFCDIRECTION((0.,-0.99999999999995071,3.1391648226021439E-07));
#18077=IFCDIRECTION((1.,0.,0.));
#18078=IFCAXIS2PLACEMENT3D(#18075,#18076,#18077);
#18079=IFCLOCALPLACEMENT(#79,#18078);
#18080=IFCCARTESIANPOINTLIST3D(((0.,0.,0.),(0.,0.,9.6099998208957942)));
#18081=IFCINDEXEDPOLYCURVE(#18080,$,.F.);
#18082=IFCSHAPEREPRESENTATION(#12,'Axis','Curve3D',(#18081));
#18083=IFCPRODUCTDEFINITIONSHAPE($,$,(#18082,#18090));
#18084=IFCCARTESIANPOINT((-0.25,-0.25,0.));
#18085=IFCDIRECTION((0.,0.,1.));
#18086=IFCDIRECTION((1.,0.,0.));
#18087=IFCAXIS2PLACEMENT3D(#18084,#18085,#18086);
#18088=IFCDIRECTION((0.,0.,1.));
#18089=IFCEXTRUDEDAREASOLID(#16886,#18087,#18088,9.6099998208957942);
#18090=IFCSHAPEREPRESENTATION(#11,'Body','SweptSolid',(#18089));
#18091=IFCPROPERTYSET('37FiJ_mvbDH8M_mLfW2cxk',$,'EPset_Parametric',$,(#18093));
#18092=IFCRELDEFINESBYPROPERTIES('0XWsYioTr0tRM0Eot4vYKG',$,$,$,(#18072),#18091);
#18093=IFCPROPERTYSINGLEVALUE('Engine',$,IFCLABEL('Bonsai.DumbProfile'),$);
#18094=IFCBEAM('13zraK9L537e7sE$6KLerw',$,'Beam',$,$,#18101,#18105,$,$);
#18095=IFCMATERIALPROFILESETUSAGE(#18046,7,$);
#18096=IFCRELASSOCIATESMATERIAL('27brYwRgL2MOQ8_M4__PNS',$,$,$,(#18094),#18095);
#18097=IFCCARTESIANPOINT((-2.5325226783752441,5.2999324798583984,3.));
#18098=IFCDIRECTION((1.6879188120760006E-07,-0.9999999999999829,7.5497898658640107E-08));
#18099=IFCDIRECTION((0.99999999999998579,1.6879188535767512E-07,1.0048591563601694E-14));
#18100=IFCAXIS2PLACEMENT3D(#18097,#18098,#18099);
#18101=IFCLOCALPLACEMENT(#79,#18100);
#18102=IFCCARTESIANPOINTLIST3D(((0.,0.,0.),(0.,0.,5.6500010667648786)));
#18103=IFCINDEXEDPOLYCURVE(#18102,$,.F.);
#18104=IFCSHAPEREPRESENTATION(#12,'Axis','Curve3D',(#18103));
#18105=IFCPRODUCTDEFINITIONSHAPE($,$,(#18104,#18112));
#18106=IFCCARTESIANPOINT((-0.25,-0.25,0.));
#18107=IFCDIRECTION((0.,0.,1.));
#18108=IFCDIRECTION((1.,0.,0.));
#18109=IFCAXIS2PLACEMENT3D(#18106,#18107,#18108);
#18110=IFCDIRECTION((0.,0.,1.));
#18111=IFCEXTRUDEDAREASOLID(#16886,#18109,#18110,5.6500010667648786);
#18112=IFCSHAPEREPRESENTATION(#11,'Body','SweptSolid',(#18111));
#18113=IFCPROPERTYSET('2teKdPfv921hZeNxhphJIH',$,'EPset_Parametric',$,(#18115));
#18114=IFCRELDEFINESBYPROPERTIES('2MPxSXEMr8zBEJsriXs5yl',$,$,$,(#18094),#18113);
#18115=IFCPROPERTYSINGLEVALUE('Engine',$,IFCLABEL('Bonsai.DumbProfile'),$);
#18138=IFCBEAM('1Pp9a_DD54k8bcYmbuWkTC',$,'Beam',$,$,#18145,#18149,$,$);
#18139=IFCMATERIALPROFILESETUSAGE(#18046,7,$);
#18140=IFCRELASSOCIATESMATERIAL('3UgL6Q1LTDFBTgvghu9DI4',$,$,$,(#18138),#18139);
#18141=IFCCARTESIANPOINT((4.4774770736694336,6.2599315643310547,3.));
#18142=IFCDIRECTION((-0.99999999999969491,-5.5233481006621971E-07,5.5233503743993581E-07));
#18143=IFCDIRECTION((5.5233503743997203E-07,-0.99999999999976041,4.1723250276949148E-07));
#18144=IFCAXIS2PLACEMENT3D(#18141,#18142,#18143);
#18145=IFCLOCALPLACEMENT(#79,#18144);
#18146=IFCCARTESIANPOINTLIST3D(((0.,0.,0.),(0.,0.,4.5)));
#18147=IFCINDEXEDPOLYCURVE(#18146,$,.F.);
#18148=IFCSHAPEREPRESENTATION(#12,'Axis','Curve3D',(#18147));
#18149=IFCPRODUCTDEFINITIONSHAPE($,$,(#18148,#18156));
#18150=IFCCARTESIANPOINT((-0.25,-0.25,0.));
#18151=IFCDIRECTION((0.,0.,1.));
#18152=IFCDIRECTION((1.,0.,0.));
#18153=IFCAXIS2PLACEMENT3D(#18150,#18151,#18152);
#18154=IFCDIRECTION((0.,0.,1.));
#18155=IFCEXTRUDEDAREASOLID(#16886,#18153,#18154,4.5);
#18156=IFCSHAPEREPRESENTATION(#11,'Body','SweptSolid',(#18155));
#18157=IFCPROPERTYSET('2UA878sMD9ABEHX5uMyIKN',$,'EPset_Parametric',$,(#18159));
#18158=IFCRELDEFINESBYPROPERTIES('3B09sDH7vAx85xDid$WXzm',$,$,$,(#18138),#18157);
#18159=IFCPROPERTYSINGLEVALUE('Engine',$,IFCLABEL('Bonsai.DumbProfile'),$);
#18160=IFCBEAM('37AJNzjY16ugmCGeew_Y0z',$,'Beam',$,$,#18167,#18171,$,$);
#18161=IFCMATERIALPROFILESETUSAGE(#18046,7,$);
#18162=IFCRELASSOCIATESMATERIAL('0BAYB1DQL0rfZQQLjonig8',$,$,$,(#18160),#18161);
#18163=IFCCARTESIANPOINT((-3.0325226783752441,5.2999324798583984,3.));
#18164=IFCDIRECTION((0.99999999999996214,-1.9470716428772842E-07,1.9470717849858483E-07));
#18165=IFCDIRECTION((1.9470717849858713E-07,0.99999999999997391,-1.1920928955077814E-07));
#18166=IFCAXIS2PLACEMENT3D(#18163,#18164,#18165);
#18167=IFCLOCALPLACEMENT(#79,#18166);
#18168=IFCCARTESIANPOINTLIST3D(((0.,0.,0.),(0.,0.,7.509999793163149)));
#18169=IFCINDEXEDPOLYCURVE(#18168,$,.F.);
#18170=IFCSHAPEREPRESENTATION(#12,'Axis','Curve3D',(#18169));
#18171=IFCPRODUCTDEFINITIONSHAPE($,$,(#18170,#18178));
#18172=IFCCARTESIANPOINT((-0.25,-0.25,0.));
#18173=IFCDIRECTION((0.,0.,1.));
#18174=IFCDIRECTION((1.,0.,0.));
#18175=IFCAXIS2PLACEMENT3D(#18172,#18173,#18174);
#18176=IFCDIRECTION((0.,0.,1.));
#18177=IFCEXTRUDEDAREASOLID(#16886,#18175,#18176,7.509999793163149);
#18178=IFCSHAPEREPRESENTATION(#11,'Body','SweptSolid',(#18177));
#18179=IFCPROPERTYSET('3g3Sdk6b9Chx2cFcd2VhLr',$,'EPset_Parametric',$,(#18181));
#18180=IFCRELDEFINESBYPROPERTIES('1EE$FJ78P86BNySjVzmIGc',$,$,$,(#18160),#18179);
#18181=IFCPROPERTYSINGLEVALUE('Engine',$,IFCLABEL('Bonsai.DumbProfile'),$);
#18204=IFCBEAM('2FHBE899j5wAhH03zNH31E',$,'Beam',$,$,#18211,#18215,$,$);
#18205=IFCMATERIALPROFILESETUSAGE(#18046,7,$);
#18206=IFCRELASSOCIATESMATERIAL('33nHYqqkH8$eO7TRk4Jl6G',$,$,$,(#18204),#18205);
#18207=IFCCARTESIANPOINT((4.4774770736694336,2.3499307632446289,3.));
#18208=IFCDIRECTION((-0.99999999999996214,-1.9470716428772842E-07,1.9470717849858483E-07));
#18209=IFCDIRECTION((1.9470717849858713E-07,-0.99999999999997391,1.1920928955077814E-07));
#18210=IFCAXIS2PLACEMENT3D(#18207,#18208,#18209);
#18211=IFCLOCALPLACEMENT(#79,#18210);
#18212=IFCCARTESIANPOINTLIST3D(((0.,0.,0.),(0.,0.,7.509999793163149)));
#18213=IFCINDEXEDPOLYCURVE(#18212,$,.F.);
#18214=IFCSHAPEREPRESENTATION(#12,'Axis','Curve3D',(#18213));
#18215=IFCPRODUCTDEFINITIONSHAPE($,$,(#18214,#18222));
#18216=IFCCARTESIANPOINT((-0.25,-0.25,0.));
#18217=IFCDIRECTION((0.,0.,1.));
#18218=IFCDIRECTION((1.,0.,0.));
#18219=IFCAXIS2PLACEMENT3D(#18216,#18217,#18218);
#18220=IFCDIRECTION((0.,0.,1.));
#18221=IFCEXTRUDEDAREASOLID(#16886,#18219,#18220,7.509999793163149);
#18222=IFCSHAPEREPRESENTATION(#11,'Body','SweptSolid',(#18221));
#18223=IFCPROPERTYSET('3x65mVfvz61ek_lS4zugzQ',$,'EPset_Parametric',$,(#18225));
#18224=IFCRELDEFINESBYPROPERTIES('1iKS65_TT0NR_$kJRHTvDd',$,$,$,(#18204),#18223);
#18225=IFCPROPERTYSINGLEVALUE('Engine',$,IFCLABEL('Bonsai.DumbProfile'),$);
#18248=IFCBEAM('0zcNZl_XPD7Re$J23zW31K',$,'Beam',$,$,#18255,#18259,$,$);
#18249=IFCMATERIALPROFILESETUSAGE(#18046,7,$);
#18250=IFCRELASSOCIATESMATERIAL('2N2PCj6A5DhA6mGIoxdfOy',$,$,$,(#18248),#18249);
#18251=IFCCARTESIANPOINT((-3.0325217247009277,0.14993143081665039,3.));
#18252=IFCDIRECTION((0.99999999999996214,-1.9470716428772842E-07,1.9470717849858483E-07));
#18253=IFCDIRECTION((1.9470717849858713E-07,0.99999999999997391,-1.1920928955077814E-07));
#18254=IFCAXIS2PLACEMENT3D(#18251,#18252,#18253);
#18255=IFCLOCALPLACEMENT(#79,#18254);
#18256=IFCCARTESIANPOINTLIST3D(((0.,0.,0.),(0.,0.,7.509999793163149)));
#18257=IFCINDEXEDPOLYCURVE(#18256,$,.F.);
#18258=IFCSHAPEREPRESENTATION(#12,'Axis','Curve3D',(#18257));
#18259=IFCPRODUCTDEFINITIONSHAPE($,$,(#18258,#18266));
#18260=IFCCARTESIANPOINT((-0.25,-0.25,0.));
#18261=IFCDIRECTION((0.,0.,1.));
#18262=IFCDIRECTION((1.,0.,0.));
#18263=IFCAXIS2PLACEMENT3D(#18260,#18261,#18262);
#18264=IFCDIRECTION((0.,0.,1.));
#18265=IFCEXTRUDEDAREASOLID(#16886,#18263,#18264,7.509999793163149);
#18266=IFCSHAPEREPRESENTATION(#11,'Body','SweptSolid',(#18265));
#18267=IFCPROPERTYSET('2fd7SFqfjDyfnrhOZsnF$M',$,'EPset_Parametric',$,(#18269));
#18268=IFCRELDEFINESBYPROPERTIES('39SDYUzU5BhBk9NYbBoYx$',$,$,$,(#18248),#18267);
#18269=IFCPROPERTYSINGLEVALUE('Engine',$,IFCLABEL('Bonsai.DumbProfile'),$);
#18270=IFCCARTESIANPOINT((0.,0.,0.));
#18271=IFCDIRECTION((0.,0.,1.));
#18272=IFCDIRECTION((1.,0.,0.));
#18273=IFCAXIS2PLACEMENT3D(#18270,#18271,#18272);
#18274=IFCLOCALPLACEMENT(#56,#18273);
#18275=IFCCARTESIANPOINT((4.2274770736694336,6.5099315643310547,6.));
#18276=IFCDIRECTION((0.,0.,1.));
#18277=IFCDIRECTION((1.,0.,0.));
#18278=IFCAXIS2PLACEMENT3D(#18275,#18276,#18277);
#18279=IFCLOCALPLACEMENT(#18274,#18278);
#18280=IFCCARTESIANPOINT((0.46882486343383789,1.6963496208190918,6.1015424728393555));
#18281=IFCDIRECTION((0.,0.,1.));
#18282=IFCDIRECTION((1.,0.,0.));
#18283=IFCAXIS2PLACEMENT3D(#18280,#18281,#18282);
#18284=IFCLOCALPLACEMENT(#18274,#18283);
#18285=IFCBEAM('1vYPZGibz5KP9kufDI03j5',$,'Beam',$,$,#18292,#18296,$,$);
#18286=IFCMATERIALPROFILESETUSAGE(#18046,7,$);
#18287=IFCRELASSOCIATESMATERIAL('1VferKTfb2peBzVPGV2diG',$,$,$,(#18285),#18286);
#18288=IFCCARTESIANPOINT((4.4774765968322754,-2.8500680923461914,3.0000030994415283));
#18289=IFCDIRECTION((-0.99999999999915778,-7.9075302418498582E-07,1.0291722854075365E-06));
#18290=IFCDIRECTION((7.9075364946300633E-07,-0.99999999999949152,6.2584880566842855E-07));
#18291=IFCAXIS2PLACEMENT3D(#18288,#18289,#18290);
#18292=IFCLOCALPLACEMENT(#79,#18291);
#18293=IFCCARTESIANPOINTLIST3D(((0.,0.,0.),(0.,0.,4.4999995761448295)));
#18294=IFCINDEXEDPOLYCURVE(#18293,$,.F.);
#18295=IFCSHAPEREPRESENTATION(#12,'Axis','Curve3D',(#18294));
#18296=IFCPRODUCTDEFINITIONSHAPE($,$,(#18295,#18303));
#18297=IFCCARTESIANPOINT((-0.25,-0.25,0.));
#18298=IFCDIRECTION((0.,0.,1.));
#18299=IFCDIRECTION((1.,0.,0.));
#18300=IFCAXIS2PLACEMENT3D(#18297,#18298,#18299);
#18301=IFCDIRECTION((0.,0.,1.));
#18302=IFCEXTRUDEDAREASOLID(#16886,#18300,#18301,4.4999995761448295);
#18303=IFCSHAPEREPRESENTATION(#11,'Body','SweptSolid',(#18302));
#18304=IFCPROPERTYSET('0VfGjGlhP4gP343$9tbIrY',$,'EPset_Parametric',$,(#18306));
#18305=IFCRELDEFINESBYPROPERTIES('2GizSp1sj8tetmGyVr0bYr',$,$,$,(#18285),#18304);
#18306=IFCPROPERTYSINGLEVALUE('Engine',$,IFCLABEL('Bonsai.DumbProfile'),$);
#18439=IFCCOLUMN('3tpuMofzbBjfnGKuNk_vxS',$,'Column',$,$,#18446,#18450,$,$);
#18440=IFCMATERIALPROFILESETUSAGE(#16887,5,$);
#18441=IFCRELASSOCIATESMATERIAL('35KH4BGNTEFAaz9dypXa$y',$,$,$,(#18439),#18440);
#18442=IFCCARTESIANPOINT((4.2274785041809082,6.5099315643310547,0.));
#18443=IFCDIRECTION((0.,0.,1.));
#18444=IFCDIRECTION((1.,0.,0.));
#18445=IFCAXIS2PLACEMENT3D(#18442,#18443,#18444);
#18446=IFCLOCALPLACEMENT(#16749,#18445);
#18447=IFCCARTESIANPOINTLIST3D(((0.,0.,0.),(0.,0.,3.)));
#18448=IFCINDEXEDPOLYCURVE(#18447,$,.F.);
#18449=IFCSHAPEREPRESENTATION(#12,'Axis','Curve3D',(#18448));
#18450=IFCPRODUCTDEFINITIONSHAPE($,$,(#18449,#18457));
#18451=IFCCARTESIANPOINT((0.,0.,0.));
#18452=IFCDIRECTION((0.,0.,1.));
#18453=IFCDIRECTION((1.,0.,0.));
#18454=IFCAXIS2PLACEMENT3D(#18451,#18452,#18453);
#18455=IFCDIRECTION((0.,0.,1.));
#18456=IFCEXTRUDEDAREASOLID(#16886,#18454,#18455,3.);
#18457=IFCSHAPEREPRESENTATION(#11,'Body','SweptSolid',(#18456));
#18458=IFCPROPERTYSET('1ybOCMPgDB5xvVPA1kgx21',$,'EPset_Parametric',$,(#18460));
#18459=IFCRELDEFINESBYPROPERTIES('23QGoGa0r6oBzEjgqiriWC',$,$,$,(#18439),#18458);
#18460=IFCPROPERTYSINGLEVALUE('Engine',$,IFCLABEL('Bonsai.DumbProfile'),$);
#18461=IFCCOLUMN('3u5YG68rf5UQgj4YjSSDbI',$,'Column',$,$,#18487,#18472,$,$);
#18467=IFCRELDEFINESBYPROPERTIES('1Yp6$KcCr4YvRQFm_QJ8bf',$,$,$,(#18461),#18468);
#18468=IFCPROPERTYSET('0fkua8pwP1oe4b6EbXwRP7',$,'EPset_Parametric',$,(#18469));
#18469=IFCPROPERTYSINGLEVALUE('Engine',$,IFCLABEL('Bonsai.DumbProfile'),$);
#18470=IFCRELASSOCIATESMATERIAL('3NVZKjg7nFseSugDb$v3ZT',$,$,$,(#18461),#18471);
#18471=IFCMATERIALPROFILESETUSAGE(#16887,5,$);
#18472=IFCPRODUCTDEFINITIONSHAPE($,$,(#18473,#18476));
#18473=IFCSHAPEREPRESENTATION(#12,'Axis','Curve3D',(#18474));
#18474=IFCINDEXEDPOLYCURVE(#18475,$,.F.);
#18475=IFCCARTESIANPOINTLIST3D(((0.,0.,0.),(0.,0.,3.)));
#18476=IFCSHAPEREPRESENTATION(#11,'Body','SweptSolid',(#18477));
#18477=IFCEXTRUDEDAREASOLID(#16886,#18478,#18482,3.);
#18478=IFCAXIS2PLACEMENT3D(#18479,#18480,#18481);
#18479=IFCCARTESIANPOINT((0.,0.,0.));
#18480=IFCDIRECTION((0.,0.,1.));
#18481=IFCDIRECTION((1.,0.,0.));
#18482=IFCDIRECTION((0.,0.,1.));
#18483=IFCCARTESIANPOINT((4.2274785041809082,5.0499310493469238,0.));
#18484=IFCDIRECTION((0.,0.,1.));
#18485=IFCDIRECTION((1.,0.,0.));
#18486=IFCAXIS2PLACEMENT3D(#18483,#18484,#18485);
#18487=IFCLOCALPLACEMENT(#16749,#18486);
#18488=IFCCOLUMN('2GnuytPi1FPAoNC3rfaNFp',$,'Column',$,$,#18514,#18499,$,$);
#18494=IFCRELDEFINESBYPROPERTIES('0LyiDJJDHB2xf9y9j_0PGP',$,$,$,(#18488),#18495);
#18495=IFCPROPERTYSET('0QKto_BX1BquLHg2I7Z28o',$,'EPset_Parametric',$,(#18496));
#18496=IFCPROPERTYSINGLEVALUE('Engine',$,IFCLABEL('Bonsai.DumbProfile'),$);
#18497=IFCRELASSOCIATESMATERIAL('2xdP209GvD$8DbV8BbPlND',$,$,$,(#18488),#18498);
#18498=IFCMATERIALPROFILESETUSAGE(#16887,5,$);
#18499=IFCPRODUCTDEFINITIONSHAPE($,$,(#18500,#18503));
#18500=IFCSHAPEREPRESENTATION(#12,'Axis','Curve3D',(#18501));
#18501=IFCINDEXEDPOLYCURVE(#18502,$,.F.);
#18502=IFCCARTESIANPOINTLIST3D(((0.,0.,0.),(0.,0.,3.)));
#18503=IFCSHAPEREPRESENTATION(#11,'Body','SweptSolid',(#18504));
#18504=IFCEXTRUDEDAREASOLID(#16886,#18505,#18509,3.);
#18505=IFCAXIS2PLACEMENT3D(#18506,#18507,#18508);
#18506=IFCCARTESIANPOINT((0.,0.,0.));
#18507=IFCDIRECTION((0.,0.,1.));
#18508=IFCDIRECTION((1.,0.,0.));
#18509=IFCDIRECTION((0.,0.,1.));
#18510=IFCCARTESIANPOINT((4.2274785041809082,2.5999307632446289,0.));
#18511=IFCDIRECTION((0.,0.,1.));
#18512=IFCDIRECTION((1.,0.,0.));
#18513=IFCAXIS2PLACEMENT3D(#18510,#18511,#18512);
#18514=IFCLOCALPLACEMENT(#16749,#18513);
#18515=IFCCOLUMN('10D71thQr3_8qVNVm5CEpE',$,'Column',$,$,#18541,#18526,$,$);
#18521=IFCRELASSOCIATESMATERIAL('1M0Dbz9Z17CwfXJ08tgL4z',$,$,$,(#18515),#18522);
#18522=IFCMATERIALPROFILESETUSAGE(#16887,5,$);
#18523=IFCRELDEFINESBYPROPERTIES('2HeniwidD2nQustXC6fHjJ',$,$,$,(#18515),#18524);
#18524=IFCPROPERTYSET('0ki$Md2151ceuKovv9XGo8',$,'EPset_Parametric',$,(#18525));
#18525=IFCPROPERTYSINGLEVALUE('Engine',$,IFCLABEL('Bonsai.DumbProfile'),$);
#18526=IFCPRODUCTDEFINITIONSHAPE($,$,(#18527,#18530));
#18527=IFCSHAPEREPRESENTATION(#12,'Axis','Curve3D',(#18528));
#18528=IFCINDEXEDPOLYCURVE(#18529,$,.F.);
#18529=IFCCARTESIANPOINTLIST3D(((0.,0.,0.),(0.,0.,3.)));
#18530=IFCSHAPEREPRESENTATION(#11,'Body','SweptSolid',(#18531));
#18531=IFCEXTRUDEDAREASOLID(#16886,#18532,#18536,3.);
#18532=IFCAXIS2PLACEMENT3D(#18533,#18534,#18535);
#18533=IFCCARTESIANPOINT((0.,0.,0.));
#18534=IFCDIRECTION((0.,0.,1.));
#18535=IFCDIRECTION((1.,0.,0.));
#18536=IFCDIRECTION((0.,0.,1.));
#18537=IFCCARTESIANPOINT((4.2274785041809082,-0.10006856918334961,0.));
#18538=IFCDIRECTION((0.,0.,1.));
#18539=IFCDIRECTION((1.,0.,0.));
#18540=IFCAXIS2PLACEMENT3D(#18537,#18538,#18539);
#18541=IFCLOCALPLACEMENT(#16749,#18540);
#18542=IFCCOLUMN('3wCjRSupL1rgTQ1sPgsf0a',$,'Column',$,$,#18940,#18553,$,$);
#18548=IFCRELASSOCIATESMATERIAL('22ktTYHtn2MeTG8KM1fJHV',$,$,$,(#18542),#18549);
#18549=IFCMATERIALPROFILESETUSAGE(#16887,5,$);
#18550=IFCRELDEFINESBYPROPERTIES('1CneqhFjT2GAXOPKoWJDBu',$,$,$,(#18542),#18551);
#18551=IFCPROPERTYSET('2yOsXfqWLEbPRlMz$xtk65',$,'EPset_Parametric',$,(#18552));
#18552=IFCPROPERTYSINGLEVALUE('Engine',$,IFCLABEL('Bonsai.DumbProfile'),$);
#18553=IFCPRODUCTDEFINITIONSHAPE($,$,(#18554,#18557));
#18554=IFCSHAPEREPRESENTATION(#12,'Axis','Curve3D',(#18555));
#18555=IFCINDEXEDPOLYCURVE(#18556,$,.F.);
#18556=IFCCARTESIANPOINTLIST3D(((0.,0.,0.),(0.,0.,3.)));
#18557=IFCSHAPEREPRESENTATION(#11,'Body','SweptSolid',(#18558));
#18558=IFCEXTRUDEDAREASOLID(#16886,#18559,#18563,3.);
#18559=IFCAXIS2PLACEMENT3D(#18560,#18561,#18562);
#18560=IFCCARTESIANPOINT((0.,0.,0.));
#18561=IFCDIRECTION((0.,0.,1.));
#18562=IFCDIRECTION((1.,0.,0.));
#18563=IFCDIRECTION((0.,0.,1.));
#18564=IFCCOLUMN('1zTcDl91n4aBg8a$ABEJ9I',$,'Column',$,$,#18590,#18575,$,$);
#18570=IFCRELDEFINESBYPROPERTIES('2OTHDuNqfAWu9ajBZlZgJ5',$,$,$,(#18564),#18571);
#18571=IFCPROPERTYSET('2u1UyTH_HERehwT$rNny_q',$,'EPset_Parametric',$,(#18572));
#18572=IFCPROPERTYSINGLEVALUE('Engine',$,IFCLABEL('Bonsai.DumbProfile'),$);
#18573=IFCRELASSOCIATESMATERIAL('0PS0x3t8D6GvTz5FOkuv_f',$,$,$,(#18564),#18574);
#18574=IFCMATERIALPROFILESETUSAGE(#16887,5,$);
#18575=IFCPRODUCTDEFINITIONSHAPE($,$,(#18576,#18579));
#18576=IFCSHAPEREPRESENTATION(#12,'Axis','Curve3D',(#18577));
#18577=IFCINDEXEDPOLYCURVE(#18578,$,.F.);
#18578=IFCCARTESIANPOINTLIST3D(((0.,0.,0.),(0.,0.,3.)));
#18579=IFCSHAPEREPRESENTATION(#11,'Body','SweptSolid',(#18580));
#18580=IFCEXTRUDEDAREASOLID(#16886,#18581,#18585,3.);
#18581=IFCAXIS2PLACEMENT3D(#18582,#18583,#18584);
#18582=IFCCARTESIANPOINT((0.,0.,0.));
#18583=IFCDIRECTION((0.,0.,1.));
#18584=IFCDIRECTION((1.,0.,0.));
#18585=IFCDIRECTION((0.,0.,1.));
#18586=IFCCARTESIANPOINT((0.21382331848144531,5.0499310493469238,0.));
#18587=IFCDIRECTION((0.,0.,1.));
#18588=IFCDIRECTION((1.,0.,0.));
#18589=IFCAXIS2PLACEMENT3D(#18586,#18587,#18588);
#18590=IFCLOCALPLACEMENT(#16749,#18589);
#18591=IFCCOLUMN('1R7d$uHkTBbwPrJpj0$zF0',$,'Column',$,$,#18617,#18602,$,$);
#18597=IFCRELDEFINESBYPROPERTIES('27FnMRRH51sxnE$f1NMmkh',$,$,$,(#18591),#18598);
#18598=IFCPROPERTYSET('1869$3xIr7FAs1fUPLZL_P',$,'EPset_Parametric',$,(#18599));
#18599=IFCPROPERTYSINGLEVALUE('Engine',$,IFCLABEL('Bonsai.DumbProfile'),$);
#18600=IFCRELASSOCIATESMATERIAL('1njUzuT$bEWe7s9rAQsRUL',$,$,$,(#18591),#18601);
#18601=IFCMATERIALPROFILESETUSAGE(#16887,5,$);
#18602=IFCPRODUCTDEFINITIONSHAPE($,$,(#18603,#18606));
#18603=IFCSHAPEREPRESENTATION(#12,'Axis','Curve3D',(#18604));
#18604=IFCINDEXEDPOLYCURVE(#18605,$,.F.);
#18605=IFCCARTESIANPOINTLIST3D(((0.,0.,0.),(0.,0.,3.)));
#18606=IFCSHAPEREPRESENTATION(#11,'Body','SweptSolid',(#18607));
#18607=IFCEXTRUDEDAREASOLID(#16886,#18608,#18612,3.);
#18608=IFCAXIS2PLACEMENT3D(#18609,#18610,#18611);
#18609=IFCCARTESIANPOINT((0.,0.,0.));
#18610=IFCDIRECTION((0.,0.,1.));
#18611=IFCDIRECTION((1.,0.,0.));
#18612=IFCDIRECTION((0.,0.,1.));
#18613=IFCCARTESIANPOINT((-2.7825226783752441,5.0499310493469238,0.));
#18614=IFCDIRECTION((0.,0.,1.));
#18615=IFCDIRECTION((1.,0.,0.));
#18616=IFCAXIS2PLACEMENT3D(#18613,#18614,#18615);
#18617=IFCLOCALPLACEMENT(#16749,#18616);
#18618=IFCCOLUMN('3mZT1kZzj2awqAmDNF0VKV',$,'Column',$,$,#18644,#18629,$,$);
#18624=IFCRELDEFINESBYPROPERTIES('2RPgHxaOz9ZgN2vIwFRcD9',$,$,$,(#18618),#18625);
#18625=IFCPROPERTYSET('2AYcB7UDH9h9e8a9zr8$eV',$,'EPset_Parametric',$,(#18626));
#18626=IFCPROPERTYSINGLEVALUE('Engine',$,IFCLABEL('Bonsai.DumbProfile'),$);
#18627=IFCRELASSOCIATESMATERIAL('0g$kvxJor32Av3m3FXg$fk',$,$,$,(#18618),#18628);
#18628=IFCMATERIALPROFILESETUSAGE(#16887,5,$);
#18629=IFCPRODUCTDEFINITIONSHAPE($,$,(#18630,#18633));
#18630=IFCSHAPEREPRESENTATION(#12,'Axis','Curve3D',(#18631));
#18631=IFCINDEXEDPOLYCURVE(#18632,$,.F.);
#18632=IFCCARTESIANPOINTLIST3D(((0.,0.,0.),(0.,0.,3.)));
#18633=IFCSHAPEREPRESENTATION(#11,'Body','SweptSolid',(#18634));
#18634=IFCEXTRUDEDAREASOLID(#16886,#18635,#18639,3.);
#18635=IFCAXIS2PLACEMENT3D(#18636,#18637,#18638);
#18636=IFCCARTESIANPOINT((0.,0.,0.));
#18637=IFCDIRECTION((0.,0.,1.));
#18638=IFCDIRECTION((1.,0.,0.));
#18639=IFCDIRECTION((0.,0.,1.));
#18640=IFCCARTESIANPOINT((-2.7825226783752441,2.5999293327331543,0.));
#18641=IFCDIRECTION((0.,0.,1.));
#18642=IFCDIRECTION((1.,0.,0.));
#18643=IFCAXIS2PLACEMENT3D(#18640,#18641,#18642);
#18644=IFCLOCALPLACEMENT(#16749,#18643);
#18645=IFCCOLUMN('0d_QBcEX9DZ8lKRKIoAGJz',$,'Column',$,$,#18945,#18656,$,$);
#18651=IFCRELASSOCIATESMATERIAL('3V2wSHk_94VAyl5$d1I_Mw',$,$,$,(#18645),#18652);
#18652=IFCMATERIALPROFILESETUSAGE(#16887,5,$);
#18653=IFCRELDEFINESBYPROPERTIES('2WRqTx8KX0uObgGrnKoEyi',$,$,$,(#18645),#18654);
#18654=IFCPROPERTYSET('1NyZp8oHHAVOcItyF1XaSX',$,'EPset_Parametric',$,(#18655));
#18655=IFCPROPERTYSINGLEVALUE('Engine',$,IFCLABEL('Bonsai.DumbProfile'),$);
#18656=IFCPRODUCTDEFINITIONSHAPE($,$,(#18657,#18660));
#18657=IFCSHAPEREPRESENTATION(#12,'Axis','Curve3D',(#18658));
#18658=IFCINDEXEDPOLYCURVE(#18659,$,.F.);
#18659=IFCCARTESIANPOINTLIST3D(((0.,0.,0.),(0.,0.,3.)));
#18660=IFCSHAPEREPRESENTATION(#11,'Body','SweptSolid',(#18661));
#18661=IFCEXTRUDEDAREASOLID(#16886,#18662,#18666,3.);
#18662=IFCAXIS2PLACEMENT3D(#18663,#18664,#18665);
#18663=IFCCARTESIANPOINT((0.,0.,0.));
#18664=IFCDIRECTION((0.,0.,1.));
#18665=IFCDIRECTION((1.,0.,0.));
#18666=IFCDIRECTION((0.,0.,1.));
#18667=IFCCOLUMN('0fmUvVVf90aQXBcOWQln$N',$,'Column',$,$,#18693,#18678,$,$);
#18673=IFCRELDEFINESBYPROPERTIES('3qMZ$u$Yv9huQip5RH0_1D',$,$,$,(#18667),#18674);
#18674=IFCPROPERTYSET('2taXFlgpj2cg1CpRT34_IQ',$,'EPset_Parametric',$,(#18675));
#18675=IFCPROPERTYSINGLEVALUE('Engine',$,IFCLABEL('Bonsai.DumbProfile'),$);
#18676=IFCRELASSOCIATESMATERIAL('3psJbBfZD6pRlUo$jZWIS6',$,$,$,(#18667),#18677);
#18677=IFCMATERIALPROFILESETUSAGE(#16887,5,$);
#18678=IFCPRODUCTDEFINITIONSHAPE($,$,(#18679,#18682));
#18679=IFCSHAPEREPRESENTATION(#12,'Axis','Curve3D',(#18680));
#18680=IFCINDEXEDPOLYCURVE(#18681,$,.F.);
#18681=IFCCARTESIANPOINTLIST3D(((0.,0.,0.),(0.,0.,3.)));
#18682=IFCSHAPEREPRESENTATION(#11,'Body','SweptSolid',(#18683));
#18683=IFCEXTRUDEDAREASOLID(#16886,#18684,#18688,3.);
#18684=IFCAXIS2PLACEMENT3D(#18685,#18686,#18687);
#18685=IFCCARTESIANPOINT((0.,0.,0.));
#18686=IFCDIRECTION((0.,0.,1.));
#18687=IFCDIRECTION((1.,0.,0.));
#18688=IFCDIRECTION((0.,0.,1.));
#18689=IFCCARTESIANPOINT((0.21382331848144531,2.5999300479888916,0.));
#18690=IFCDIRECTION((0.,0.,1.));
#18691=IFCDIRECTION((1.,0.,0.));
#18692=IFCAXIS2PLACEMENT3D(#18689,#18690,#18691);
#18693=IFCLOCALPLACEMENT(#16749,#18692);
#18694=IFCCOLUMN('1vwYFAYnr17hjRqPUDwJpb',$,'Column',$,$,#18950,#18705,$,$);
#18700=IFCRELDEFINESBYPROPERTIES('3rOa8CNTbBPOLJdNKXp9MN',$,$,$,(#18694),#18701);
#18701=IFCPROPERTYSET('2PqBWIgBHChRiG_ZMJK8rl',$,'EPset_Parametric',$,(#18702));
#18702=IFCPROPERTYSINGLEVALUE('Engine',$,IFCLABEL('Bonsai.DumbProfile'),$);
#18703=IFCRELASSOCIATESMATERIAL('1RMkC$MTn39fvnhC7YR8V2',$,$,$,(#18694),#18704);
#18704=IFCMATERIALPROFILESETUSAGE(#16887,5,$);
#18705=IFCPRODUCTDEFINITIONSHAPE($,$,(#18706,#18709));
#18706=IFCSHAPEREPRESENTATION(#12,'Axis','Curve3D',(#18707));
#18707=IFCINDEXEDPOLYCURVE(#18708,$,.F.);
#18708=IFCCARTESIANPOINTLIST3D(((0.,0.,0.),(0.,0.,3.)));
#18709=IFCSHAPEREPRESENTATION(#11,'Body','SweptSolid',(#18710));
#18710=IFCEXTRUDEDAREASOLID(#16886,#18711,#18715,3.);
#18711=IFCAXIS2PLACEMENT3D(#18712,#18713,#18714);
#18712=IFCCARTESIANPOINT((0.,0.,0.));
#18713=IFCDIRECTION((0.,0.,1.));
#18714=IFCDIRECTION((1.,0.,0.));
#18715=IFCDIRECTION((0.,0.,1.));
#18716=IFCCOLUMN('1CQfnY0jjBcxUcLDemhdXp',$,'Column',$,$,#18955,#18727,$,$);
#18722=IFCRELDEFINESBYPROPERTIES('1u90e5jBb6iOh5XWkf4JVq',$,$,$,(#18716),#18723);
#18723=IFCPROPERTYSET('3_HxAeN2z3_wM2YFglkqDA',$,'EPset_Parametric',$,(#18724));
#18724=IFCPROPERTYSINGLEVALUE('Engine',$,IFCLABEL('Bonsai.DumbProfile'),$);
#18725=IFCRELASSOCIATESMATERIAL('1Q6YNT7WD2qO1E5vqmfs80',$,$,$,(#18716),#18726);
#18726=IFCMATERIALPROFILESETUSAGE(#16887,5,$);
#18727=IFCPRODUCTDEFINITIONSHAPE($,$,(#18728,#18731));
#18728=IFCSHAPEREPRESENTATION(#12,'Axis','Curve3D',(#18729));
#18729=IFCINDEXEDPOLYCURVE(#18730,$,.F.);
#18730=IFCCARTESIANPOINTLIST3D(((0.,0.,0.),(0.,0.,3.)));
#18731=IFCSHAPEREPRESENTATION(#11,'Body','SweptSolid',(#18732));
#18732=IFCEXTRUDEDAREASOLID(#16886,#18733,#18737,3.);
#18733=IFCAXIS2PLACEMENT3D(#18734,#18735,#18736);
#18734=IFCCARTESIANPOINT((0.,0.,0.));
#18735=IFCDIRECTION((0.,0.,1.));
#18736=IFCDIRECTION((1.,0.,0.));
#18737=IFCDIRECTION((0.,0.,1.));
#18738=IFCBEAM('1TJPo0CFn3d9ZuoeqzAbpV',$,'Beam',$,$,#18745,#18749,$,$);
#18739=IFCMATERIALPROFILESETUSAGE(#18046,7,$);
#18740=IFCRELASSOCIATESMATERIAL('394ZQAByL31BQATcHmmiEx',$,$,$,(#18738),#18739);
#18741=IFCCARTESIANPOINT((4.4774785041809082,6.2599315643310547,3.));
#18742=IFCDIRECTION((-0.99999999999996214,-1.9470716428772842E-07,1.9470717849858483E-07));
#18743=IFCDIRECTION((1.9470717849858713E-07,-0.99999999999997391,1.1920928955077814E-07));
#18744=IFCAXIS2PLACEMENT3D(#18741,#18742,#18743);
#18745=IFCLOCALPLACEMENT(#16749,#18744);
#18746=IFCCARTESIANPOINTLIST3D(((0.,0.,0.),(0.,0.,4.5000014834931363)));
#18747=IFCINDEXEDPOLYCURVE(#18746,$,.F.);
#18748=IFCSHAPEREPRESENTATION(#12,'Axis','Curve3D',(#18747));
#18749=IFCPRODUCTDEFINITIONSHAPE($,$,(#18748,#18756));
#18750=IFCCARTESIANPOINT((-0.25,-0.25,0.));
#18751=IFCDIRECTION((0.,0.,1.));
#18752=IFCDIRECTION((1.,0.,0.));
#18753=IFCAXIS2PLACEMENT3D(#18750,#18751,#18752);
#18754=IFCDIRECTION((0.,0.,1.));
#18755=IFCEXTRUDEDAREASOLID(#16886,#18753,#18754,4.5000014834931363);
#18756=IFCSHAPEREPRESENTATION(#11,'Body','SweptSolid',(#18755));
#18757=IFCPROPERTYSET('3j516YUp1FSgjz49xRj5uf',$,'EPset_Parametric',$,(#18759));
#18758=IFCRELDEFINESBYPROPERTIES('33hvUQt6H1CQUS6YNRIEpP',$,$,$,(#18738),#18757);
#18759=IFCPROPERTYSINGLEVALUE('Engine',$,IFCLABEL('Bonsai.DumbProfile'),$);
#18760=IFCBEAM('28GESP6RLEDANvaT21pM5S',$,'Beam',$,$,#18767,#18771,$,$);
#18761=IFCMATERIALPROFILESETUSAGE(#18046,7,$);
#18762=IFCRELASSOCIATESMATERIAL('38i$J3rCv95x4vJQt7_3aH',$,$,$,(#18760),#18761);
#18763=IFCCARTESIANPOINT((4.4774785041809082,6.7599315643310547,3.));
#18764=IFCDIRECTION((0.,-0.99999999999995071,3.1391648226021439E-07));
#18765=IFCDIRECTION((1.,0.,0.));
#18766=IFCAXIS2PLACEMENT3D(#18763,#18764,#18765);
#18767=IFCLOCALPLACEMENT(#16749,#18766);
#18768=IFCCARTESIANPOINTLIST3D(((0.,0.,0.),(0.,0.,9.6099998208957942)));
#18769=IFCINDEXEDPOLYCURVE(#18768,$,.F.);
#18770=IFCSHAPEREPRESENTATION(#12,'Axis','Curve3D',(#18769));
#18771=IFCPRODUCTDEFINITIONSHAPE($,$,(#18770,#18778));
#18772=IFCCARTESIANPOINT((-0.25,-0.25,0.));
#18773=IFCDIRECTION((0.,0.,1.));
#18774=IFCDIRECTION((1.,0.,0.));
#18775=IFCAXIS2PLACEMENT3D(#18772,#18773,#18774);
#18776=IFCDIRECTION((0.,0.,1.));
#18777=IFCEXTRUDEDAREASOLID(#16886,#18775,#18776,9.6099998208957942);
#18778=IFCSHAPEREPRESENTATION(#11,'Body','SweptSolid',(#18777));
#18779=IFCPROPERTYSET('1dGKZBzG97_fbrjhjLvlCN',$,'EPset_Parametric',$,(#18781));
#18780=IFCRELDEFINESBYPROPERTIES('3bBZAYZwb2Fhc7dBZriVVs',$,$,$,(#18760),#18779);
#18781=IFCPROPERTYSINGLEVALUE('Engine',$,IFCLABEL('Bonsai.DumbProfile'),$);
#18782=IFCBEAM('30q9jMt5DCOAiV$ILn1d6H',$,'Beam',$,$,#18789,#18793,$,$);
#18783=IFCMATERIALPROFILESETUSAGE(#18046,7,$);
#18784=IFCRELASSOCIATESMATERIAL('0kEwEK0LD0f84X4WXCwbUo',$,$,$,(#18782),#18783);
#18785=IFCCARTESIANPOINT((4.4774785041809082,4.7999310493469238,3.));
#18786=IFCDIRECTION((-0.99999999999996214,-1.9470716428772842E-07,1.9470717849858483E-07));
#18787=IFCDIRECTION((1.9470717849858713E-07,-0.99999999999997391,1.1920928955077814E-07));
#18788=IFCAXIS2PLACEMENT3D(#18785,#18786,#18787);
#18789=IFCLOCALPLACEMENT(#16749,#18788);
#18790=IFCCARTESIANPOINTLIST3D(((0.,0.,0.),(0.,0.,7.5100010630356691)));
#18791=IFCINDEXEDPOLYCURVE(#18790,$,.F.);
#18792=IFCSHAPEREPRESENTATION(#12,'Axis','Curve3D',(#18791));
#18793=IFCPRODUCTDEFINITIONSHAPE($,$,(#18792,#18800));
#18794=IFCCARTESIANPOINT((-0.25,-0.25,0.));
#18795=IFCDIRECTION((0.,0.,1.));
#18796=IFCDIRECTION((1.,0.,0.));
#18797=IFCAXIS2PLACEMENT3D(#18794,#18795,#18796);
#18798=IFCDIRECTION((0.,0.,1.));
#18799=IFCEXTRUDEDAREASOLID(#16886,#18797,#18798,7.5100010630356691);
#18800=IFCSHAPEREPRESENTATION(#11,'Body','SweptSolid',(#18799));
#18801=IFCPROPERTYSET('0duB_mSZjEhxUtJNnG6Egv',$,'EPset_Parametric',$,(#18803));
#18802=IFCRELDEFINESBYPROPERTIES('0RsZcDkDXDGwcj$a3qCskZ',$,$,$,(#18782),#18801);
#18803=IFCPROPERTYSINGLEVALUE('Engine',$,IFCLABEL('Bonsai.DumbProfile'),$);
#18804=IFCBEAM('1DfWRi94H1helQlGr6Me0t',$,'Beam',$,$,#18811,#18815,$,$);
#18805=IFCMATERIALPROFILESETUSAGE(#18046,7,$);
#18806=IFCRELASSOCIATESMATERIAL('2VVjC1WR9EDAkPK65xXo6p',$,$,$,(#18804),#18805);
#18807=IFCCARTESIANPOINT((4.4774785041809082,2.3499307632446289,3.));
#18808=IFCDIRECTION((-0.99999999999994782,-3.1391648226021349E-07,7.5497903158663417E-08));
#18809=IFCDIRECTION((3.1391648226021381E-07,-0.99999999999994893,-5.960465898624399E-08));
#18810=IFCAXIS2PLACEMENT3D(#18807,#18808,#18809);
#18811=IFCLOCALPLACEMENT(#16749,#18810);
#18812=IFCCARTESIANPOINTLIST3D(((0.,0.,0.),(0.,0.,7.5100010630358049)));
#18813=IFCINDEXEDPOLYCURVE(#18812,$,.F.);
#18814=IFCSHAPEREPRESENTATION(#12,'Axis','Curve3D',(#18813));
#18815=IFCPRODUCTDEFINITIONSHAPE($,$,(#18814,#18822));
#18816=IFCCARTESIANPOINT((-0.25,-0.25,0.));
#18817=IFCDIRECTION((0.,0.,1.));
#18818=IFCDIRECTION((1.,0.,0.));
#18819=IFCAXIS2PLACEMENT3D(#18816,#18817,#18818);
#18820=IFCDIRECTION((0.,0.,1.));
#18821=IFCEXTRUDEDAREASOLID(#16886,#18819,#18820,7.5100010630358049);
#18822=IFCSHAPEREPRESENTATION(#11,'Body','SweptSolid',(#18821));
#18823=IFCPROPERTYSET('0KgrZOTZj7SP6N76GYTyZR',$,'EPset_Parametric',$,(#18825));
#18824=IFCRELDEFINESBYPROPERTIES('3V3b44M9H6o9ZF2VQYfS5r',$,$,$,(#18804),#18823);
#18825=IFCPROPERTYSINGLEVALUE('Engine',$,IFCLABEL('Bonsai.DumbProfile'),$);
#18826=IFCBEAM('3AJq4K$8n1Buo_tQXxnUTq',$,'Beam',$,$,#18833,#18837,$,$);
#18827=IFCMATERIALPROFILESETUSAGE(#18046,7,$);
#18828=IFCRELASSOCIATESMATERIAL('3BRnz1R215jA$c2$0$sa7t',$,$,$,(#18826),#18827);
#18829=IFCCARTESIANPOINT((-2.5325226783752441,5.2999310493469238,3.));
#18830=IFCDIRECTION((0.,-0.99999999999999711,7.5497898658641179E-08));
#18831=IFCDIRECTION((1.,0.,0.));
#18832=IFCAXIS2PLACEMENT3D(#18829,#18830,#18831);
#18833=IFCLOCALPLACEMENT(#16749,#18832);
#18834=IFCCARTESIANPOINTLIST3D(((0.,0.,0.),(0.,0.,5.649999547637651)));
#18835=IFCINDEXEDPOLYCURVE(#18834,$,.F.);
#18836=IFCSHAPEREPRESENTATION(#12,'Axis','Curve3D',(#18835));
#18837=IFCPRODUCTDEFINITIONSHAPE($,$,(#18836,#18844));
#18838=IFCCARTESIANPOINT((-0.25,-0.25,0.));
#18839=IFCDIRECTION((0.,0.,1.));
#18840=IFCDIRECTION((1.,0.,0.));
#18841=IFCAXIS2PLACEMENT3D(#18838,#18839,#18840);
#18842=IFCDIRECTION((0.,0.,1.));
#18843=IFCEXTRUDEDAREASOLID(#16886,#18841,#18842,5.649999547637651);
#18844=IFCSHAPEREPRESENTATION(#11,'Body','SweptSolid',(#18843));
#18845=IFCPROPERTYSET('2PZlBEs013BQcEtZo2YG4P',$,'EPset_Parametric',$,(#18847));
#18846=IFCRELDEFINESBYPROPERTIES('3uuVDCTIz5XOeOdRbpLxg2',$,$,$,(#18826),#18845);
#18847=IFCPROPERTYSINGLEVALUE('Engine',$,IFCLABEL('Bonsai.DumbProfile'),$);
#18870=IFCBEAM('3jgsak9UX6$PLfjFBj9fAK',$,'Beam',$,$,#18877,#18881,$,$);
#18871=IFCMATERIALPROFILESETUSAGE(#18046,7,$);
#18872=IFCRELASSOCIATESMATERIAL('3r6kCkBSTCw9xW4pIFaulD',$,$,$,(#18870),#18871);
#18873=IFCCARTESIANPOINT((0.47747707366943359,6.7599315643310547,3.));
#18874=IFCDIRECTION((-0.001920355252612641,-0.99999815611610265,3.1391647376125113E-07));
#18875=IFCDIRECTION((0.99999815611614074,-0.0019203552584717684,5.7208299429798004E-10));
#18876=IFCAXIS2PLACEMENT3D(#18873,#18874,#18875);
#18877=IFCLOCALPLACEMENT(#16749,#18876);
#18878=IFCCARTESIANPOINTLIST3D(((0.,0.,0.),(0.,0.,7.1100137264062671)));
#18879=IFCINDEXEDPOLYCURVE(#18878,$,.F.);
#18880=IFCSHAPEREPRESENTATION(#12,'Axis','Curve3D',(#18879));
#18881=IFCPRODUCTDEFINITIONSHAPE($,$,(#18880,#18888));
#18882=IFCCARTESIANPOINT((-0.25,-0.25,0.));
#18883=IFCDIRECTION((0.,0.,1.));
#18884=IFCDIRECTION((1.,0.,0.));
#18885=IFCAXIS2PLACEMENT3D(#18882,#18883,#18884);
#18886=IFCDIRECTION((0.,0.,1.));
#18887=IFCEXTRUDEDAREASOLID(#16886,#18885,#18886,7.1100137264062671);
#18888=IFCSHAPEREPRESENTATION(#11,'Body','SweptSolid',(#18887));
#18889=IFCPROPERTYSET('1dbZONDt13ne2sE2i7Ysjd',$,'EPset_Parametric',$,(#18891));
#18890=IFCRELDEFINESBYPROPERTIES('0c8DxvGZr97BccvRoLvThd',$,$,$,(#18870),#18889);
#18891=IFCPROPERTYSINGLEVALUE('Engine',$,IFCLABEL('Bonsai.DumbProfile'),$);
#18892=IFCBEAM('1t5OrNELb2XQX8usYDBskH',$,'Beam',$,$,#18899,#18903,$,$);
#18893=IFCMATERIALPROFILESETUSAGE(#18046,7,$);
#18894=IFCRELASSOCIATESMATERIAL('3j5HsVMwfF6A6Hc5qAKqmq',$,$,$,(#18892),#18893);
#18895=IFCCARTESIANPOINT((-3.0325226783752441,0.14993143081665039,3.));
#18896=IFCDIRECTION((0.99999999999996214,-1.9470716428772842E-07,1.9470717849858483E-07));
#18897=IFCDIRECTION((1.9470717849858713E-07,0.99999999999997391,-1.1920928955077814E-07));
#18898=IFCAXIS2PLACEMENT3D(#18895,#18896,#18897);
#18899=IFCLOCALPLACEMENT(#16749,#18898);
#18900=IFCCARTESIANPOINTLIST3D(((0.,0.,0.),(0.,0.,7.5100010630356691)));
#18901=IFCINDEXEDPOLYCURVE(#18900,$,.F.);
#18902=IFCSHAPEREPRESENTATION(#12,'Axis','Curve3D',(#18901));
#18903=IFCPRODUCTDEFINITIONSHAPE($,$,(#18902,#18910));
#18904=IFCCARTESIANPOINT((-0.25,-0.25,0.));
#18905=IFCDIRECTION((0.,0.,1.));
#18906=IFCDIRECTION((1.,0.,0.));
#18907=IFCAXIS2PLACEMENT3D(#18904,#18905,#18906);
#18908=IFCDIRECTION((0.,0.,1.));
#18909=IFCEXTRUDEDAREASOLID(#16886,#18907,#18908,7.5100010630356691);
#18910=IFCSHAPEREPRESENTATION(#11,'Body','SweptSolid',(#18909));
#18911=IFCPROPERTYSET('33wpdgeZv8S8vxfoSQgE_Z',$,'EPset_Parametric',$,(#18913));
#18912=IFCRELDEFINESBYPROPERTIES('3$v3uSCqv2QRKOaB9azDG4',$,$,$,(#18892),#18911);
#18913=IFCPROPERTYSINGLEVALUE('Engine',$,IFCLABEL('Bonsai.DumbProfile'),$);
#18914=IFCCOLUMN('2Ne7GbCmz42gyKTW_Mo_WN',$,'Column',$,$,#18960,#18925,$,$);
#18920=IFCRELDEFINESBYPROPERTIES('2fKTZoMT5BSBBM9vDj5G9f',$,$,$,(#18914),#18921);
#18921=IFCPROPERTYSET('0GiPR5l35DAedbeQ_X7rnF',$,'EPset_Parametric',$,(#18922));
#18922=IFCPROPERTYSINGLEVALUE('Engine',$,IFCLABEL('Bonsai.DumbProfile'),$);
#18923=IFCRELASSOCIATESMATERIAL('1DiG9zLFj2t9lX581zu4Jd',$,$,$,(#18914),#18924);
#18924=IFCMATERIALPROFILESETUSAGE(#16887,5,$);
#18925=IFCPRODUCTDEFINITIONSHAPE($,$,(#18926,#18929));
#18926=IFCSHAPEREPRESENTATION(#12,'Axis','Curve3D',(#18927));
#18927=IFCINDEXEDPOLYCURVE(#18928,$,.F.);
#18928=IFCCARTESIANPOINTLIST3D(((0.,0.,0.),(0.,0.,3.)));
#18929=IFCSHAPEREPRESENTATION(#11,'Body','SweptSolid',(#18930));
#18930=IFCEXTRUDEDAREASOLID(#16886,#18931,#18935,3.);
#18931=IFCAXIS2PLACEMENT3D(#18932,#18933,#18934);
#18932=IFCCARTESIANPOINT((0.,0.,0.));
#18933=IFCDIRECTION((0.,0.,1.));
#18934=IFCDIRECTION((1.,0.,0.));
#18935=IFCDIRECTION((0.,0.,1.));
#18936=IFCCARTESIANPOINT((4.2274785041809082,-2.6000680923461914,0.));
#18937=IFCDIRECTION((0.,0.,1.));
#18938=IFCDIRECTION((1.,0.,0.));
#18939=IFCAXIS2PLACEMENT3D(#18936,#18937,#18938);
#18940=IFCLOCALPLACEMENT(#16749,#18939);
#18941=IFCCARTESIANPOINT((-2.7825226783752441,-0.10006856918334961,0.));
#18942=IFCDIRECTION((0.,0.,1.));
#18943=IFCDIRECTION((1.,0.,0.));
#18944=IFCAXIS2PLACEMENT3D(#18941,#18942,#18943);
#18945=IFCLOCALPLACEMENT(#16749,#18944);
#18946=IFCCARTESIANPOINT((0.21382331848144531,-0.10006928443908691,0.));
#18947=IFCDIRECTION((0.,0.,1.));
#18948=IFCDIRECTION((1.,0.,0.));
#18949=IFCAXIS2PLACEMENT3D(#18946,#18947,#18948);
#18950=IFCLOCALPLACEMENT(#16749,#18949);
#18951=IFCCARTESIANPOINT((0.22747707366943359,6.5099315643310547,0.));
#18952=IFCDIRECTION((0.,0.,1.));
#18953=IFCDIRECTION((1.,0.,0.));
#18954=IFCAXIS2PLACEMENT3D(#18951,#18952,#18953);
#18955=IFCLOCALPLACEMENT(#16749,#18954);
#18956=IFCCARTESIANPOINT((-2.7825217247009277,-2.600071907043457,0.));
#18957=IFCDIRECTION((0.,0.,1.));
#18958=IFCDIRECTION((1.,0.,0.));
#18959=IFCAXIS2PLACEMENT3D(#18956,#18957,#18958);
#18960=IFCLOCALPLACEMENT(#79,#18959);
ENDSEC;
END-ISO-10303-21;
